ISO-10303-21;
HEADER;
FILE_DESCRIPTION(('Open CASCADE Model'),'2;1');
FILE_NAME('Open CASCADE Shape Model','2026-05-17T04:40:29',('Author'),(
    'Open CASCADE'),'Open CASCADE STEP processor 7.8','Open CASCADE 7.8'
  ,'Unknown');
FILE_SCHEMA(('AUTOMOTIVE_DESIGN { 1 0 10303 214 1 1 1 1 }'));
ENDSEC;
DATA;
#1 = APPLICATION_PROTOCOL_DEFINITION('international standard',
  'automotive_design',2000,#2);
#2 = APPLICATION_CONTEXT(
  'core data for automotive mechanical design processes');
#3 = SHAPE_DEFINITION_REPRESENTATION(#4,#10);
#4 = PRODUCT_DEFINITION_SHAPE('','',#5);
#5 = PRODUCT_DEFINITION('design','',#6,#9);
#6 = PRODUCT_DEFINITION_FORMATION('','',#7);
#7 = PRODUCT('Open CASCADE STEP translator 7.8 1',
  'Open CASCADE STEP translator 7.8 1','',(#8));
#8 = PRODUCT_CONTEXT('',#2,'mechanical');
#9 = PRODUCT_DEFINITION_CONTEXT('part definition',#2,'design');
#10 = SHAPE_REPRESENTATION('',(#11,#15,#19,#23,#27),#31);
#11 = AXIS2_PLACEMENT_3D('',#12,#13,#14);
#12 = CARTESIAN_POINT('',(0.,0.,0.));
#13 = DIRECTION('',(0.,0.,1.));
#14 = DIRECTION('',(1.,0.,-0.));
#15 = AXIS2_PLACEMENT_3D('',#16,#17,#18);
#16 = CARTESIAN_POINT('',(0.,0.,0.));
#17 = DIRECTION('',(0.,0.,1.));
#18 = DIRECTION('',(1.,0.,-0.));
#19 = AXIS2_PLACEMENT_3D('',#20,#21,#22);
#20 = CARTESIAN_POINT('',(0.,0.,0.));
#21 = DIRECTION('',(0.,0.,1.));
#22 = DIRECTION('',(1.,0.,-0.));
#23 = AXIS2_PLACEMENT_3D('',#24,#25,#26);
#24 = CARTESIAN_POINT('',(0.,0.,0.));
#25 = DIRECTION('',(0.,0.,1.));
#26 = DIRECTION('',(1.,0.,-0.));
#27 = AXIS2_PLACEMENT_3D('',#28,#29,#30);
#28 = CARTESIAN_POINT('',(0.,0.,0.));
#29 = DIRECTION('',(0.,0.,1.));
#30 = DIRECTION('',(1.,0.,-0.));
#31 = ( GEOMETRIC_REPRESENTATION_CONTEXT(3) 
GLOBAL_UNCERTAINTY_ASSIGNED_CONTEXT((#35)) GLOBAL_UNIT_ASSIGNED_CONTEXT(
(#32,#33,#34)) REPRESENTATION_CONTEXT('Context #1',
  '3D Context with UNIT and UNCERTAINTY') );
#32 = ( LENGTH_UNIT() NAMED_UNIT(*) SI_UNIT(.MILLI.,.METRE.) );
#33 = ( NAMED_UNIT(*) PLANE_ANGLE_UNIT() SI_UNIT($,.RADIAN.) );
#34 = ( NAMED_UNIT(*) SI_UNIT($,.STERADIAN.) SOLID_ANGLE_UNIT() );
#35 = UNCERTAINTY_MEASURE_WITH_UNIT(LENGTH_MEASURE(2.E-05),#32,
  'distance_accuracy_value','confusion accuracy');
#36 = PRODUCT_RELATED_PRODUCT_CATEGORY('part',$,(#7));
#37 = SHAPE_DEFINITION_REPRESENTATION(#38,#44);
#38 = PRODUCT_DEFINITION_SHAPE('','',#39);
#39 = PRODUCT_DEFINITION('design','',#40,#43);
#40 = PRODUCT_DEFINITION_FORMATION('','',#41);
#41 = PRODUCT('Open CASCADE STEP translator 7.8 1.1',
  'Open CASCADE STEP translator 7.8 1.1','',(#42));
#42 = PRODUCT_CONTEXT('',#2,'mechanical');
#43 = PRODUCT_DEFINITION_CONTEXT('part definition',#2,'design');
#44 = ADVANCED_BREP_SHAPE_REPRESENTATION('',(#11,#45),#215);
#45 = MANIFOLD_SOLID_BREP('',#46);
#46 = CLOSED_SHELL('',(#47,#207,#211));
#47 = ADVANCED_FACE('',(#48),#62,.T.);
#48 = FACE_BOUND('',#49,.T.);
#49 = EDGE_LOOP('',(#50,#80,#103,#130,#131,#132,#155,#178,#205,#206));
#50 = ORIENTED_EDGE('',*,*,#51,.T.);
#51 = EDGE_CURVE('',#52,#54,#56,.T.);
#52 = VERTEX_POINT('',#53);
#53 = CARTESIAN_POINT('',(12.7,0.,-33.01999884479));
#54 = VERTEX_POINT('',#55);
#55 = CARTESIAN_POINT('',(12.7,-1.7763568394E-15,-45.72));
#56 = SEAM_CURVE('',#57,(#61,#73),.PCURVE_S1.);
#57 = LINE('',#58,#59);
#58 = CARTESIAN_POINT('',(12.7,0.,0.));
#59 = VECTOR('',#60,1.);
#60 = DIRECTION('',(-0.,-0.,-1.));
#61 = PCURVE('',#62,#67);
#62 = CYLINDRICAL_SURFACE('',#63,12.7);
#63 = AXIS2_PLACEMENT_3D('',#64,#65,#66);
#64 = CARTESIAN_POINT('',(0.,0.,0.));
#65 = DIRECTION('',(0.,0.,1.));
#66 = DIRECTION('',(1.,0.,0.));
#67 = DEFINITIONAL_REPRESENTATION('',(#68),#72);
#68 = LINE('',#69,#70);
#69 = CARTESIAN_POINT('',(0.,0.));
#70 = VECTOR('',#71,1.);
#71 = DIRECTION('',(0.,-1.));
#72 = ( GEOMETRIC_REPRESENTATION_CONTEXT(2) 
PARAMETRIC_REPRESENTATION_CONTEXT() REPRESENTATION_CONTEXT('2D SPACE',''
  ) );
#73 = PCURVE('',#62,#74);
#74 = DEFINITIONAL_REPRESENTATION('',(#75),#79);
#75 = LINE('',#76,#77);
#76 = CARTESIAN_POINT('',(6.28318530718,0.));
#77 = VECTOR('',#78,1.);
#78 = DIRECTION('',(0.,-1.));
#79 = ( GEOMETRIC_REPRESENTATION_CONTEXT(2) 
PARAMETRIC_REPRESENTATION_CONTEXT() REPRESENTATION_CONTEXT('2D SPACE',''
  ) );
#80 = ORIENTED_EDGE('',*,*,#81,.T.);
#81 = EDGE_CURVE('',#54,#82,#84,.T.);
#82 = VERTEX_POINT('',#83);
#83 = CARTESIAN_POINT('',(12.7,0.,-50.8));
#84 = SEAM_CURVE('',#85,(#89,#96),.PCURVE_S1.);
#85 = LINE('',#86,#87);
#86 = CARTESIAN_POINT('',(12.7,0.,0.));
#87 = VECTOR('',#88,1.);
#88 = DIRECTION('',(-0.,-0.,-1.));
#89 = PCURVE('',#62,#90);
#90 = DEFINITIONAL_REPRESENTATION('',(#91),#95);
#91 = LINE('',#92,#93);
#92 = CARTESIAN_POINT('',(6.28318530718,0.));
#93 = VECTOR('',#94,1.);
#94 = DIRECTION('',(0.,-1.));
#95 = ( GEOMETRIC_REPRESENTATION_CONTEXT(2) 
PARAMETRIC_REPRESENTATION_CONTEXT() REPRESENTATION_CONTEXT('2D SPACE',''
  ) );
#96 = PCURVE('',#62,#97);
#97 = DEFINITIONAL_REPRESENTATION('',(#98),#102);
#98 = LINE('',#99,#100);
#99 = CARTESIAN_POINT('',(0.,0.));
#100 = VECTOR('',#101,1.);
#101 = DIRECTION('',(0.,-1.));
#102 = ( GEOMETRIC_REPRESENTATION_CONTEXT(2) 
PARAMETRIC_REPRESENTATION_CONTEXT() REPRESENTATION_CONTEXT('2D SPACE',''
  ) );
#103 = ORIENTED_EDGE('',*,*,#104,.T.);
#104 = EDGE_CURVE('',#82,#82,#105,.T.);
#105 = SURFACE_CURVE('',#106,(#111,#118),.PCURVE_S1.);
#106 = CIRCLE('',#107,12.7);
#107 = AXIS2_PLACEMENT_3D('',#108,#109,#110);
#108 = CARTESIAN_POINT('',(0.,0.,-50.8));
#109 = DIRECTION('',(0.,0.,1.));
#110 = DIRECTION('',(1.,0.,0.));
#111 = PCURVE('',#62,#112);
#112 = DEFINITIONAL_REPRESENTATION('',(#113),#117);
#113 = LINE('',#114,#115);
#114 = CARTESIAN_POINT('',(0.,-50.8));
#115 = VECTOR('',#116,1.);
#116 = DIRECTION('',(1.,0.));
#117 = ( GEOMETRIC_REPRESENTATION_CONTEXT(2) 
PARAMETRIC_REPRESENTATION_CONTEXT() REPRESENTATION_CONTEXT('2D SPACE',''
  ) );
#118 = PCURVE('',#119,#124);
#119 = PLANE('',#120);
#120 = AXIS2_PLACEMENT_3D('',#121,#122,#123);
#121 = CARTESIAN_POINT('',(0.,1.204325410458E-15,-50.8));
#122 = DIRECTION('',(0.,0.,1.));
#123 = DIRECTION('',(1.,0.,-0.));
#124 = DEFINITIONAL_REPRESENTATION('',(#125),#129);
#125 = CIRCLE('',#126,12.7);
#126 = AXIS2_PLACEMENT_2D('',#127,#128);
#127 = CARTESIAN_POINT('',(0.,-1.204325410458E-15));
#128 = DIRECTION('',(1.,0.));
#129 = ( GEOMETRIC_REPRESENTATION_CONTEXT(2) 
PARAMETRIC_REPRESENTATION_CONTEXT() REPRESENTATION_CONTEXT('2D SPACE',''
  ) );
#130 = ORIENTED_EDGE('',*,*,#81,.F.);
#131 = ORIENTED_EDGE('',*,*,#51,.F.);
#132 = ORIENTED_EDGE('',*,*,#133,.F.);
#133 = EDGE_CURVE('',#134,#52,#136,.T.);
#134 = VERTEX_POINT('',#135);
#135 = CARTESIAN_POINT('',(12.7,0.,-7.620000052526));
#136 = SEAM_CURVE('',#137,(#141,#148),.PCURVE_S1.);
#137 = LINE('',#138,#139);
#138 = CARTESIAN_POINT('',(12.7,0.,0.));
#139 = VECTOR('',#140,1.);
#140 = DIRECTION('',(-0.,-0.,-1.));
#141 = PCURVE('',#62,#142);
#142 = DEFINITIONAL_REPRESENTATION('',(#143),#147);
#143 = LINE('',#144,#145);
#144 = CARTESIAN_POINT('',(0.,0.));
#145 = VECTOR('',#146,1.);
#146 = DIRECTION('',(0.,-1.));
#147 = ( GEOMETRIC_REPRESENTATION_CONTEXT(2) 
PARAMETRIC_REPRESENTATION_CONTEXT() REPRESENTATION_CONTEXT('2D SPACE',''
  ) );
#148 = PCURVE('',#62,#149);
#149 = DEFINITIONAL_REPRESENTATION('',(#150),#154);
#150 = LINE('',#151,#152);
#151 = CARTESIAN_POINT('',(6.28318530718,0.));
#152 = VECTOR('',#153,1.);
#153 = DIRECTION('',(0.,-1.));
#154 = ( GEOMETRIC_REPRESENTATION_CONTEXT(2) 
PARAMETRIC_REPRESENTATION_CONTEXT() REPRESENTATION_CONTEXT('2D SPACE',''
  ) );
#155 = ORIENTED_EDGE('',*,*,#156,.F.);
#156 = EDGE_CURVE('',#157,#134,#159,.T.);
#157 = VERTEX_POINT('',#158);
#158 = CARTESIAN_POINT('',(12.7,0.,0.));
#159 = SEAM_CURVE('',#160,(#164,#171),.PCURVE_S1.);
#160 = LINE('',#161,#162);
#161 = CARTESIAN_POINT('',(12.7,0.,0.));
#162 = VECTOR('',#163,1.);
#163 = DIRECTION('',(-0.,-0.,-1.));
#164 = PCURVE('',#62,#165);
#165 = DEFINITIONAL_REPRESENTATION('',(#166),#170);
#166 = LINE('',#167,#168);
#167 = CARTESIAN_POINT('',(0.,0.));
#168 = VECTOR('',#169,1.);
#169 = DIRECTION('',(0.,-1.));
#170 = ( GEOMETRIC_REPRESENTATION_CONTEXT(2) 
PARAMETRIC_REPRESENTATION_CONTEXT() REPRESENTATION_CONTEXT('2D SPACE',''
  ) );
#171 = PCURVE('',#62,#172);
#172 = DEFINITIONAL_REPRESENTATION('',(#173),#177);
#173 = LINE('',#174,#175);
#174 = CARTESIAN_POINT('',(6.28318530718,0.));
#175 = VECTOR('',#176,1.);
#176 = DIRECTION('',(0.,-1.));
#177 = ( GEOMETRIC_REPRESENTATION_CONTEXT(2) 
PARAMETRIC_REPRESENTATION_CONTEXT() REPRESENTATION_CONTEXT('2D SPACE',''
  ) );
#178 = ORIENTED_EDGE('',*,*,#179,.F.);
#179 = EDGE_CURVE('',#157,#157,#180,.T.);
#180 = SURFACE_CURVE('',#181,(#186,#193),.PCURVE_S1.);
#181 = CIRCLE('',#182,12.7);
#182 = AXIS2_PLACEMENT_3D('',#183,#184,#185);
#183 = CARTESIAN_POINT('',(0.,0.,0.));
#184 = DIRECTION('',(0.,0.,1.));
#185 = DIRECTION('',(1.,0.,0.));
#186 = PCURVE('',#62,#187);
#187 = DEFINITIONAL_REPRESENTATION('',(#188),#192);
#188 = LINE('',#189,#190);
#189 = CARTESIAN_POINT('',(0.,0.));
#190 = VECTOR('',#191,1.);
#191 = DIRECTION('',(1.,0.));
#192 = ( GEOMETRIC_REPRESENTATION_CONTEXT(2) 
PARAMETRIC_REPRESENTATION_CONTEXT() REPRESENTATION_CONTEXT('2D SPACE',''
  ) );
#193 = PCURVE('',#194,#199);
#194 = PLANE('',#195);
#195 = AXIS2_PLACEMENT_3D('',#196,#197,#198);
#196 = CARTESIAN_POINT('',(0.,1.204325410458E-15,0.));
#197 = DIRECTION('',(0.,0.,1.));
#198 = DIRECTION('',(1.,0.,-0.));
#199 = DEFINITIONAL_REPRESENTATION('',(#200),#204);
#200 = CIRCLE('',#201,12.7);
#201 = AXIS2_PLACEMENT_2D('',#202,#203);
#202 = CARTESIAN_POINT('',(0.,-1.204325410458E-15));
#203 = DIRECTION('',(1.,0.));
#204 = ( GEOMETRIC_REPRESENTATION_CONTEXT(2) 
PARAMETRIC_REPRESENTATION_CONTEXT() REPRESENTATION_CONTEXT('2D SPACE',''
  ) );
#205 = ORIENTED_EDGE('',*,*,#156,.T.);
#206 = ORIENTED_EDGE('',*,*,#133,.T.);
#207 = ADVANCED_FACE('',(#208),#194,.T.);
#208 = FACE_BOUND('',#209,.T.);
#209 = EDGE_LOOP('',(#210));
#210 = ORIENTED_EDGE('',*,*,#179,.T.);
#211 = ADVANCED_FACE('',(#212),#119,.F.);
#212 = FACE_BOUND('',#213,.F.);
#213 = EDGE_LOOP('',(#214));
#214 = ORIENTED_EDGE('',*,*,#104,.T.);
#215 = ( GEOMETRIC_REPRESENTATION_CONTEXT(3) 
GLOBAL_UNCERTAINTY_ASSIGNED_CONTEXT((#219)) GLOBAL_UNIT_ASSIGNED_CONTEXT
((#216,#217,#218)) REPRESENTATION_CONTEXT('Context #1',
  '3D Context with UNIT and UNCERTAINTY') );
#216 = ( LENGTH_UNIT() NAMED_UNIT(*) SI_UNIT(.MILLI.,.METRE.) );
#217 = ( NAMED_UNIT(*) PLANE_ANGLE_UNIT() SI_UNIT($,.RADIAN.) );
#218 = ( NAMED_UNIT(*) SI_UNIT($,.STERADIAN.) SOLID_ANGLE_UNIT() );
#219 = UNCERTAINTY_MEASURE_WITH_UNIT(LENGTH_MEASURE(2.E-05),#216,
  'distance_accuracy_value','confusion accuracy');
#220 = CONTEXT_DEPENDENT_SHAPE_REPRESENTATION(#221,#223);
#221 = ( REPRESENTATION_RELATIONSHIP('','',#44,#10) 
REPRESENTATION_RELATIONSHIP_WITH_TRANSFORMATION(#222) 
SHAPE_REPRESENTATION_RELATIONSHIP() );
#222 = ITEM_DEFINED_TRANSFORMATION('','',#11,#15);
#223 = PRODUCT_DEFINITION_SHAPE('Placement','Placement of an item',#224
  );
#224 = NEXT_ASSEMBLY_USAGE_OCCURRENCE('1','','',#5,#39,$);
#225 = PRODUCT_RELATED_PRODUCT_CATEGORY('part',$,(#41));
#226 = SHAPE_DEFINITION_REPRESENTATION(#227,#233);
#227 = PRODUCT_DEFINITION_SHAPE('','',#228);
#228 = PRODUCT_DEFINITION('design','',#229,#232);
#229 = PRODUCT_DEFINITION_FORMATION('','',#230);
#230 = PRODUCT('Open CASCADE STEP translator 7.8 1.2',
  'Open CASCADE STEP translator 7.8 1.2','',(#231));
#231 = PRODUCT_CONTEXT('',#2,'mechanical');
#232 = PRODUCT_DEFINITION_CONTEXT('part definition',#2,'design');
#233 = ADVANCED_BREP_SHAPE_REPRESENTATION('',(#11,#234),#3078);
#234 = MANIFOLD_SOLID_BREP('',#235);
#235 = CLOSED_SHELL('',(#236,#1805,#1866,#1938,#2299,#2467,#2718,#2851,
    #2896,#3029,#3056,#3066,#3070,#3074));
#236 = ADVANCED_FACE('',(#237),#337,.F.);
#237 = FACE_BOUND('',#238,.F.);
#238 = EDGE_LOOP('',(#239,#708,#734,#1022,#1048,#1336,#1451,#1739,#1773)
  );
#239 = ORIENTED_EDGE('',*,*,#240,.F.);
#240 = EDGE_CURVE('',#241,#243,#245,.T.);
#241 = VERTEX_POINT('',#242);
#242 = CARTESIAN_POINT('',(14.2875,-3.706777854599E-15,454.81875));
#243 = VERTEX_POINT('',#244);
#244 = CARTESIAN_POINT('',(13.800691164538,3.697869040682,457.2));
#245 = SURFACE_CURVE('',#246,(#336,#522),.PCURVE_S1.);
#246 = B_SPLINE_CURVE_WITH_KNOTS('',11,(#247,#248,#249,#250,#251,#252,
    #253,#254,#255,#256,#257,#258,#259,#260,#261,#262,#263,#264,#265,
    #266,#267,#268,#269,#270,#271,#272,#273,#274,#275,#276,#277,#278,
    #279,#280,#281,#282,#283,#284,#285,#286,#287,#288,#289,#290,#291,
    #292,#293,#294,#295,#296,#297,#298,#299,#300,#301,#302,#303,#304,
    #305,#306,#307,#308,#309,#310,#311,#312,#313,#314,#315,#316,#317,
    #318,#319,#320,#321,#322,#323,#324,#325,#326,#327,#328,#329,#330,
    #331,#332,#333,#334,#335),.UNSPECIFIED.,.F.,.F.,(12,11,11,11,11,11,
    11,11,12),(0.,57.494355528211,114.98871105642,172.48306658463,
    229.97742211284,287.47177764105,344.96613316926,402.46048869747,
    459.95484422569),.PIECEWISE_BEZIER_KNOTS.);
#247 = CARTESIAN_POINT('',(14.2875,-3.706777854599E-15,454.81875));
#248 = CARTESIAN_POINT('',(14.287497450735,8.160969500838,
    460.01421389275));
#249 = CARTESIAN_POINT('',(9.160894356209,16.32198022274,465.20963303437
    ));
#250 = CARTESIAN_POINT('',(-1.1029272197,20.904256889108,470.40520338672
    ));
#251 = CARTESIAN_POINT('',(-13.64185847484,18.318534821434,
    475.6003880744));
#252 = CARTESIAN_POINT('',(-22.99107357343,7.552973848902,
    480.79628448551));
#253 = CARTESIAN_POINT('',(-22.99113441857,-7.552988143411,
    485.99122480188));
#254 = CARTESIAN_POINT('',(-13.64183108354,-18.31849892693,
    491.18710428392));
#255 = CARTESIAN_POINT('',(-1.102932842549,-20.9042813699,
    496.38231614381));
#256 = CARTESIAN_POINT('',(9.160888495281,-16.32197142664,
    501.57785842379));
#257 = CARTESIAN_POINT('',(14.287497879485,-8.160974776109,
    506.77329945755));
#258 = CARTESIAN_POINT('',(14.287499999968,-4.69596751275E-11,
    511.96875000011));
#259 = CARTESIAN_POINT('',(14.287497450891,8.160969500998,
    517.16421389227));
#260 = CARTESIAN_POINT('',(9.160894355728,16.321980222403,522.3596330356
    ));
#261 = CARTESIAN_POINT('',(-1.102927218698,20.904256889648,
    527.5552033844));
#262 = CARTESIAN_POINT('',(-13.64185847632,18.318534820701,
    532.75038807776));
#263 = CARTESIAN_POINT('',(-22.99107357186,7.55297384979,537.9462844817)
  );
#264 = CARTESIAN_POINT('',(-22.99113441978,-7.552988144347,
    543.14122480528));
#265 = CARTESIAN_POINT('',(-13.64183108285,-18.31849892612,
    548.33710428152));
#266 = CARTESIAN_POINT('',(-1.102932842844,-20.90428137043,
    553.53231614516));
#267 = CARTESIAN_POINT('',(9.160888495386,-16.32197142639,
    558.72785842321));
#268 = CARTESIAN_POINT('',(14.287497879453,-8.160974776183,
    563.92329945772));
#269 = CARTESIAN_POINT('',(14.287499999971,-4.115832482203E-11,
    569.1187500001));
#270 = CARTESIAN_POINT('',(14.287497450873,8.16096950099,574.31421389232
    ));
#271 = CARTESIAN_POINT('',(9.160894355784,16.321980222358,
    579.50963303553));
#272 = CARTESIAN_POINT('',(-1.102927218796,20.904256889881,
    584.70520338435));
#273 = CARTESIAN_POINT('',(-13.64185847625,18.31853482012,
    589.90038807826));
#274 = CARTESIAN_POINT('',(-22.99107357176,7.552973850773,
    595.09628448042));
#275 = CARTESIAN_POINT('',(-22.99113442014,-7.552988145583,
    600.29122480738));
#276 = CARTESIAN_POINT('',(-13.64183108228,-18.31849892491,
    605.48710427901));
#277 = CARTESIAN_POINT('',(-1.102932843447,-20.90428137139,
    610.68231614743));
#278 = CARTESIAN_POINT('',(9.160888495844,-16.32197142576,
    615.87785842161));
#279 = CARTESIAN_POINT('',(14.287497879197,-8.160974776528,
    621.0732994586));
#280 = CARTESIAN_POINT('',(14.287500000075,1.127337962859E-10,
    626.26874999973));
#281 = CARTESIAN_POINT('',(14.287497450367,8.160969500415,
    631.46421389388));
#282 = CARTESIAN_POINT('',(9.160894357328,16.321980223681,
    636.65963303146));
#283 = CARTESIAN_POINT('',(-1.102927222014,20.904256887528,
    641.85520339218));
#284 = CARTESIAN_POINT('',(-13.64185847147,18.318534823642,
    647.05038806647));
#285 = CARTESIAN_POINT('',(-22.99107357695,7.552973846251,
    652.24628449458));
#286 = CARTESIAN_POINT('',(-22.99113441594,-7.55298814073,
    657.44122479363));
#287 = CARTESIAN_POINT('',(-13.64183108493,-18.3184989291,
    662.63710428985));
#288 = CARTESIAN_POINT('',(-1.102932842025,-20.90428136858,
    667.83231614053));
#289 = CARTESIAN_POINT('',(9.160888495131,-16.32197142718,
    673.02785842509));
#290 = CARTESIAN_POINT('',(14.28749787951,-8.160974775999,
    678.22329945728));
#291 = CARTESIAN_POINT('',(14.287499999987,-1.879448357374E-11,
    683.41875000003));
#292 = CARTESIAN_POINT('',(14.287497337806,8.160969337204,
    688.61421430687));
#293 = CARTESIAN_POINT('',(9.160894858116,16.321980950151,
    693.80963119363));
#294 = CARTESIAN_POINT('',(-1.102928577382,20.904254921248,
    699.00520836627));
#295 = CARTESIAN_POINT('',(-13.64185575498,18.318538763676,
    704.20037809885));
#296 = CARTESIAN_POINT('',(-22.99107789233,7.552967589346,
    709.39630032511));
#297 = CARTESIAN_POINT('',(-22.99112880967,-7.552980014938,
    714.59120423248));
#298 = CARTESIAN_POINT('',(-13.64183713104,-18.31850769025,
    719.78712646044));
#299 = CARTESIAN_POINT('',(-1.102927401064,-20.90427348531,
    724.98229619056));
#300 = CARTESIAN_POINT('',(9.160884420424,-16.32197733074,
    730.17787336531));
#301 = CARTESIAN_POINT('',(14.287500390381,-8.160971138138,
    735.37329025086));
#302 = CARTESIAN_POINT('',(14.287498756874,-1.801115660895E-06,
    740.56875455813));
#303 = CARTESIAN_POINT('',(14.287499961686,8.160973138866,
    745.76420468588));
#304 = CARTESIAN_POINT('',(9.160890281213,16.321974318672,
    750.95964797602));
#305 = CARTESIAN_POINT('',(-1.102921777771,20.904264773399,
    756.1551834335));
#306 = CARTESIAN_POINT('',(-13.64186452348,18.318526058796,
    761.35041025083));
#307 = CARTESIAN_POINT('',(-22.99106796246,7.55298197648,766.54626391578
    ));
#308 = CARTESIAN_POINT('',(-22.9911387402,-7.552994402321,
    771.74124064278));
#309 = CARTESIAN_POINT('',(-13.641828361,-18.31849498468,776.93709430599
    ));
#310 = CARTESIAN_POINT('',(-1.102934202224,-20.9042833384,
    782.13232112625));
#311 = CARTESIAN_POINT('',(9.160888998354,-16.32197069836,
    787.32785658049));
#312 = CARTESIAN_POINT('',(14.287497765991,-8.160974940421,
    792.52329987338));
#313 = CARTESIAN_POINT('',(14.287500000194,2.914560155116E-10,
    797.7187499993));
#314 = CARTESIAN_POINT('',(14.287497449879,8.16096949988,802.91421389533
    ));
#315 = CARTESIAN_POINT('',(9.160894358692,16.321980224754,808.1096330281
    ));
#316 = CARTESIAN_POINT('',(-1.102927224646,20.904256885857,
    813.30520339805));
#317 = CARTESIAN_POINT('',(-13.64185846797,18.318534825826,
    818.50038805852));
#318 = CARTESIAN_POINT('',(-22.99107358004,7.552973843815,
    823.69628450287));
#319 = CARTESIAN_POINT('',(-22.99113441442,-7.55298813855,
    828.89122478726));
#320 = CARTESIAN_POINT('',(-13.64183108484,-18.31849893044,
    834.08710429296));
#321 = CARTESIAN_POINT('',(-1.102932842884,-20.90428136829,
    839.28231614035));
#322 = CARTESIAN_POINT('',(9.160888495965,-16.32197142676,
    844.47785842376));
#323 = CARTESIAN_POINT('',(14.287497878981,-8.160974776585,
    849.67329945876));
#324 = CARTESIAN_POINT('',(14.287500000255,3.829350426643E-10,
    854.86874999907));
#325 = CARTESIAN_POINT('',(14.28749733659,8.16096933582,860.0642143106)
  );
#326 = CARTESIAN_POINT('',(9.160894861718,16.321980953183,
    865.25963118424));
#327 = CARTESIAN_POINT('',(-1.102928584748,20.904254916133,
    870.45520838395));
#328 = CARTESIAN_POINT('',(-13.64185574428,18.318538770941,
    875.65037807274));
#329 = CARTESIAN_POINT('',(-22.99107790358,7.552967580391,
    880.84630035593));
#330 = CARTESIAN_POINT('',(-22.99112880102,-7.552980005545,
    886.04120420315));
#331 = CARTESIAN_POINT('',(-13.64183713605,-18.31850769829,
    891.23712648305));
#332 = CARTESIAN_POINT('',(-1.102927398663,-20.9042734799,
    896.43229617646));
#333 = CARTESIAN_POINT('',(9.160884419278,-16.32197733351,
    901.62787337236));
#334 = CARTESIAN_POINT('',(14.287500390938,-8.160971137083,
    906.82329024812));
#335 = CARTESIAN_POINT('',(14.287498756668,-1.801398965321E-06,
    912.01875455888));
#336 = PCURVE('',#337,#516);
#337 = B_SPLINE_SURFACE_WITH_KNOTS('',1,11,(
    (#338,#339,#340,#341,#342,#343,#344,#345,#346,#347,#348,#349,#350
      ,#351,#352,#353,#354,#355,#356,#357,#358,#359,#360,#361,#362,#363
      ,#364,#365,#366,#367,#368,#369,#370,#371,#372,#373,#374,#375,#376
      ,#377,#378,#379,#380,#381,#382,#383,#384,#385,#386,#387,#388,#389
      ,#390,#391,#392,#393,#394,#395,#396,#397,#398,#399,#400,#401,#402
      ,#403,#404,#405,#406,#407,#408,#409,#410,#411,#412,#413,#414,#415
      ,#416,#417,#418,#419,#420,#421,#422,#423,#424,#425,#426)
    ,(#427,#428,#429,#430,#431,#432,#433,#434,#435,#436,#437,#438,#439
      ,#440,#441,#442,#443,#444,#445,#446,#447,#448,#449,#450,#451,#452
      ,#453,#454,#455,#456,#457,#458,#459,#460,#461,#462,#463,#464,#465
      ,#466,#467,#468,#469,#470,#471,#472,#473,#474,#475,#476,#477,#478
      ,#479,#480,#481,#482,#483,#484,#485,#486,#487,#488,#489,#490,#491
      ,#492,#493,#494,#495,#496,#497,#498,#499,#500,#501,#502,#503,#504
      ,#505,#506,#507,#508,#509,#510,#511,#512,#513,#514,#515
  )),.UNSPECIFIED.,.F.,.F.,.F.,(2,2),(12,11,11,11,11,11,11,11,12),(0.,
    17.4625),(0.,57.494355528211,114.98871105642,172.48306658463,
    229.97742211284,287.47177764105,344.96613316926,402.46048869747,
    459.95484422569),.PIECEWISE_BEZIER_KNOTS.);
#338 = CARTESIAN_POINT('',(14.2875,-3.706777854599E-15,454.81875));
#339 = CARTESIAN_POINT('',(14.287497450735,8.160969500838,
    460.01421389275));
#340 = CARTESIAN_POINT('',(9.160894356209,16.32198022274,465.20963303437
    ));
#341 = CARTESIAN_POINT('',(-1.1029272197,20.904256889108,470.40520338672
    ));
#342 = CARTESIAN_POINT('',(-13.64185847484,18.318534821434,
    475.6003880744));
#343 = CARTESIAN_POINT('',(-22.99107357343,7.552973848902,
    480.79628448551));
#344 = CARTESIAN_POINT('',(-22.99113441857,-7.552988143411,
    485.99122480188));
#345 = CARTESIAN_POINT('',(-13.64183108354,-18.31849892693,
    491.18710428392));
#346 = CARTESIAN_POINT('',(-1.102932842549,-20.9042813699,
    496.38231614381));
#347 = CARTESIAN_POINT('',(9.160888495281,-16.32197142664,
    501.57785842379));
#348 = CARTESIAN_POINT('',(14.287497879485,-8.160974776109,
    506.77329945755));
#349 = CARTESIAN_POINT('',(14.287499999968,-4.69596751275E-11,
    511.96875000011));
#350 = CARTESIAN_POINT('',(14.287497450891,8.160969500998,
    517.16421389227));
#351 = CARTESIAN_POINT('',(9.160894355728,16.321980222403,522.3596330356
    ));
#352 = CARTESIAN_POINT('',(-1.102927218698,20.904256889648,
    527.5552033844));
#353 = CARTESIAN_POINT('',(-13.64185847632,18.318534820701,
    532.75038807776));
#354 = CARTESIAN_POINT('',(-22.99107357186,7.55297384979,537.9462844817)
  );
#355 = CARTESIAN_POINT('',(-22.99113441978,-7.552988144347,
    543.14122480528));
#356 = CARTESIAN_POINT('',(-13.64183108285,-18.31849892612,
    548.33710428152));
#357 = CARTESIAN_POINT('',(-1.102932842844,-20.90428137043,
    553.53231614516));
#358 = CARTESIAN_POINT('',(9.160888495386,-16.32197142639,
    558.72785842321));
#359 = CARTESIAN_POINT('',(14.287497879453,-8.160974776183,
    563.92329945772));
#360 = CARTESIAN_POINT('',(14.287499999971,-4.115832482203E-11,
    569.1187500001));
#361 = CARTESIAN_POINT('',(14.287497450873,8.16096950099,574.31421389232
    ));
#362 = CARTESIAN_POINT('',(9.160894355784,16.321980222358,
    579.50963303553));
#363 = CARTESIAN_POINT('',(-1.102927218796,20.904256889881,
    584.70520338435));
#364 = CARTESIAN_POINT('',(-13.64185847625,18.31853482012,
    589.90038807826));
#365 = CARTESIAN_POINT('',(-22.99107357176,7.552973850773,
    595.09628448042));
#366 = CARTESIAN_POINT('',(-22.99113442014,-7.552988145583,
    600.29122480738));
#367 = CARTESIAN_POINT('',(-13.64183108228,-18.31849892491,
    605.48710427901));
#368 = CARTESIAN_POINT('',(-1.102932843447,-20.90428137139,
    610.68231614743));
#369 = CARTESIAN_POINT('',(9.160888495844,-16.32197142576,
    615.87785842161));
#370 = CARTESIAN_POINT('',(14.287497879197,-8.160974776528,
    621.0732994586));
#371 = CARTESIAN_POINT('',(14.287500000075,1.127337962859E-10,
    626.26874999973));
#372 = CARTESIAN_POINT('',(14.287497450367,8.160969500415,
    631.46421389388));
#373 = CARTESIAN_POINT('',(9.160894357328,16.321980223681,
    636.65963303146));
#374 = CARTESIAN_POINT('',(-1.102927222014,20.904256887528,
    641.85520339218));
#375 = CARTESIAN_POINT('',(-13.64185847147,18.318534823642,
    647.05038806647));
#376 = CARTESIAN_POINT('',(-22.99107357695,7.552973846251,
    652.24628449458));
#377 = CARTESIAN_POINT('',(-22.99113441594,-7.55298814073,
    657.44122479363));
#378 = CARTESIAN_POINT('',(-13.64183108493,-18.3184989291,
    662.63710428985));
#379 = CARTESIAN_POINT('',(-1.102932842025,-20.90428136858,
    667.83231614053));
#380 = CARTESIAN_POINT('',(9.160888495131,-16.32197142718,
    673.02785842509));
#381 = CARTESIAN_POINT('',(14.28749787951,-8.160974775999,
    678.22329945728));
#382 = CARTESIAN_POINT('',(14.287499999987,-1.879448357374E-11,
    683.41875000003));
#383 = CARTESIAN_POINT('',(14.287497337806,8.160969337204,
    688.61421430687));
#384 = CARTESIAN_POINT('',(9.160894858116,16.321980950151,
    693.80963119363));
#385 = CARTESIAN_POINT('',(-1.102928577382,20.904254921248,
    699.00520836627));
#386 = CARTESIAN_POINT('',(-13.64185575498,18.318538763676,
    704.20037809885));
#387 = CARTESIAN_POINT('',(-22.99107789233,7.552967589346,
    709.39630032511));
#388 = CARTESIAN_POINT('',(-22.99112880967,-7.552980014938,
    714.59120423248));
#389 = CARTESIAN_POINT('',(-13.64183713104,-18.31850769025,
    719.78712646044));
#390 = CARTESIAN_POINT('',(-1.102927401064,-20.90427348531,
    724.98229619056));
#391 = CARTESIAN_POINT('',(9.160884420424,-16.32197733074,
    730.17787336531));
#392 = CARTESIAN_POINT('',(14.287500390381,-8.160971138138,
    735.37329025086));
#393 = CARTESIAN_POINT('',(14.287498756874,-1.801115660895E-06,
    740.56875455813));
#394 = CARTESIAN_POINT('',(14.287499961686,8.160973138866,
    745.76420468588));
#395 = CARTESIAN_POINT('',(9.160890281213,16.321974318672,
    750.95964797602));
#396 = CARTESIAN_POINT('',(-1.102921777771,20.904264773399,
    756.1551834335));
#397 = CARTESIAN_POINT('',(-13.64186452348,18.318526058796,
    761.35041025083));
#398 = CARTESIAN_POINT('',(-22.99106796246,7.55298197648,766.54626391578
    ));
#399 = CARTESIAN_POINT('',(-22.9911387402,-7.552994402321,
    771.74124064278));
#400 = CARTESIAN_POINT('',(-13.641828361,-18.31849498468,776.93709430599
    ));
#401 = CARTESIAN_POINT('',(-1.102934202224,-20.9042833384,
    782.13232112625));
#402 = CARTESIAN_POINT('',(9.160888998354,-16.32197069836,
    787.32785658049));
#403 = CARTESIAN_POINT('',(14.287497765991,-8.160974940421,
    792.52329987338));
#404 = CARTESIAN_POINT('',(14.287500000194,2.914560155116E-10,
    797.7187499993));
#405 = CARTESIAN_POINT('',(14.287497449879,8.16096949988,802.91421389533
    ));
#406 = CARTESIAN_POINT('',(9.160894358692,16.321980224754,808.1096330281
    ));
#407 = CARTESIAN_POINT('',(-1.102927224646,20.904256885857,
    813.30520339805));
#408 = CARTESIAN_POINT('',(-13.64185846797,18.318534825826,
    818.50038805852));
#409 = CARTESIAN_POINT('',(-22.99107358004,7.552973843815,
    823.69628450287));
#410 = CARTESIAN_POINT('',(-22.99113441442,-7.55298813855,
    828.89122478726));
#411 = CARTESIAN_POINT('',(-13.64183108484,-18.31849893044,
    834.08710429296));
#412 = CARTESIAN_POINT('',(-1.102932842884,-20.90428136829,
    839.28231614035));
#413 = CARTESIAN_POINT('',(9.160888495965,-16.32197142676,
    844.47785842376));
#414 = CARTESIAN_POINT('',(14.287497878981,-8.160974776585,
    849.67329945876));
#415 = CARTESIAN_POINT('',(14.287500000255,3.829350426643E-10,
    854.86874999907));
#416 = CARTESIAN_POINT('',(14.28749733659,8.16096933582,860.0642143106)
  );
#417 = CARTESIAN_POINT('',(9.160894861718,16.321980953183,
    865.25963118424));
#418 = CARTESIAN_POINT('',(-1.102928584748,20.904254916133,
    870.45520838395));
#419 = CARTESIAN_POINT('',(-13.64185574428,18.318538770941,
    875.65037807274));
#420 = CARTESIAN_POINT('',(-22.99107790358,7.552967580391,
    880.84630035593));
#421 = CARTESIAN_POINT('',(-22.99112880102,-7.552980005545,
    886.04120420315));
#422 = CARTESIAN_POINT('',(-13.64183713605,-18.31850769829,
    891.23712648305));
#423 = CARTESIAN_POINT('',(-1.102927398663,-20.9042734799,
    896.43229617646));
#424 = CARTESIAN_POINT('',(9.160884419278,-16.32197733351,
    901.62787337236));
#425 = CARTESIAN_POINT('',(14.287500390938,-8.160971137083,
    906.82329024812));
#426 = CARTESIAN_POINT('',(14.287498756668,-1.801398965321E-06,
    912.01875455888));
#427 = CARTESIAN_POINT('',(31.75,-1.665465318825E-14,454.81875));
#428 = CARTESIAN_POINT('',(31.749997450736,18.135588296298,
    460.01419519815));
#429 = CARTESIAN_POINT('',(20.357550989065,36.270544207884,
    465.20968514746));
#430 = CARTESIAN_POINT('',(-2.451027711551,46.455434449242,
    470.40502388595));
#431 = CARTESIAN_POINT('',(-30.31510419679,40.704937358346,
    475.60074828932));
#432 = CARTESIAN_POINT('',(-51.09138013407,16.788328477802,
    480.79576096891));
#433 = CARTESIAN_POINT('',(-51.09143907445,-16.7883448315,
    485.99172974369));
#434 = CARTESIAN_POINT('',(-30.31507218733,-40.70491454433,
    491.18675935233));
#435 = CARTESIAN_POINT('',(-2.451028063775,-46.45544737579,
    496.38245658352));
#436 = CARTESIAN_POINT('',(20.357549243219,-36.27054345472,
    501.57782339434));
#437 = CARTESIAN_POINT('',(31.749999937056,-18.13558302102,
    506.77329145155));
#438 = CARTESIAN_POINT('',(31.749999999968,4.231004941288E-11,
    511.96874999987));
#439 = CARTESIAN_POINT('',(31.74999745084,18.135588296134,
    517.16419519861));
#440 = CARTESIAN_POINT('',(20.357550988853,36.270544208323,
    522.35968514635));
#441 = CARTESIAN_POINT('',(-2.451027711203,46.455434448364,
    527.5550238879));
#442 = CARTESIAN_POINT('',(-30.31510419732,40.704937359676,
    532.75074828663));
#443 = CARTESIAN_POINT('',(-51.09138013332,16.788328476253,
    537.94576097184));
#444 = CARTESIAN_POINT('',(-51.09143907533,-16.7883448301,
    543.14172974111));
#445 = CARTESIAN_POINT('',(-30.31507218654,-40.70491454533,
    548.33675935418));
#446 = CARTESIAN_POINT('',(-2.451028064285,-46.45544737522,
    553.53245658244));
#447 = CARTESIAN_POINT('',(20.357549243441,-36.27054345497,
    558.72782339484));
#448 = CARTESIAN_POINT('',(31.749999937,-18.13558302095,563.92329145139)
  );
#449 = CARTESIAN_POINT('',(31.749999999971,3.738054421744E-11,
    569.11874999989));
#450 = CARTESIAN_POINT('',(31.749997450828,18.135588296141,
    574.31419519855));
#451 = CARTESIAN_POINT('',(20.357550988851,36.270544208339,
    579.5096851464));
#452 = CARTESIAN_POINT('',(-2.451027711108,46.455434448263,
    584.70502388803));
#453 = CARTESIAN_POINT('',(-30.31510419762,40.704937359968,
    589.90074828602));
#454 = CARTESIAN_POINT('',(-51.09138013274,16.788328475676,
    595.09576097321));
#455 = CARTESIAN_POINT('',(-51.09143907611,-16.78834482924,
    600.29172973896));
#456 = CARTESIAN_POINT('',(-30.31507218576,-40.70491454631,
    605.48675935673));
#457 = CARTESIAN_POINT('',(-2.45102806491,-46.45544737433,
    610.68245658011));
#458 = CARTESIAN_POINT('',(20.357549243851,-36.2705434556,615.8778233965
    ));
#459 = CARTESIAN_POINT('',(31.749999936774,-18.1355830206,
    621.07329145046));
#460 = CARTESIAN_POINT('',(31.750000000075,-1.054391692925E-10,
    626.26875000028));
#461 = CARTESIAN_POINT('',(31.749997450492,18.135588296733,
    631.46419519706));
#462 = CARTESIAN_POINT('',(20.357550989521,36.270544206709,
    636.65968514999));
#463 = CARTESIAN_POINT('',(-2.451027712246,46.455434451542,
    641.85502388158));
#464 = CARTESIAN_POINT('',(-30.3151041957,40.704937354974,
    647.05074829523));
#465 = CARTESIAN_POINT('',(-51.09138013575,16.788328481563,
    652.24576096246));
#466 = CARTESIAN_POINT('',(-51.09143907231,-16.78834483473,
    657.44172974945));
#467 = CARTESIAN_POINT('',(-30.31507218935,-40.70491454217,
    662.63675934814));
#468 = CARTESIAN_POINT('',(-2.451028062441,-46.45544737692,
    667.83245658595));
#469 = CARTESIAN_POINT('',(20.357549242648,-36.27054345427,
    673.02782339332));
#470 = CARTESIAN_POINT('',(31.749999937175,-18.13558302113,
    678.22329145178));
#471 = CARTESIAN_POINT('',(31.749999999987,1.906194660496E-11,
    683.41874999994));
#472 = CARTESIAN_POINT('',(31.749997337784,18.135588459931,
    688.61419478404));
#473 = CARTESIAN_POINT('',(20.357551491187,36.270543480575,
    693.80968698824));
#474 = CARTESIAN_POINT('',(-2.451029069945,46.45543641669,
    699.00501890622));
#475 = CARTESIAN_POINT('',(-30.31510147553,40.70493341697,
    704.20075826517));
#476 = CARTESIAN_POINT('',(-51.09138445484,16.788334736178,
    709.39574512902));
#477 = CARTESIAN_POINT('',(-51.09143346378,-16.78835295886,
    714.59175031321));
#478 = CARTESIAN_POINT('',(-30.31507823605,-40.70490578175,
    719.78673717586));
#479 = CARTESIAN_POINT('',(-2.451022621694,-46.45545526003,
    724.98247653667));
#480 = CARTESIAN_POINT('',(20.357545168164,-36.27053755072,
    730.1778084529));
#481 = CARTESIAN_POINT('',(31.750002447992,-18.13558665899,
    735.37330065821));
#482 = CARTESIAN_POINT('',(31.749998756872,1.80111686893E-06,
    740.56874544186));
#483 = CARTESIAN_POINT('',(31.749999961706,18.135584658267,
    745.76420440502));
#484 = CARTESIAN_POINT('',(20.357546914074,36.270550112009,
    750.95967020577));
#485 = CARTESIAN_POINT('',(-2.451022269887,46.455426564676,
    756.15504383939));
#486 = CARTESIAN_POINT('',(-30.31511024444,40.704946121724,
    761.35072611229));
#487 = CARTESIAN_POINT('',(-51.09137452513,16.788320348914,
    766.54578153969));
#488 = CARTESIAN_POINT('',(-51.09144339334,-16.78833857099,
    771.74171390145));
#489 = CARTESIAN_POINT('',(-30.31506946737,-40.70491848796,
    776.93676933147));
#490 = CARTESIAN_POINT('',(-2.451029421782,-46.45544540647,
    782.13245160028));
#491 = CARTESIAN_POINT('',(20.35754974558,-36.27054418328,
    787.32782523803));
#492 = CARTESIAN_POINT('',(31.74999982373,-18.13558285669,
    792.52329103559));
#493 = CARTESIAN_POINT('',(31.750000000194,-2.674689191631E-10,
    797.71875000072));
#494 = CARTESIAN_POINT('',(31.7499974502,18.135588297281,802.91419519571
    ));
#495 = CARTESIAN_POINT('',(20.357550989968,36.270544205379,
    808.10968515283));
#496 = CARTESIAN_POINT('',(-2.451027712834,46.455434453919,
    813.30502387714));
#497 = CARTESIAN_POINT('',(-30.31510419476,40.704937351866,
    818.5007483005));
#498 = CARTESIAN_POINT('',(-51.09138013735,16.788328484456,
    823.69576095782));
#499 = CARTESIAN_POINT('',(-51.09143907018,-16.78834483648,
    828.89172975213));
#500 = CARTESIAN_POINT('',(-30.31507219126,-40.70491454177,
    834.08675934781));
#501 = CARTESIAN_POINT('',(-2.451028061448,-46.45544737643,
    839.28245658457));
#502 = CARTESIAN_POINT('',(20.357549242555,-36.27054345502,
    844.47782339528));
#503 = CARTESIAN_POINT('',(31.749999936878,-18.13558302051,
    849.67329145012));
#504 = CARTESIAN_POINT('',(31.750000000255,-3.471586419034E-10,
    854.86875000094));
#505 = CARTESIAN_POINT('',(31.749997337007,18.135588461356,
    860.06419478056));
#506 = CARTESIAN_POINT('',(20.357551492578,36.270543476793,
    865.25968699625));
#507 = CARTESIAN_POINT('',(-2.451029072042,46.455436424054,
    870.45501889234));
#508 = CARTESIAN_POINT('',(-30.31510147216,40.704933406164,
    875.65075828436));
#509 = CARTESIAN_POINT('',(-51.09138446026,16.78833474836,
    880.84574510723));
#510 = CARTESIAN_POINT('',(-51.09143345657,-16.78835296965,
    886.04175033388));
#511 = CARTESIAN_POINT('',(-30.31507824321,-40.70490577401,
    891.2367371594));
#512 = CARTESIAN_POINT('',(-2.451022616572,-46.45545526471,
    896.43247654759));
#513 = CARTESIAN_POINT('',(20.357545165574,-36.2705375483,
    901.62780844698));
#514 = CARTESIAN_POINT('',(31.750002448892,-18.13558666002,
    906.82330066072));
#515 = CARTESIAN_POINT('',(31.749998756666,1.801433859528E-06,
    912.01874544111));
#516 = DEFINITIONAL_REPRESENTATION('',(#517),#521);
#517 = LINE('',#518,#519);
#518 = CARTESIAN_POINT('',(0.,0.));
#519 = VECTOR('',#520,1.);
#520 = DIRECTION('',(0.,1.));
#521 = ( GEOMETRIC_REPRESENTATION_CONTEXT(2) 
PARAMETRIC_REPRESENTATION_CONTEXT() REPRESENTATION_CONTEXT('2D SPACE',''
  ) );
#522 = PCURVE('',#523,#702);
#523 = B_SPLINE_SURFACE_WITH_KNOTS('',1,11,(
    (#524,#525,#526,#527,#528,#529,#530,#531,#532,#533,#534,#535,#536
      ,#537,#538,#539,#540,#541,#542,#543,#544,#545,#546,#547,#548,#549
      ,#550,#551,#552,#553,#554,#555,#556,#557,#558,#559,#560,#561,#562
      ,#563,#564,#565,#566,#567,#568,#569,#570,#571,#572,#573,#574,#575
      ,#576,#577,#578,#579,#580,#581,#582,#583,#584,#585,#586,#587,#588
      ,#589,#590,#591,#592,#593,#594,#595,#596,#597,#598,#599,#600,#601
      ,#602,#603,#604,#605,#606,#607,#608,#609,#610,#611,#612)
    ,(#613,#614,#615,#616,#617,#618,#619,#620,#621,#622,#623,#624,#625
      ,#626,#627,#628,#629,#630,#631,#632,#633,#634,#635,#636,#637,#638
      ,#639,#640,#641,#642,#643,#644,#645,#646,#647,#648,#649,#650,#651
      ,#652,#653,#654,#655,#656,#657,#658,#659,#660,#661,#662,#663,#664
      ,#665,#666,#667,#668,#669,#670,#671,#672,#673,#674,#675,#676,#677
      ,#678,#679,#680,#681,#682,#683,#684,#685,#686,#687,#688,#689,#690
      ,#691,#692,#693,#694,#695,#696,#697,#698,#699,#700,#701
  )),.UNSPECIFIED.,.F.,.F.,.F.,(2,2),(12,11,11,11,11,11,11,11,12),(0.,
    4.7625),(0.,57.494355528211,114.98871105642,172.48306658463,
    229.97742211284,287.47177764105,344.96613316926,402.46048869747,
    459.95484422569),.PIECEWISE_BEZIER_KNOTS.);
#524 = CARTESIAN_POINT('',(14.2875,-7.913385827966E-15,459.58125));
#525 = CARTESIAN_POINT('',(14.287502549262,8.160970210909,
    464.77671389275));
#526 = CARTESIAN_POINT('',(9.16088777719,16.321976868223,469.97213303437
    ));
#527 = CARTESIAN_POINT('',(-1.102926219845,20.904277411673,
    475.16770338671));
#528 = CARTESIAN_POINT('',(-13.64183328854,18.318507060888,
    480.36288807442));
#529 = CARTESIAN_POINT('',(-22.99113417688,7.552989830365,
    485.55878448546));
#530 = CARTESIAN_POINT('',(-22.9910752363,-7.552973476661,
    490.75372480193));
#531 = CARTESIAN_POINT('',(-13.64186529813,-18.31852987489,
    495.94960428387));
#532 = CARTESIAN_POINT('',(-1.102925867552,-20.90426448512,
    501.14481614384));
#533 = CARTESIAN_POINT('',(9.160889523016,-16.32197762138,
    506.34035842378));
#534 = CARTESIAN_POINT('',(14.287500062942,-8.160975486176,
    511.53579945755));
#535 = CARTESIAN_POINT('',(14.287500000033,-4.360764911621E-11,
    516.73125000011));
#536 = CARTESIAN_POINT('',(14.287502549162,8.160970211072,
    521.92671389227));
#537 = CARTESIAN_POINT('',(9.160887777369,16.321976867801,
    527.12213303559));
#538 = CARTESIAN_POINT('',(-1.102926220099,20.904277412482,
    532.31770338441));
#539 = CARTESIAN_POINT('',(-13.64183328818,18.318507059708,
    537.51288807774));
#540 = CARTESIAN_POINT('',(-22.9911341774,7.552989831696,542.70878448172
    ));
#541 = CARTESIAN_POINT('',(-22.99107523565,-7.552973477845,
    547.90372480526));
#542 = CARTESIAN_POINT('',(-13.64186529876,-18.31852987405,
    553.09960428152));
#543 = CARTESIAN_POINT('',(-1.102925867118,-20.90426448561,
    558.29481614515));
#544 = CARTESIAN_POINT('',(9.160889522813,-16.32197762115,
    563.49035842322));
#545 = CARTESIAN_POINT('',(14.287500063,-8.16097548625,568.68579945772)
  );
#546 = CARTESIAN_POINT('',(14.287500000028,-3.694222131066E-11,
    573.8812500001));
#547 = CARTESIAN_POINT('',(14.287502549171,8.160970211065,
    579.07671389232));
#548 = CARTESIAN_POINT('',(9.160887777397,16.321976867776,
    584.27213303553));
#549 = CARTESIAN_POINT('',(-1.102926220268,20.904277412625,
    589.46770338432));
#550 = CARTESIAN_POINT('',(-13.64183328775,18.318507059319,
    594.66288807831));
#551 = CARTESIAN_POINT('',(-22.99113417813,7.552989832426,
    599.85878448035));
#552 = CARTESIAN_POINT('',(-22.99107523473,-7.552973478871,
    605.05372480746));
#553 = CARTESIAN_POINT('',(-13.64186529965,-18.31852987293,
    610.24960427894));
#554 = CARTESIAN_POINT('',(-1.102925866441,-20.90426448658,
    615.44481614747));
#555 = CARTESIAN_POINT('',(9.160889522384,-16.32197762049,
    620.64035842159));
#556 = CARTESIAN_POINT('',(14.287500063231,-8.160975486605,
    625.8357994586));
#557 = CARTESIAN_POINT('',(14.287499999924,1.070996781723E-10,
    631.03124999973));
#558 = CARTESIAN_POINT('',(14.287502549502,8.16097021048,636.22671389388
    ));
#559 = CARTESIAN_POINT('',(9.160887776761,16.321976869361,
    641.42213303148));
#560 = CARTESIAN_POINT('',(-1.102926219226,20.90427740947,
    646.61770339214));
#561 = CARTESIAN_POINT('',(-13.64183328948,18.31850706409,
    651.81288806656));
#562 = CARTESIAN_POINT('',(-22.99113417541,7.552989826815,
    657.00878449446));
#563 = CARTESIAN_POINT('',(-22.99107523823,-7.55297347362,
    662.20372479375));
#564 = CARTESIAN_POINT('',(-13.64186529628,-18.31852987694,
    667.39960428975));
#565 = CARTESIAN_POINT('',(-1.102925868796,-20.90426448404,
    672.59481614059));
#566 = CARTESIAN_POINT('',(9.160889523551,-16.32197762182,
    677.79035842507));
#567 = CARTESIAN_POINT('',(14.287500062831,-8.160975486073,
    682.98579945729));
#568 = CARTESIAN_POINT('',(14.287500000013,-2.110224692762E-11,
    688.18125000003));
#569 = CARTESIAN_POINT('',(14.287502662212,8.160970047273,
    693.37671430686));
#570 = CARTESIAN_POINT('',(9.160887275073,16.321977595565,
    698.57213119367));
#571 = CARTESIAN_POINT('',(-1.102924861466,20.904275444116,
    703.76770836618));
#572 = CARTESIAN_POINT('',(-13.64183600976,18.318511002476,708.962878099
    ));
#573 = CARTESIAN_POINT('',(-22.99112985617,7.552983571709,714.1588003249
    ));
#574 = CARTESIAN_POINT('',(-22.9910808469,-7.552965349044,719.3537042327
    ));
#575 = CARTESIAN_POINT('',(-13.64185924948,-18.31853863764,
    724.54962646027));
#576 = CARTESIAN_POINT('',(-1.102931309593,-20.90425660079,
    729.74479619066));
#577 = CARTESIAN_POINT('',(9.160893598053,-16.3219835254,734.94037336527
    ));
#578 = CARTESIAN_POINT('',(14.287497552013,-8.160971848211,
    740.13579025087));
#579 = CARTESIAN_POINT('',(14.287501243129,-1.801116462308E-06,
    745.33125455813));
#580 = CARTESIAN_POINT('',(14.287500038289,8.160973848936,
    750.52670468589));
#581 = CARTESIAN_POINT('',(9.160891852189,16.321970964122,
    755.72214797598));
#582 = CARTESIAN_POINT('',(-1.102931661532,20.90428529617,
    760.91768343357));
#583 = CARTESIAN_POINT('',(-13.64182724083,18.318498297639,
    766.11291025072));
#584 = CARTESIAN_POINT('',(-22.99113978592,7.552997959077,
    771.30876391591));
#585 = CARTESIAN_POINT('',(-22.99107091729,-7.552979737007,
    776.50374064265));
#586 = CARTESIAN_POINT('',(-13.64186801821,-18.31852593138,
    781.69959430609));
#587 = CARTESIAN_POINT('',(-1.102924509471,-20.90426645438,
    786.89482112619));
#588 = CARTESIAN_POINT('',(9.16088902062,-16.32197689283,792.09035658052
    ));
#589 = CARTESIAN_POINT('',(14.287500176281,-8.160975650516,
    797.28579987337));
#590 = CARTESIAN_POINT('',(14.287499999805,2.68438162239E-10,
    802.4812499993));
#591 = CARTESIAN_POINT('',(14.28750254979,8.160970209928,807.67671389533
    ));
#592 = CARTESIAN_POINT('',(9.160887776335,16.321976870719,
    812.87213302814));
#593 = CARTESIAN_POINT('',(-1.102926218716,20.904277407013,
    818.06770339797));
#594 = CARTESIAN_POINT('',(-13.64183329024,18.318507067352,
    823.26288805867));
#595 = CARTESIAN_POINT('',(-22.99113417407,7.552989823705,
    828.45878450266));
#596 = CARTESIAN_POINT('',(-22.99107524008,-7.552973471652,
    833.65372478748));
#597 = CARTESIAN_POINT('',(-13.64186529459,-18.31852987748,
    838.84960429279));
#598 = CARTESIAN_POINT('',(-1.102925869669,-20.90426448446,
    844.04481614044));
#599 = CARTESIAN_POINT('',(9.160889523602,-16.32197762108,
    849.24035842373));
#600 = CARTESIAN_POINT('',(14.287500063136,-8.160975486691,
    854.43579945877));
#601 = CARTESIAN_POINT('',(14.287499999746,3.479003996593E-10,
    859.63124999907));
#602 = CARTESIAN_POINT('',(14.28750266298,8.160970045856,864.82671431059
    ));
#603 = CARTESIAN_POINT('',(9.160887273721,16.321977599289,
    870.02213118428));
#604 = CARTESIAN_POINT('',(-1.102924859463,20.904275436925,
    875.21770838386));
#605 = CARTESIAN_POINT('',(-13.64183601298,18.318511012958,
    880.41287807289));
#606 = CARTESIAN_POINT('',(-22.99112985093,7.552983559949,
    885.60880035575));
#607 = CARTESIAN_POINT('',(-22.99108085396,-7.552965338657,
    890.8037042033));
#608 = CARTESIAN_POINT('',(-13.64185924242,-18.3185386451,
    895.99962648296));
#609 = CARTESIAN_POINT('',(-1.102931314666,-20.90425659627,
    901.19479617649));
#610 = CARTESIAN_POINT('',(9.160893600622,-16.32198352777,
    906.39037337236));
#611 = CARTESIAN_POINT('',(14.28749755112,-8.16097184719,911.58579024812
    ));
#612 = CARTESIAN_POINT('',(14.287501243335,-1.801432948361E-06,
    916.78125455888));
#613 = CARTESIAN_POINT('',(14.2875,-3.706777854599E-15,454.81875));
#614 = CARTESIAN_POINT('',(14.287497450735,8.160969500838,
    460.01421389275));
#615 = CARTESIAN_POINT('',(9.160894356209,16.32198022274,465.20963303437
    ));
#616 = CARTESIAN_POINT('',(-1.1029272197,20.904256889108,470.40520338672
    ));
#617 = CARTESIAN_POINT('',(-13.64185847484,18.318534821434,
    475.6003880744));
#618 = CARTESIAN_POINT('',(-22.99107357343,7.552973848902,
    480.79628448551));
#619 = CARTESIAN_POINT('',(-22.99113441857,-7.552988143411,
    485.99122480188));
#620 = CARTESIAN_POINT('',(-13.64183108354,-18.31849892693,
    491.18710428392));
#621 = CARTESIAN_POINT('',(-1.102932842549,-20.9042813699,
    496.38231614381));
#622 = CARTESIAN_POINT('',(9.160888495281,-16.32197142664,
    501.57785842379));
#623 = CARTESIAN_POINT('',(14.287497879485,-8.160974776109,
    506.77329945755));
#624 = CARTESIAN_POINT('',(14.287499999968,-4.69596751275E-11,
    511.96875000011));
#625 = CARTESIAN_POINT('',(14.287497450891,8.160969500998,
    517.16421389227));
#626 = CARTESIAN_POINT('',(9.160894355728,16.321980222403,522.3596330356
    ));
#627 = CARTESIAN_POINT('',(-1.102927218698,20.904256889648,
    527.5552033844));
#628 = CARTESIAN_POINT('',(-13.64185847632,18.318534820701,
    532.75038807776));
#629 = CARTESIAN_POINT('',(-22.99107357186,7.55297384979,537.9462844817)
  );
#630 = CARTESIAN_POINT('',(-22.99113441978,-7.552988144347,
    543.14122480528));
#631 = CARTESIAN_POINT('',(-13.64183108285,-18.31849892612,
    548.33710428152));
#632 = CARTESIAN_POINT('',(-1.102932842844,-20.90428137043,
    553.53231614516));
#633 = CARTESIAN_POINT('',(9.160888495386,-16.32197142639,
    558.72785842321));
#634 = CARTESIAN_POINT('',(14.287497879453,-8.160974776183,
    563.92329945772));
#635 = CARTESIAN_POINT('',(14.287499999971,-4.115832482203E-11,
    569.1187500001));
#636 = CARTESIAN_POINT('',(14.287497450873,8.16096950099,574.31421389232
    ));
#637 = CARTESIAN_POINT('',(9.160894355784,16.321980222358,
    579.50963303553));
#638 = CARTESIAN_POINT('',(-1.102927218796,20.904256889881,
    584.70520338435));
#639 = CARTESIAN_POINT('',(-13.64185847625,18.31853482012,
    589.90038807826));
#640 = CARTESIAN_POINT('',(-22.99107357176,7.552973850773,
    595.09628448042));
#641 = CARTESIAN_POINT('',(-22.99113442014,-7.552988145583,
    600.29122480738));
#642 = CARTESIAN_POINT('',(-13.64183108228,-18.31849892491,
    605.48710427901));
#643 = CARTESIAN_POINT('',(-1.102932843447,-20.90428137139,
    610.68231614743));
#644 = CARTESIAN_POINT('',(9.160888495844,-16.32197142576,
    615.87785842161));
#645 = CARTESIAN_POINT('',(14.287497879197,-8.160974776528,
    621.0732994586));
#646 = CARTESIAN_POINT('',(14.287500000075,1.127337962859E-10,
    626.26874999973));
#647 = CARTESIAN_POINT('',(14.287497450367,8.160969500415,
    631.46421389388));
#648 = CARTESIAN_POINT('',(9.160894357328,16.321980223681,
    636.65963303146));
#649 = CARTESIAN_POINT('',(-1.102927222014,20.904256887528,
    641.85520339218));
#650 = CARTESIAN_POINT('',(-13.64185847147,18.318534823642,
    647.05038806647));
#651 = CARTESIAN_POINT('',(-22.99107357695,7.552973846251,
    652.24628449458));
#652 = CARTESIAN_POINT('',(-22.99113441594,-7.55298814073,
    657.44122479363));
#653 = CARTESIAN_POINT('',(-13.64183108493,-18.3184989291,
    662.63710428985));
#654 = CARTESIAN_POINT('',(-1.102932842025,-20.90428136858,
    667.83231614053));
#655 = CARTESIAN_POINT('',(9.160888495131,-16.32197142718,
    673.02785842509));
#656 = CARTESIAN_POINT('',(14.28749787951,-8.160974775999,
    678.22329945728));
#657 = CARTESIAN_POINT('',(14.287499999987,-1.879448357374E-11,
    683.41875000003));
#658 = CARTESIAN_POINT('',(14.287497337806,8.160969337204,
    688.61421430687));
#659 = CARTESIAN_POINT('',(9.160894858116,16.321980950151,
    693.80963119363));
#660 = CARTESIAN_POINT('',(-1.102928577382,20.904254921248,
    699.00520836627));
#661 = CARTESIAN_POINT('',(-13.64185575498,18.318538763676,
    704.20037809885));
#662 = CARTESIAN_POINT('',(-22.99107789233,7.552967589346,
    709.39630032511));
#663 = CARTESIAN_POINT('',(-22.99112880967,-7.552980014938,
    714.59120423248));
#664 = CARTESIAN_POINT('',(-13.64183713104,-18.31850769025,
    719.78712646044));
#665 = CARTESIAN_POINT('',(-1.102927401064,-20.90427348531,
    724.98229619056));
#666 = CARTESIAN_POINT('',(9.160884420424,-16.32197733074,
    730.17787336531));
#667 = CARTESIAN_POINT('',(14.287500390381,-8.160971138138,
    735.37329025086));
#668 = CARTESIAN_POINT('',(14.287498756874,-1.801115660895E-06,
    740.56875455813));
#669 = CARTESIAN_POINT('',(14.287499961686,8.160973138866,
    745.76420468588));
#670 = CARTESIAN_POINT('',(9.160890281213,16.321974318672,
    750.95964797602));
#671 = CARTESIAN_POINT('',(-1.102921777771,20.904264773399,
    756.1551834335));
#672 = CARTESIAN_POINT('',(-13.64186452348,18.318526058796,
    761.35041025083));
#673 = CARTESIAN_POINT('',(-22.99106796246,7.55298197648,766.54626391578
    ));
#674 = CARTESIAN_POINT('',(-22.9911387402,-7.552994402321,
    771.74124064278));
#675 = CARTESIAN_POINT('',(-13.641828361,-18.31849498468,776.93709430599
    ));
#676 = CARTESIAN_POINT('',(-1.102934202224,-20.9042833384,
    782.13232112625));
#677 = CARTESIAN_POINT('',(9.160888998354,-16.32197069836,
    787.32785658049));
#678 = CARTESIAN_POINT('',(14.287497765991,-8.160974940421,
    792.52329987338));
#679 = CARTESIAN_POINT('',(14.287500000194,2.914560155116E-10,
    797.7187499993));
#680 = CARTESIAN_POINT('',(14.287497449879,8.16096949988,802.91421389533
    ));
#681 = CARTESIAN_POINT('',(9.160894358692,16.321980224754,808.1096330281
    ));
#682 = CARTESIAN_POINT('',(-1.102927224646,20.904256885857,
    813.30520339805));
#683 = CARTESIAN_POINT('',(-13.64185846797,18.318534825826,
    818.50038805852));
#684 = CARTESIAN_POINT('',(-22.99107358004,7.552973843815,
    823.69628450287));
#685 = CARTESIAN_POINT('',(-22.99113441442,-7.55298813855,
    828.89122478726));
#686 = CARTESIAN_POINT('',(-13.64183108484,-18.31849893044,
    834.08710429296));
#687 = CARTESIAN_POINT('',(-1.102932842884,-20.90428136829,
    839.28231614035));
#688 = CARTESIAN_POINT('',(9.160888495965,-16.32197142676,
    844.47785842376));
#689 = CARTESIAN_POINT('',(14.287497878981,-8.160974776585,
    849.67329945876));
#690 = CARTESIAN_POINT('',(14.287500000255,3.829350426643E-10,
    854.86874999907));
#691 = CARTESIAN_POINT('',(14.28749733659,8.16096933582,860.0642143106)
  );
#692 = CARTESIAN_POINT('',(9.160894861718,16.321980953183,
    865.25963118424));
#693 = CARTESIAN_POINT('',(-1.102928584748,20.904254916133,
    870.45520838395));
#694 = CARTESIAN_POINT('',(-13.64185574428,18.318538770941,
    875.65037807274));
#695 = CARTESIAN_POINT('',(-22.99107790358,7.552967580391,
    880.84630035593));
#696 = CARTESIAN_POINT('',(-22.99112880102,-7.552980005545,
    886.04120420315));
#697 = CARTESIAN_POINT('',(-13.64183713605,-18.31850769829,
    891.23712648305));
#698 = CARTESIAN_POINT('',(-1.102927398663,-20.9042734799,
    896.43229617646));
#699 = CARTESIAN_POINT('',(9.160884419278,-16.32197733351,
    901.62787337236));
#700 = CARTESIAN_POINT('',(14.287500390938,-8.160971137083,
    906.82329024812));
#701 = CARTESIAN_POINT('',(14.287498756668,-1.801398965321E-06,
    912.01875455888));
#702 = DEFINITIONAL_REPRESENTATION('',(#703),#707);
#703 = LINE('',#704,#705);
#704 = CARTESIAN_POINT('',(4.7625,0.));
#705 = VECTOR('',#706,1.);
#706 = DIRECTION('',(0.,1.));
#707 = ( GEOMETRIC_REPRESENTATION_CONTEXT(2) 
PARAMETRIC_REPRESENTATION_CONTEXT() REPRESENTATION_CONTEXT('2D SPACE',''
  ) );
#708 = ORIENTED_EDGE('',*,*,#709,.T.);
#709 = EDGE_CURVE('',#241,#710,#712,.T.);
#710 = VERTEX_POINT('',#711);
#711 = CARTESIAN_POINT('',(31.75,-1.665165342107E-14,454.81875));
#712 = SURFACE_CURVE('',#713,(#716,#723),.PCURVE_S1.);
#713 = B_SPLINE_CURVE_WITH_KNOTS('',1,(#714,#715),.UNSPECIFIED.,.F.,.F.,
  (2,2),(0.,17.4625),.PIECEWISE_BEZIER_KNOTS.);
#714 = CARTESIAN_POINT('',(14.2875,-3.706777854599E-15,454.81875));
#715 = CARTESIAN_POINT('',(31.75,-1.665465318825E-14,454.81875));
#716 = PCURVE('',#337,#717);
#717 = DEFINITIONAL_REPRESENTATION('',(#718),#722);
#718 = LINE('',#719,#720);
#719 = CARTESIAN_POINT('',(0.,0.));
#720 = VECTOR('',#721,1.);
#721 = DIRECTION('',(1.,0.));
#722 = ( GEOMETRIC_REPRESENTATION_CONTEXT(2) 
PARAMETRIC_REPRESENTATION_CONTEXT() REPRESENTATION_CONTEXT('2D SPACE',''
  ) );
#723 = PCURVE('',#724,#729);
#724 = PLANE('',#725);
#725 = AXIS2_PLACEMENT_3D('',#726,#727,#728);
#726 = CARTESIAN_POINT('',(23.01875,-3.702158942342E-15,457.2));
#727 = DIRECTION('',(-7.258150136664E-16,-1.,2.720518708852E-15));
#728 = DIRECTION('',(0.,-2.720518708852E-15,-1.));
#729 = DEFINITIONAL_REPRESENTATION('',(#730),#733);
#730 = B_SPLINE_CURVE_WITH_KNOTS('',1,(#731,#732),.UNSPECIFIED.,.F.,.F.,
  (2,2),(0.,17.4625),.PIECEWISE_BEZIER_KNOTS.);
#731 = CARTESIAN_POINT('',(2.38125,-8.73125));
#732 = CARTESIAN_POINT('',(2.38125,8.73125));
#733 = ( GEOMETRIC_REPRESENTATION_CONTEXT(2) 
PARAMETRIC_REPRESENTATION_CONTEXT() REPRESENTATION_CONTEXT('2D SPACE',''
  ) );
#734 = ORIENTED_EDGE('',*,*,#735,.T.);
#735 = EDGE_CURVE('',#710,#736,#738,.T.);
#736 = VERTEX_POINT('',#737);
#737 = CARTESIAN_POINT('',(31.749998756666,1.801433859531E-06,
    912.01874544111));
#738 = SURFACE_CURVE('',#739,(#829,#836),.PCURVE_S1.);
#739 = B_SPLINE_CURVE_WITH_KNOTS('',11,(#740,#741,#742,#743,#744,#745,
    #746,#747,#748,#749,#750,#751,#752,#753,#754,#755,#756,#757,#758,
    #759,#760,#761,#762,#763,#764,#765,#766,#767,#768,#769,#770,#771,
    #772,#773,#774,#775,#776,#777,#778,#779,#780,#781,#782,#783,#784,
    #785,#786,#787,#788,#789,#790,#791,#792,#793,#794,#795,#796,#797,
    #798,#799,#800,#801,#802,#803,#804,#805,#806,#807,#808,#809,#810,
    #811,#812,#813,#814,#815,#816,#817,#818,#819,#820,#821,#822,#823,
    #824,#825,#826,#827,#828),.UNSPECIFIED.,.F.,.F.,(12,11,11,11,11,11,
    11,11,12),(0.,57.494355528211,114.98871105642,172.48306658463,
    229.97742211284,287.47177764105,344.96613316926,402.46048869747,
    459.95484422569),.PIECEWISE_BEZIER_KNOTS.);
#740 = CARTESIAN_POINT('',(31.75,-1.665465318825E-14,454.81875));
#741 = CARTESIAN_POINT('',(31.749997450736,18.135588296298,
    460.01419519815));
#742 = CARTESIAN_POINT('',(20.357550989065,36.270544207884,
    465.20968514746));
#743 = CARTESIAN_POINT('',(-2.451027711551,46.455434449242,
    470.40502388595));
#744 = CARTESIAN_POINT('',(-30.31510419679,40.704937358346,
    475.60074828932));
#745 = CARTESIAN_POINT('',(-51.09138013407,16.788328477802,
    480.79576096891));
#746 = CARTESIAN_POINT('',(-51.09143907445,-16.7883448315,
    485.99172974369));
#747 = CARTESIAN_POINT('',(-30.31507218733,-40.70491454433,
    491.18675935233));
#748 = CARTESIAN_POINT('',(-2.451028063775,-46.45544737579,
    496.38245658352));
#749 = CARTESIAN_POINT('',(20.357549243219,-36.27054345472,
    501.57782339434));
#750 = CARTESIAN_POINT('',(31.749999937056,-18.13558302102,
    506.77329145155));
#751 = CARTESIAN_POINT('',(31.749999999968,4.231004941288E-11,
    511.96874999987));
#752 = CARTESIAN_POINT('',(31.74999745084,18.135588296134,
    517.16419519861));
#753 = CARTESIAN_POINT('',(20.357550988853,36.270544208323,
    522.35968514635));
#754 = CARTESIAN_POINT('',(-2.451027711203,46.455434448364,
    527.5550238879));
#755 = CARTESIAN_POINT('',(-30.31510419732,40.704937359676,
    532.75074828663));
#756 = CARTESIAN_POINT('',(-51.09138013332,16.788328476253,
    537.94576097184));
#757 = CARTESIAN_POINT('',(-51.09143907533,-16.7883448301,
    543.14172974111));
#758 = CARTESIAN_POINT('',(-30.31507218654,-40.70491454533,
    548.33675935418));
#759 = CARTESIAN_POINT('',(-2.451028064285,-46.45544737522,
    553.53245658244));
#760 = CARTESIAN_POINT('',(20.357549243441,-36.27054345497,
    558.72782339484));
#761 = CARTESIAN_POINT('',(31.749999937,-18.13558302095,563.92329145139)
  );
#762 = CARTESIAN_POINT('',(31.749999999971,3.738054421744E-11,
    569.11874999989));
#763 = CARTESIAN_POINT('',(31.749997450828,18.135588296141,
    574.31419519855));
#764 = CARTESIAN_POINT('',(20.357550988851,36.270544208339,
    579.5096851464));
#765 = CARTESIAN_POINT('',(-2.451027711108,46.455434448263,
    584.70502388803));
#766 = CARTESIAN_POINT('',(-30.31510419762,40.704937359968,
    589.90074828602));
#767 = CARTESIAN_POINT('',(-51.09138013274,16.788328475676,
    595.09576097321));
#768 = CARTESIAN_POINT('',(-51.09143907611,-16.78834482924,
    600.29172973896));
#769 = CARTESIAN_POINT('',(-30.31507218576,-40.70491454631,
    605.48675935673));
#770 = CARTESIAN_POINT('',(-2.45102806491,-46.45544737433,
    610.68245658011));
#771 = CARTESIAN_POINT('',(20.357549243851,-36.2705434556,615.8778233965
    ));
#772 = CARTESIAN_POINT('',(31.749999936774,-18.1355830206,
    621.07329145046));
#773 = CARTESIAN_POINT('',(31.750000000075,-1.054391692925E-10,
    626.26875000028));
#774 = CARTESIAN_POINT('',(31.749997450492,18.135588296733,
    631.46419519706));
#775 = CARTESIAN_POINT('',(20.357550989521,36.270544206709,
    636.65968514999));
#776 = CARTESIAN_POINT('',(-2.451027712246,46.455434451542,
    641.85502388158));
#777 = CARTESIAN_POINT('',(-30.3151041957,40.704937354974,
    647.05074829523));
#778 = CARTESIAN_POINT('',(-51.09138013575,16.788328481563,
    652.24576096246));
#779 = CARTESIAN_POINT('',(-51.09143907231,-16.78834483473,
    657.44172974945));
#780 = CARTESIAN_POINT('',(-30.31507218935,-40.70491454217,
    662.63675934814));
#781 = CARTESIAN_POINT('',(-2.451028062441,-46.45544737692,
    667.83245658595));
#782 = CARTESIAN_POINT('',(20.357549242648,-36.27054345427,
    673.02782339332));
#783 = CARTESIAN_POINT('',(31.749999937175,-18.13558302113,
    678.22329145178));
#784 = CARTESIAN_POINT('',(31.749999999987,1.906194660496E-11,
    683.41874999994));
#785 = CARTESIAN_POINT('',(31.749997337784,18.135588459931,
    688.61419478404));
#786 = CARTESIAN_POINT('',(20.357551491187,36.270543480575,
    693.80968698824));
#787 = CARTESIAN_POINT('',(-2.451029069945,46.45543641669,
    699.00501890622));
#788 = CARTESIAN_POINT('',(-30.31510147553,40.70493341697,
    704.20075826517));
#789 = CARTESIAN_POINT('',(-51.09138445484,16.788334736178,
    709.39574512902));
#790 = CARTESIAN_POINT('',(-51.09143346378,-16.78835295886,
    714.59175031321));
#791 = CARTESIAN_POINT('',(-30.31507823605,-40.70490578175,
    719.78673717586));
#792 = CARTESIAN_POINT('',(-2.451022621694,-46.45545526003,
    724.98247653667));
#793 = CARTESIAN_POINT('',(20.357545168164,-36.27053755072,
    730.1778084529));
#794 = CARTESIAN_POINT('',(31.750002447992,-18.13558665899,
    735.37330065821));
#795 = CARTESIAN_POINT('',(31.749998756872,1.80111686893E-06,
    740.56874544186));
#796 = CARTESIAN_POINT('',(31.749999961706,18.135584658267,
    745.76420440502));
#797 = CARTESIAN_POINT('',(20.357546914074,36.270550112009,
    750.95967020577));
#798 = CARTESIAN_POINT('',(-2.451022269887,46.455426564676,
    756.15504383939));
#799 = CARTESIAN_POINT('',(-30.31511024444,40.704946121724,
    761.35072611229));
#800 = CARTESIAN_POINT('',(-51.09137452513,16.788320348914,
    766.54578153969));
#801 = CARTESIAN_POINT('',(-51.09144339334,-16.78833857099,
    771.74171390145));
#802 = CARTESIAN_POINT('',(-30.31506946737,-40.70491848796,
    776.93676933147));
#803 = CARTESIAN_POINT('',(-2.451029421782,-46.45544540647,
    782.13245160028));
#804 = CARTESIAN_POINT('',(20.35754974558,-36.27054418328,
    787.32782523803));
#805 = CARTESIAN_POINT('',(31.74999982373,-18.13558285669,
    792.52329103559));
#806 = CARTESIAN_POINT('',(31.750000000194,-2.674689191631E-10,
    797.71875000072));
#807 = CARTESIAN_POINT('',(31.7499974502,18.135588297281,802.91419519571
    ));
#808 = CARTESIAN_POINT('',(20.357550989968,36.270544205379,
    808.10968515283));
#809 = CARTESIAN_POINT('',(-2.451027712834,46.455434453919,
    813.30502387714));
#810 = CARTESIAN_POINT('',(-30.31510419476,40.704937351866,
    818.5007483005));
#811 = CARTESIAN_POINT('',(-51.09138013735,16.788328484456,
    823.69576095782));
#812 = CARTESIAN_POINT('',(-51.09143907018,-16.78834483648,
    828.89172975213));
#813 = CARTESIAN_POINT('',(-30.31507219126,-40.70491454177,
    834.08675934781));
#814 = CARTESIAN_POINT('',(-2.451028061448,-46.45544737643,
    839.28245658457));
#815 = CARTESIAN_POINT('',(20.357549242555,-36.27054345502,
    844.47782339528));
#816 = CARTESIAN_POINT('',(31.749999936878,-18.13558302051,
    849.67329145012));
#817 = CARTESIAN_POINT('',(31.750000000255,-3.471586419034E-10,
    854.86875000094));
#818 = CARTESIAN_POINT('',(31.749997337007,18.135588461356,
    860.06419478056));
#819 = CARTESIAN_POINT('',(20.357551492578,36.270543476793,
    865.25968699625));
#820 = CARTESIAN_POINT('',(-2.451029072042,46.455436424054,
    870.45501889234));
#821 = CARTESIAN_POINT('',(-30.31510147216,40.704933406164,
    875.65075828436));
#822 = CARTESIAN_POINT('',(-51.09138446026,16.78833474836,
    880.84574510723));
#823 = CARTESIAN_POINT('',(-51.09143345657,-16.78835296965,
    886.04175033388));
#824 = CARTESIAN_POINT('',(-30.31507824321,-40.70490577401,
    891.2367371594));
#825 = CARTESIAN_POINT('',(-2.451022616572,-46.45545526471,
    896.43247654759));
#826 = CARTESIAN_POINT('',(20.357545165574,-36.2705375483,
    901.62780844698));
#827 = CARTESIAN_POINT('',(31.750002448892,-18.13558666002,
    906.82330066072));
#828 = CARTESIAN_POINT('',(31.749998756666,1.801433859528E-06,
    912.01874544111));
#829 = PCURVE('',#337,#830);
#830 = DEFINITIONAL_REPRESENTATION('',(#831),#835);
#831 = LINE('',#832,#833);
#832 = CARTESIAN_POINT('',(17.4625,0.));
#833 = VECTOR('',#834,1.);
#834 = DIRECTION('',(0.,1.));
#835 = ( GEOMETRIC_REPRESENTATION_CONTEXT(2) 
PARAMETRIC_REPRESENTATION_CONTEXT() REPRESENTATION_CONTEXT('2D SPACE',''
  ) );
#836 = PCURVE('',#837,#1016);
#837 = B_SPLINE_SURFACE_WITH_KNOTS('',1,11,(
    (#838,#839,#840,#841,#842,#843,#844,#845,#846,#847,#848,#849,#850
      ,#851,#852,#853,#854,#855,#856,#857,#858,#859,#860,#861,#862,#863
      ,#864,#865,#866,#867,#868,#869,#870,#871,#872,#873,#874,#875,#876
      ,#877,#878,#879,#880,#881,#882,#883,#884,#885,#886,#887,#888,#889
      ,#890,#891,#892,#893,#894,#895,#896,#897,#898,#899,#900,#901,#902
      ,#903,#904,#905,#906,#907,#908,#909,#910,#911,#912,#913,#914,#915
      ,#916,#917,#918,#919,#920,#921,#922,#923,#924,#925,#926)
    ,(#927,#928,#929,#930,#931,#932,#933,#934,#935,#936,#937,#938,#939
      ,#940,#941,#942,#943,#944,#945,#946,#947,#948,#949,#950,#951,#952
      ,#953,#954,#955,#956,#957,#958,#959,#960,#961,#962,#963,#964,#965
      ,#966,#967,#968,#969,#970,#971,#972,#973,#974,#975,#976,#977,#978
      ,#979,#980,#981,#982,#983,#984,#985,#986,#987,#988,#989,#990,#991
      ,#992,#993,#994,#995,#996,#997,#998,#999,#1000,#1001,#1002,#1003
      ,#1004,#1005,#1006,#1007,#1008,#1009,#1010,#1011,#1012,#1013,#1014
      ,#1015
    )),.UNSPECIFIED.,.F.,.F.,.F.,(2,2),(12,11,11,11,11,11,11,11,12),(0.,
    4.7625),(0.,57.494355528211,114.98871105642,172.48306658463,
    229.97742211284,287.47177764105,344.96613316926,402.46048869747,
    459.95484422569),.PIECEWISE_BEZIER_KNOTS.);
#838 = CARTESIAN_POINT('',(31.75,-1.665165342107E-14,454.81875));
#839 = CARTESIAN_POINT('',(31.749997450736,18.135588296298,
    460.01419519815));
#840 = CARTESIAN_POINT('',(20.357550989066,36.270544207883,
    465.20968514746));
#841 = CARTESIAN_POINT('',(-2.451027711554,46.455434449243,
    470.40502388595));
#842 = CARTESIAN_POINT('',(-30.31510419678,40.704937358343,
    475.60074828931));
#843 = CARTESIAN_POINT('',(-51.09138013408,16.788328477806,
    480.79576096891));
#844 = CARTESIAN_POINT('',(-51.09143907444,-16.78834483151,
    485.99172974369));
#845 = CARTESIAN_POINT('',(-30.31507218734,-40.70491454432,
    491.18675935233));
#846 = CARTESIAN_POINT('',(-2.45102806377,-46.45544737579,
    496.38245658352));
#847 = CARTESIAN_POINT('',(20.357549243217,-36.27054345472,
    501.57782339434));
#848 = CARTESIAN_POINT('',(31.749999937057,-18.13558302102,
    506.77329145155));
#849 = CARTESIAN_POINT('',(31.749999999968,4.232489231871E-11,
    511.96874999987));
#850 = CARTESIAN_POINT('',(31.74999745084,18.135588296134,
    517.16419519861));
#851 = CARTESIAN_POINT('',(20.357550988853,36.270544208324,
    522.35968514636));
#852 = CARTESIAN_POINT('',(-2.451027711203,46.455434448363,
    527.55502388789));
#853 = CARTESIAN_POINT('',(-30.31510419732,40.704937359676,
    532.75074828666));
#854 = CARTESIAN_POINT('',(-51.09138013332,16.788328476254,
    537.94576097181));
#855 = CARTESIAN_POINT('',(-51.09143907533,-16.7883448301,
    543.14172974115));
#856 = CARTESIAN_POINT('',(-30.31507218654,-40.70491454533,
    548.33675935415));
#857 = CARTESIAN_POINT('',(-2.451028064285,-46.45544737522,
    553.53245658246));
#858 = CARTESIAN_POINT('',(20.357549243441,-36.27054345497,
    558.72782339484));
#859 = CARTESIAN_POINT('',(31.749999937,-18.13558302095,563.92329145139)
  );
#860 = CARTESIAN_POINT('',(31.749999999971,3.738054761807E-11,
    569.11874999989));
#861 = CARTESIAN_POINT('',(31.749997450828,18.135588296141,
    574.31419519855));
#862 = CARTESIAN_POINT('',(20.357550988852,36.270544208339,
    579.5096851464));
#863 = CARTESIAN_POINT('',(-2.451027711111,46.455434448263,
    584.70502388803));
#864 = CARTESIAN_POINT('',(-30.31510419762,40.704937359968,
    589.90074828602));
#865 = CARTESIAN_POINT('',(-51.09138013275,16.788328475676,
    595.09576097321));
#866 = CARTESIAN_POINT('',(-51.0914390761,-16.78834482924,
    600.29172973896));
#867 = CARTESIAN_POINT('',(-30.31507218576,-40.70491454631,
    605.48675935673));
#868 = CARTESIAN_POINT('',(-2.451028064907,-46.45544737433,
    610.68245658011));
#869 = CARTESIAN_POINT('',(20.357549243849,-36.2705434556,615.8778233965
    ));
#870 = CARTESIAN_POINT('',(31.749999936774,-18.1355830206,
    621.07329145046));
#871 = CARTESIAN_POINT('',(31.750000000075,-1.054391686888E-10,
    626.26875000028));
#872 = CARTESIAN_POINT('',(31.749997450492,18.135588296733,
    631.46419519706));
#873 = CARTESIAN_POINT('',(20.357550989521,36.270544206709,
    636.65968514999));
#874 = CARTESIAN_POINT('',(-2.451027712246,46.455434451542,
    641.85502388158));
#875 = CARTESIAN_POINT('',(-30.3151041957,40.704937354974,
    647.05074829523));
#876 = CARTESIAN_POINT('',(-51.09138013575,16.788328481563,
    652.24576096246));
#877 = CARTESIAN_POINT('',(-51.09143907231,-16.78834483473,
    657.44172974945));
#878 = CARTESIAN_POINT('',(-30.31507218935,-40.70491454217,
    662.63675934814));
#879 = CARTESIAN_POINT('',(-2.451028062441,-46.45544737692,
    667.83245658595));
#880 = CARTESIAN_POINT('',(20.357549242648,-36.27054345427,
    673.02782339332));
#881 = CARTESIAN_POINT('',(31.749999937175,-18.13558302113,
    678.22329145178));
#882 = CARTESIAN_POINT('',(31.749999999987,1.904840346018E-11,
    683.41874999994));
#883 = CARTESIAN_POINT('',(31.749997337784,18.135588459931,
    688.61419478404));
#884 = CARTESIAN_POINT('',(20.357551491187,36.270543480574,
    693.80968698824));
#885 = CARTESIAN_POINT('',(-2.451029069946,46.455436416691,
    699.00501890622));
#886 = CARTESIAN_POINT('',(-30.31510147553,40.704933416968,
    704.20075826517));
#887 = CARTESIAN_POINT('',(-51.09138445484,16.78833473618,
    709.39574512903));
#888 = CARTESIAN_POINT('',(-51.09143346378,-16.78835295886,
    714.59175031319));
#889 = CARTESIAN_POINT('',(-30.31507823605,-40.70490578175,
    719.78673717587));
#890 = CARTESIAN_POINT('',(-2.451022621693,-46.45545526003,
    724.98247653665));
#891 = CARTESIAN_POINT('',(20.357545168163,-36.27053755072,
    730.17780845291));
#892 = CARTESIAN_POINT('',(31.750002447992,-18.13558665899,
    735.37330065821));
#893 = CARTESIAN_POINT('',(31.749998756872,1.801116883808E-06,
    740.56874544186));
#894 = CARTESIAN_POINT('',(31.749999961706,18.135584658267,
    745.76420440502));
#895 = CARTESIAN_POINT('',(20.357546914074,36.270550112009,
    750.95967020577));
#896 = CARTESIAN_POINT('',(-2.451022269887,46.455426564676,
    756.15504383939));
#897 = CARTESIAN_POINT('',(-30.31511024444,40.704946121724,
    761.35072611229));
#898 = CARTESIAN_POINT('',(-51.09137452513,16.788320348913,
    766.54578153969));
#899 = CARTESIAN_POINT('',(-51.09144339334,-16.78833857099,
    771.74171390145));
#900 = CARTESIAN_POINT('',(-30.31506946737,-40.70491848796,
    776.93676933147));
#901 = CARTESIAN_POINT('',(-2.451029421783,-46.45544540647,
    782.13245160028));
#902 = CARTESIAN_POINT('',(20.35754974558,-36.27054418328,
    787.32782523803));
#903 = CARTESIAN_POINT('',(31.74999982373,-18.13558285669,
    792.52329103559));
#904 = CARTESIAN_POINT('',(31.750000000194,-2.674689161597E-10,
    797.71875000072));
#905 = CARTESIAN_POINT('',(31.7499974502,18.135588297281,802.91419519571
    ));
#906 = CARTESIAN_POINT('',(20.357550989968,36.270544205379,
    808.10968515283));
#907 = CARTESIAN_POINT('',(-2.451027712834,46.455434453918,
    813.30502387714));
#908 = CARTESIAN_POINT('',(-30.31510419476,40.704937351867,
    818.5007483005));
#909 = CARTESIAN_POINT('',(-51.09138013735,16.788328484454,
    823.69576095782));
#910 = CARTESIAN_POINT('',(-51.09143907018,-16.78834483648,
    828.89172975213));
#911 = CARTESIAN_POINT('',(-30.31507219126,-40.70491454178,
    834.08675934781));
#912 = CARTESIAN_POINT('',(-2.451028061448,-46.45544737643,
    839.28245658457));
#913 = CARTESIAN_POINT('',(20.357549242555,-36.27054345502,
    844.47782339528));
#914 = CARTESIAN_POINT('',(31.749999936878,-18.13558302051,
    849.67329145012));
#915 = CARTESIAN_POINT('',(31.750000000255,-3.471586387005E-10,
    854.86875000094));
#916 = CARTESIAN_POINT('',(31.749997337006,18.135588461356,
    860.06419478056));
#917 = CARTESIAN_POINT('',(20.357551492579,36.270543476793,
    865.25968699623));
#918 = CARTESIAN_POINT('',(-2.451029072044,46.455436424054,
    870.45501889239));
#919 = CARTESIAN_POINT('',(-30.31510147216,40.704933406164,
    875.65075828426));
#920 = CARTESIAN_POINT('',(-51.09138446027,16.78833474836,
    880.84574510736));
#921 = CARTESIAN_POINT('',(-51.09143345656,-16.78835296965,
    886.04175033374));
#922 = CARTESIAN_POINT('',(-30.31507824322,-40.70490577401,
    891.23673715951));
#923 = CARTESIAN_POINT('',(-2.451022616568,-46.45545526471,
    896.43247654753));
#924 = CARTESIAN_POINT('',(20.357545165572,-36.2705375483,901.627808447)
  );
#925 = CARTESIAN_POINT('',(31.750002448892,-18.13558666002,
    906.82330066072));
#926 = CARTESIAN_POINT('',(31.749998756666,1.801433859531E-06,
    912.01874544111));
#927 = CARTESIAN_POINT('',(31.75,7.494001286934E-15,459.58125));
#928 = CARTESIAN_POINT('',(31.750002549263,18.135589006369,
    464.77669519815));
#929 = CARTESIAN_POINT('',(20.357544410046,36.270540853365,
    469.97218514746));
#930 = CARTESIAN_POINT('',(-2.451026711695,46.45545497181,
    475.16752388595));
#931 = CARTESIAN_POINT('',(-30.31507901048,40.704909597793,
    480.36324828933));
#932 = CARTESIAN_POINT('',(-51.09144073752,16.788344459273,
    485.55826096888));
#933 = CARTESIAN_POINT('',(-51.09137989219,-16.78833016476,
    490.75422974374));
#934 = CARTESIAN_POINT('',(-30.31510640192,-40.70494549229,
    495.94925935229));
#935 = CARTESIAN_POINT('',(-2.451021088778,-46.45543049101,
    501.14495658354));
#936 = CARTESIAN_POINT('',(20.357550270955,-36.27054964946,
    506.34032339433));
#937 = CARTESIAN_POINT('',(31.750002120513,-18.13558373109,
    511.53579145155));
#938 = CARTESIAN_POINT('',(31.750000000033,4.563362134114E-11,
    516.73124999987));
#939 = CARTESIAN_POINT('',(31.75000254911,18.135589006208,
    521.92669519861));
#940 = CARTESIAN_POINT('',(20.357544410495,36.270540853723,
    527.12218514634));
#941 = CARTESIAN_POINT('',(-2.451026712604,46.455454971192,
    532.31752388793));
#942 = CARTESIAN_POINT('',(-30.31507900918,40.704909598691,
    537.5132482866));
#943 = CARTESIAN_POINT('',(-51.09144073886,16.788344458152,
    542.70826097188));
#944 = CARTESIAN_POINT('',(-51.0913798912,-16.78833016359,
    547.90422974108));
#945 = CARTESIAN_POINT('',(-30.31510640245,-40.70494549326,
    553.0992593542));
#946 = CARTESIAN_POINT('',(-2.451021088558,-46.4554304904,
    558.29495658243));
#947 = CARTESIAN_POINT('',(20.357550270868,-36.27054964973,
    563.49032339485));
#948 = CARTESIAN_POINT('',(31.750002120546,-18.13558373102,
    568.68579145139));
#949 = CARTESIAN_POINT('',(31.750000000028,4.160331384253E-11,
    573.88124999989));
#950 = CARTESIAN_POINT('',(31.750002549126,18.135589006217,
    579.07669519856));
#951 = CARTESIAN_POINT('',(20.357544410463,36.270540853751,
    584.27218514638));
#952 = CARTESIAN_POINT('',(-2.451026712575,46.455454971019,
    589.46752388809));
#953 = CARTESIAN_POINT('',(-30.31507900913,40.704909599147,
    594.66324828595));
#954 = CARTESIAN_POINT('',(-51.0914407391,16.788344457353,
    599.85826097329));
#955 = CARTESIAN_POINT('',(-51.09137989071,-16.78833016255,
    605.0542297389));
#956 = CARTESIAN_POINT('',(-30.31510640312,-40.70494549432,
    610.24925935676));
#957 = CARTESIAN_POINT('',(-2.45102108791,-46.45543048953,615.4449565801
    ));
#958 = CARTESIAN_POINT('',(20.357550270393,-36.27054965033,
    620.64032339651));
#959 = CARTESIAN_POINT('',(31.750002120808,-18.13558373068,
    625.83579145046));
#960 = CARTESIAN_POINT('',(31.749999999924,-1.111099209312E-10,
    631.03125000028));
#961 = CARTESIAN_POINT('',(31.750002549627,18.135589006798,
    636.22669519707));
#962 = CARTESIAN_POINT('',(20.357544408952,36.27054085239,
    641.42218514996));
#963 = CARTESIAN_POINT('',(-2.451026709455,46.455454973479,
    646.61752388165));
#964 = CARTESIAN_POINT('',(-30.31507901371,40.70490959543,
    651.81324829511));
#965 = CARTESIAN_POINT('',(-51.0914407342,16.788344462117,
    657.00826096261));
#966 = CARTESIAN_POINT('',(-51.09137989461,-16.78833016761,
    662.20422974929));
#967 = CARTESIAN_POINT('',(-30.31510640069,-40.70494549001,
    667.39925934826));
#968 = CARTESIAN_POINT('',(-2.451021089215,-46.45543049237,
    672.59495658588));
#969 = CARTESIAN_POINT('',(20.35755027107,-36.2705496489,677.79032339335
    ));
#970 = CARTESIAN_POINT('',(31.750002120496,-18.1355837312,
    682.98579145177));
#971 = CARTESIAN_POINT('',(31.750000000013,1.678250916162E-11,
    688.18124999994));
#972 = CARTESIAN_POINT('',(31.75000266219,18.13558917,693.37669478405));
#973 = CARTESIAN_POINT('',(20.357543908142,36.270540125987,
    698.57218698823));
#974 = CARTESIAN_POINT('',(-2.451025354026,46.455456939562,
    703.76751890624));
#975 = CARTESIAN_POINT('',(-30.31508173031,40.704905655763,
    708.96325826514));
#976 = CARTESIAN_POINT('',(-51.09143641868,16.78835071855,
    714.15824512905));
#977 = CARTESIAN_POINT('',(-51.09138550101,-16.78833829297,
    719.3542503132));
#978 = CARTESIAN_POINT('',(-30.31510035449,-40.70493672914,
    724.54923717586));
#979 = CARTESIAN_POINT('',(-2.451026530222,-46.45543837552,
    729.74497653667));
#980 = CARTESIAN_POINT('',(20.357554345792,-36.27054374538,
    734.9403084529));
#981 = CARTESIAN_POINT('',(31.749999609624,-18.13558736906,
    740.13580065821));
#982 = CARTESIAN_POINT('',(31.750001243126,1.801116038999E-06,
    745.33124544186));
#983 = CARTESIAN_POINT('',(31.750000038308,18.135585368336,
    750.52670440502));
#984 = CARTESIAN_POINT('',(20.357548485051,36.270546757463,
    755.72217020575));
#985 = CARTESIAN_POINT('',(-2.451032153651,46.45544708744,
    760.91754383942));
#986 = CARTESIAN_POINT('',(-30.31507296179,40.704918360577,
    766.11322611224));
#987 = CARTESIAN_POINT('',(-51.09144634859,16.7883363315,771.30828153975
    ));
#988 = CARTESIAN_POINT('',(-51.09137557043,-16.78832390566,
    776.5042139014));
#989 = CARTESIAN_POINT('',(-30.31510912458,-40.70494943467,
    781.69926933151));
#990 = CARTESIAN_POINT('',(-2.451019729029,-46.45542852245,
    786.89495160025));
#991 = CARTESIAN_POINT('',(20.357549767845,-36.27055037775,
    792.09032523804));
#992 = CARTESIAN_POINT('',(31.750002234021,-18.13558356678,
    797.28579103558));
#993 = CARTESIAN_POINT('',(31.749999999805,-2.904576957195E-10,
    802.48125000072));
#994 = CARTESIAN_POINT('',(31.75000255011,18.135589007329,
    807.67669519569));
#995 = CARTESIAN_POINT('',(20.357544407614,36.270540851342,
    812.8721851529));
#996 = CARTESIAN_POINT('',(-2.451026706909,46.455454975078,
    818.06752387695));
#997 = CARTESIAN_POINT('',(-30.31507901703,40.704909593388,
    823.26324830084));
#998 = CARTESIAN_POINT('',(-51.09144073139,16.78834446435,
    828.45826095737));
#999 = CARTESIAN_POINT('',(-51.09137989583,-16.78833016959,
    833.65422975257));
#1000 = CARTESIAN_POINT('',(-30.31510640102,-40.70494548881,
    838.84925934747));
#1001 = CARTESIAN_POINT('',(-2.451021088231,-46.45543049261,
    844.04495658476));
#1002 = CARTESIAN_POINT('',(20.357550270192,-36.27054964934,
    849.2403233952));
#1003 = CARTESIAN_POINT('',(31.750002121033,-18.13558373062,
    854.43579145013));
#1004 = CARTESIAN_POINT('',(31.749999999746,-3.822360864375E-10,
    859.63125000094));
#1005 = CARTESIAN_POINT('',(31.750002663396,18.135589171392,
    864.82669478057));
#1006 = CARTESIAN_POINT('',(20.357543904579,36.270540122898,
    870.02218699618));
#1007 = CARTESIAN_POINT('',(-2.451025346753,46.455456944847,
    875.21751889251));
#1008 = CARTESIAN_POINT('',(-30.31508174087,40.704905648179,
    880.41325828407));
#1009 = CARTESIAN_POINT('',(-51.0914364076,16.788350727921,
    885.60824510761));
#1010 = CARTESIAN_POINT('',(-51.09138550952,-16.78833830276,
    890.80425033349));
#1011 = CARTESIAN_POINT('',(-30.31510034958,-40.70493672081,
    895.9992371597));
#1012 = CARTESIAN_POINT('',(-2.451026532578,-46.45543838108,
    901.19497654742));
#1013 = CARTESIAN_POINT('',(20.357554346919,-36.27054374255,
    906.39030844705));
#1014 = CARTESIAN_POINT('',(31.749999609074,-18.13558737013,
    911.58580066071));
#1015 = CARTESIAN_POINT('',(31.750001243333,1.801399933163E-06,
    916.78124544111));
#1016 = DEFINITIONAL_REPRESENTATION('',(#1017),#1021);
#1017 = LINE('',#1018,#1019);
#1018 = CARTESIAN_POINT('',(0.,0.));
#1019 = VECTOR('',#1020,1.);
#1020 = DIRECTION('',(0.,1.));
#1021 = ( GEOMETRIC_REPRESENTATION_CONTEXT(2) 
PARAMETRIC_REPRESENTATION_CONTEXT() REPRESENTATION_CONTEXT('2D SPACE',''
  ) );
#1022 = ORIENTED_EDGE('',*,*,#1023,.F.);
#1023 = EDGE_CURVE('',#1024,#736,#1026,.T.);
#1024 = VERTEX_POINT('',#1025);
#1025 = CARTESIAN_POINT('',(14.287498756668,-1.801398965321E-06,
    912.01875455888));
#1026 = SURFACE_CURVE('',#1027,(#1030,#1037),.PCURVE_S1.);
#1027 = B_SPLINE_CURVE_WITH_KNOTS('',1,(#1028,#1029),.UNSPECIFIED.,.F.,
  .F.,(2,2),(0.,17.4625),.PIECEWISE_BEZIER_KNOTS.);
#1028 = CARTESIAN_POINT('',(14.287498756668,-1.801398965321E-06,
    912.01875455888));
#1029 = CARTESIAN_POINT('',(31.749998756666,1.801433859528E-06,
    912.01874544111));
#1030 = PCURVE('',#337,#1031);
#1031 = DEFINITIONAL_REPRESENTATION('',(#1032),#1036);
#1032 = LINE('',#1033,#1034);
#1033 = CARTESIAN_POINT('',(0.,459.95484422569));
#1034 = VECTOR('',#1035,1.);
#1035 = DIRECTION('',(1.,0.));
#1036 = ( GEOMETRIC_REPRESENTATION_CONTEXT(2) 
PARAMETRIC_REPRESENTATION_CONTEXT() REPRESENTATION_CONTEXT('2D SPACE',''
  ) );
#1037 = PCURVE('',#1038,#1043);
#1038 = PLANE('',#1039);
#1039 = AXIS2_PLACEMENT_3D('',#1040,#1041,#1042);
#1040 = CARTESIAN_POINT('',(23.018750000001,4.75464360118E-13,914.4));
#1041 = DIRECTION('',(2.06318273616E-07,-1.,-7.234923580068E-12));
#1042 = DIRECTION('',(-1.,-2.06318273616E-07,1.925929944387E-34));
#1043 = DEFINITIONAL_REPRESENTATION('',(#1044),#1047);
#1044 = B_SPLINE_CURVE_WITH_KNOTS('',1,(#1045,#1046),.UNSPECIFIED.,.F.,
  .F.,(2,2),(0.,17.4625),.PIECEWISE_BEZIER_KNOTS.);
#1045 = CARTESIAN_POINT('',(8.731251243332,2.38124544111));
#1046 = CARTESIAN_POINT('',(-8.731248756665,2.381254558889));
#1047 = ( GEOMETRIC_REPRESENTATION_CONTEXT(2) 
PARAMETRIC_REPRESENTATION_CONTEXT() REPRESENTATION_CONTEXT('2D SPACE',''
  ) );
#1048 = ORIENTED_EDGE('',*,*,#1049,.F.);
#1049 = EDGE_CURVE('',#1050,#1024,#1052,.T.);
#1050 = VERTEX_POINT('',#1051);
#1051 = CARTESIAN_POINT('',(-3.98491607394,13.720535684889,
    643.12723039874));
#1052 = SURFACE_CURVE('',#1053,(#1143,#1150),.PCURVE_S1.);
#1053 = B_SPLINE_CURVE_WITH_KNOTS('',11,(#1054,#1055,#1056,#1057,#1058,
    #1059,#1060,#1061,#1062,#1063,#1064,#1065,#1066,#1067,#1068,#1069,
    #1070,#1071,#1072,#1073,#1074,#1075,#1076,#1077,#1078,#1079,#1080,
    #1081,#1082,#1083,#1084,#1085,#1086,#1087,#1088,#1089,#1090,#1091,
    #1092,#1093,#1094,#1095,#1096,#1097,#1098,#1099,#1100,#1101,#1102,
    #1103,#1104,#1105,#1106,#1107,#1108,#1109,#1110,#1111,#1112,#1113,
    #1114,#1115,#1116,#1117,#1118,#1119,#1120,#1121,#1122,#1123,#1124,
    #1125,#1126,#1127,#1128,#1129,#1130,#1131,#1132,#1133,#1134,#1135,
    #1136,#1137,#1138,#1139,#1140,#1141,#1142),.UNSPECIFIED.,.F.,.F.,(12
    ,11,11,11,11,11,11,11,12),(0.,57.494355528211,114.98871105642,
    172.48306658463,229.97742211284,287.47177764105,344.96613316926,
    402.46048869747,459.95484422569),.PIECEWISE_BEZIER_KNOTS.);
#1054 = CARTESIAN_POINT('',(14.2875,-3.706777854599E-15,454.81875));
#1055 = CARTESIAN_POINT('',(14.287497450735,8.160969500838,
    460.01421389275));
#1056 = CARTESIAN_POINT('',(9.160894356209,16.32198022274,
    465.20963303437));
#1057 = CARTESIAN_POINT('',(-1.1029272197,20.904256889108,
    470.40520338672));
#1058 = CARTESIAN_POINT('',(-13.64185847484,18.318534821434,
    475.6003880744));
#1059 = CARTESIAN_POINT('',(-22.99107357343,7.552973848902,
    480.79628448551));
#1060 = CARTESIAN_POINT('',(-22.99113441857,-7.552988143411,
    485.99122480188));
#1061 = CARTESIAN_POINT('',(-13.64183108354,-18.31849892693,
    491.18710428392));
#1062 = CARTESIAN_POINT('',(-1.102932842549,-20.9042813699,
    496.38231614381));
#1063 = CARTESIAN_POINT('',(9.160888495281,-16.32197142664,
    501.57785842379));
#1064 = CARTESIAN_POINT('',(14.287497879485,-8.160974776109,
    506.77329945755));
#1065 = CARTESIAN_POINT('',(14.287499999968,-4.69596751275E-11,
    511.96875000011));
#1066 = CARTESIAN_POINT('',(14.287497450891,8.160969500998,
    517.16421389227));
#1067 = CARTESIAN_POINT('',(9.160894355728,16.321980222403,
    522.3596330356));
#1068 = CARTESIAN_POINT('',(-1.102927218698,20.904256889648,
    527.5552033844));
#1069 = CARTESIAN_POINT('',(-13.64185847632,18.318534820701,
    532.75038807776));
#1070 = CARTESIAN_POINT('',(-22.99107357186,7.55297384979,537.9462844817
    ));
#1071 = CARTESIAN_POINT('',(-22.99113441978,-7.552988144347,
    543.14122480528));
#1072 = CARTESIAN_POINT('',(-13.64183108285,-18.31849892612,
    548.33710428152));
#1073 = CARTESIAN_POINT('',(-1.102932842844,-20.90428137043,
    553.53231614516));
#1074 = CARTESIAN_POINT('',(9.160888495386,-16.32197142639,
    558.72785842321));
#1075 = CARTESIAN_POINT('',(14.287497879453,-8.160974776183,
    563.92329945772));
#1076 = CARTESIAN_POINT('',(14.287499999971,-4.115832482203E-11,
    569.1187500001));
#1077 = CARTESIAN_POINT('',(14.287497450873,8.16096950099,
    574.31421389232));
#1078 = CARTESIAN_POINT('',(9.160894355784,16.321980222358,
    579.50963303553));
#1079 = CARTESIAN_POINT('',(-1.102927218796,20.904256889881,
    584.70520338435));
#1080 = CARTESIAN_POINT('',(-13.64185847625,18.31853482012,
    589.90038807826));
#1081 = CARTESIAN_POINT('',(-22.99107357176,7.552973850773,
    595.09628448042));
#1082 = CARTESIAN_POINT('',(-22.99113442014,-7.552988145583,
    600.29122480738));
#1083 = CARTESIAN_POINT('',(-13.64183108228,-18.31849892491,
    605.48710427901));
#1084 = CARTESIAN_POINT('',(-1.102932843447,-20.90428137139,
    610.68231614743));
#1085 = CARTESIAN_POINT('',(9.160888495844,-16.32197142576,
    615.87785842161));
#1086 = CARTESIAN_POINT('',(14.287497879197,-8.160974776528,
    621.0732994586));
#1087 = CARTESIAN_POINT('',(14.287500000075,1.127337962859E-10,
    626.26874999973));
#1088 = CARTESIAN_POINT('',(14.287497450367,8.160969500415,
    631.46421389388));
#1089 = CARTESIAN_POINT('',(9.160894357328,16.321980223681,
    636.65963303146));
#1090 = CARTESIAN_POINT('',(-1.102927222014,20.904256887528,
    641.85520339218));
#1091 = CARTESIAN_POINT('',(-13.64185847147,18.318534823642,
    647.05038806647));
#1092 = CARTESIAN_POINT('',(-22.99107357695,7.552973846251,
    652.24628449458));
#1093 = CARTESIAN_POINT('',(-22.99113441594,-7.55298814073,
    657.44122479363));
#1094 = CARTESIAN_POINT('',(-13.64183108493,-18.3184989291,
    662.63710428985));
#1095 = CARTESIAN_POINT('',(-1.102932842025,-20.90428136858,
    667.83231614053));
#1096 = CARTESIAN_POINT('',(9.160888495131,-16.32197142718,
    673.02785842509));
#1097 = CARTESIAN_POINT('',(14.28749787951,-8.160974775999,
    678.22329945728));
#1098 = CARTESIAN_POINT('',(14.287499999987,-1.879448357374E-11,
    683.41875000003));
#1099 = CARTESIAN_POINT('',(14.287497337806,8.160969337204,
    688.61421430687));
#1100 = CARTESIAN_POINT('',(9.160894858116,16.321980950151,
    693.80963119363));
#1101 = CARTESIAN_POINT('',(-1.102928577382,20.904254921248,
    699.00520836627));
#1102 = CARTESIAN_POINT('',(-13.64185575498,18.318538763676,
    704.20037809885));
#1103 = CARTESIAN_POINT('',(-22.99107789233,7.552967589346,
    709.39630032511));
#1104 = CARTESIAN_POINT('',(-22.99112880967,-7.552980014938,
    714.59120423248));
#1105 = CARTESIAN_POINT('',(-13.64183713104,-18.31850769025,
    719.78712646044));
#1106 = CARTESIAN_POINT('',(-1.102927401064,-20.90427348531,
    724.98229619056));
#1107 = CARTESIAN_POINT('',(9.160884420424,-16.32197733074,
    730.17787336531));
#1108 = CARTESIAN_POINT('',(14.287500390381,-8.160971138138,
    735.37329025086));
#1109 = CARTESIAN_POINT('',(14.287498756874,-1.801115660895E-06,
    740.56875455813));
#1110 = CARTESIAN_POINT('',(14.287499961686,8.160973138866,
    745.76420468588));
#1111 = CARTESIAN_POINT('',(9.160890281213,16.321974318672,
    750.95964797602));
#1112 = CARTESIAN_POINT('',(-1.102921777771,20.904264773399,
    756.1551834335));
#1113 = CARTESIAN_POINT('',(-13.64186452348,18.318526058796,
    761.35041025083));
#1114 = CARTESIAN_POINT('',(-22.99106796246,7.55298197648,
    766.54626391578));
#1115 = CARTESIAN_POINT('',(-22.9911387402,-7.552994402321,
    771.74124064278));
#1116 = CARTESIAN_POINT('',(-13.641828361,-18.31849498468,
    776.93709430599));
#1117 = CARTESIAN_POINT('',(-1.102934202224,-20.9042833384,
    782.13232112625));
#1118 = CARTESIAN_POINT('',(9.160888998354,-16.32197069836,
    787.32785658049));
#1119 = CARTESIAN_POINT('',(14.287497765991,-8.160974940421,
    792.52329987338));
#1120 = CARTESIAN_POINT('',(14.287500000194,2.914560155116E-10,
    797.7187499993));
#1121 = CARTESIAN_POINT('',(14.287497449879,8.16096949988,
    802.91421389533));
#1122 = CARTESIAN_POINT('',(9.160894358692,16.321980224754,
    808.1096330281));
#1123 = CARTESIAN_POINT('',(-1.102927224646,20.904256885857,
    813.30520339805));
#1124 = CARTESIAN_POINT('',(-13.64185846797,18.318534825826,
    818.50038805852));
#1125 = CARTESIAN_POINT('',(-22.99107358004,7.552973843815,
    823.69628450287));
#1126 = CARTESIAN_POINT('',(-22.99113441442,-7.55298813855,
    828.89122478726));
#1127 = CARTESIAN_POINT('',(-13.64183108484,-18.31849893044,
    834.08710429296));
#1128 = CARTESIAN_POINT('',(-1.102932842884,-20.90428136829,
    839.28231614035));
#1129 = CARTESIAN_POINT('',(9.160888495965,-16.32197142676,
    844.47785842376));
#1130 = CARTESIAN_POINT('',(14.287497878981,-8.160974776585,
    849.67329945876));
#1131 = CARTESIAN_POINT('',(14.287500000255,3.829350426643E-10,
    854.86874999907));
#1132 = CARTESIAN_POINT('',(14.28749733659,8.16096933582,860.0642143106)
  );
#1133 = CARTESIAN_POINT('',(9.160894861718,16.321980953183,
    865.25963118424));
#1134 = CARTESIAN_POINT('',(-1.102928584748,20.904254916133,
    870.45520838395));
#1135 = CARTESIAN_POINT('',(-13.64185574428,18.318538770941,
    875.65037807274));
#1136 = CARTESIAN_POINT('',(-22.99107790358,7.552967580391,
    880.84630035593));
#1137 = CARTESIAN_POINT('',(-22.99112880102,-7.552980005545,
    886.04120420315));
#1138 = CARTESIAN_POINT('',(-13.64183713605,-18.31850769829,
    891.23712648305));
#1139 = CARTESIAN_POINT('',(-1.102927398663,-20.9042734799,
    896.43229617646));
#1140 = CARTESIAN_POINT('',(9.160884419278,-16.32197733351,
    901.62787337236));
#1141 = CARTESIAN_POINT('',(14.287500390938,-8.160971137083,
    906.82329024812));
#1142 = CARTESIAN_POINT('',(14.287498756668,-1.801398965321E-06,
    912.01875455888));
#1143 = PCURVE('',#337,#1144);
#1144 = DEFINITIONAL_REPRESENTATION('',(#1145),#1149);
#1145 = LINE('',#1146,#1147);
#1146 = CARTESIAN_POINT('',(0.,0.));
#1147 = VECTOR('',#1148,1.);
#1148 = DIRECTION('',(0.,1.));
#1149 = ( GEOMETRIC_REPRESENTATION_CONTEXT(2) 
PARAMETRIC_REPRESENTATION_CONTEXT() REPRESENTATION_CONTEXT('2D SPACE',''
  ) );
#1150 = PCURVE('',#1151,#1330);
#1151 = B_SPLINE_SURFACE_WITH_KNOTS('',1,11,(
    (#1152,#1153,#1154,#1155,#1156,#1157,#1158,#1159,#1160,#1161,#1162
      ,#1163,#1164,#1165,#1166,#1167,#1168,#1169,#1170,#1171,#1172,#1173
      ,#1174,#1175,#1176,#1177,#1178,#1179,#1180,#1181,#1182,#1183,#1184
      ,#1185,#1186,#1187,#1188,#1189,#1190,#1191,#1192,#1193,#1194,#1195
      ,#1196,#1197,#1198,#1199,#1200,#1201,#1202,#1203,#1204,#1205,#1206
      ,#1207,#1208,#1209,#1210,#1211,#1212,#1213,#1214,#1215,#1216,#1217
      ,#1218,#1219,#1220,#1221,#1222,#1223,#1224,#1225,#1226,#1227,#1228
      ,#1229,#1230,#1231,#1232,#1233,#1234,#1235,#1236,#1237,#1238,#1239
      ,#1240)
    ,(#1241,#1242,#1243,#1244,#1245,#1246,#1247,#1248,#1249,#1250,#1251
      ,#1252,#1253,#1254,#1255,#1256,#1257,#1258,#1259,#1260,#1261,#1262
      ,#1263,#1264,#1265,#1266,#1267,#1268,#1269,#1270,#1271,#1272,#1273
      ,#1274,#1275,#1276,#1277,#1278,#1279,#1280,#1281,#1282,#1283,#1284
      ,#1285,#1286,#1287,#1288,#1289,#1290,#1291,#1292,#1293,#1294,#1295
      ,#1296,#1297,#1298,#1299,#1300,#1301,#1302,#1303,#1304,#1305,#1306
      ,#1307,#1308,#1309,#1310,#1311,#1312,#1313,#1314,#1315,#1316,#1317
      ,#1318,#1319,#1320,#1321,#1322,#1323,#1324,#1325,#1326,#1327,#1328
      ,#1329
    )),.UNSPECIFIED.,.F.,.F.,.F.,(2,2),(12,11,11,11,11,11,11,11,12),(0.,
    4.7625),(0.,57.494355528211,114.98871105642,172.48306658463,
    229.97742211284,287.47177764105,344.96613316926,402.46048869747,
    459.95484422569),.PIECEWISE_BEZIER_KNOTS.);
#1152 = CARTESIAN_POINT('',(14.2875,-7.913385827966E-15,459.58125));
#1153 = CARTESIAN_POINT('',(14.287502549262,8.160970210909,
    464.77671389275));
#1154 = CARTESIAN_POINT('',(9.16088777719,16.321976868223,
    469.97213303437));
#1155 = CARTESIAN_POINT('',(-1.102926219845,20.904277411673,
    475.16770338671));
#1156 = CARTESIAN_POINT('',(-13.64183328854,18.318507060888,
    480.36288807442));
#1157 = CARTESIAN_POINT('',(-22.99113417688,7.552989830365,
    485.55878448546));
#1158 = CARTESIAN_POINT('',(-22.9910752363,-7.552973476661,
    490.75372480193));
#1159 = CARTESIAN_POINT('',(-13.64186529813,-18.31852987489,
    495.94960428387));
#1160 = CARTESIAN_POINT('',(-1.102925867552,-20.90426448512,
    501.14481614384));
#1161 = CARTESIAN_POINT('',(9.160889523016,-16.32197762138,
    506.34035842378));
#1162 = CARTESIAN_POINT('',(14.287500062942,-8.160975486176,
    511.53579945755));
#1163 = CARTESIAN_POINT('',(14.287500000033,-4.360764911621E-11,
    516.73125000011));
#1164 = CARTESIAN_POINT('',(14.287502549162,8.160970211072,
    521.92671389227));
#1165 = CARTESIAN_POINT('',(9.160887777369,16.321976867801,
    527.12213303559));
#1166 = CARTESIAN_POINT('',(-1.102926220099,20.904277412482,
    532.31770338441));
#1167 = CARTESIAN_POINT('',(-13.64183328818,18.318507059708,
    537.51288807774));
#1168 = CARTESIAN_POINT('',(-22.9911341774,7.552989831696,
    542.70878448172));
#1169 = CARTESIAN_POINT('',(-22.99107523565,-7.552973477845,
    547.90372480526));
#1170 = CARTESIAN_POINT('',(-13.64186529876,-18.31852987405,
    553.09960428152));
#1171 = CARTESIAN_POINT('',(-1.102925867118,-20.90426448561,
    558.29481614515));
#1172 = CARTESIAN_POINT('',(9.160889522813,-16.32197762115,
    563.49035842322));
#1173 = CARTESIAN_POINT('',(14.287500063,-8.16097548625,568.68579945772)
  );
#1174 = CARTESIAN_POINT('',(14.287500000028,-3.694222131066E-11,
    573.8812500001));
#1175 = CARTESIAN_POINT('',(14.287502549171,8.160970211065,
    579.07671389232));
#1176 = CARTESIAN_POINT('',(9.160887777397,16.321976867776,
    584.27213303553));
#1177 = CARTESIAN_POINT('',(-1.102926220268,20.904277412625,
    589.46770338432));
#1178 = CARTESIAN_POINT('',(-13.64183328775,18.318507059319,
    594.66288807831));
#1179 = CARTESIAN_POINT('',(-22.99113417813,7.552989832426,
    599.85878448035));
#1180 = CARTESIAN_POINT('',(-22.99107523473,-7.552973478871,
    605.05372480746));
#1181 = CARTESIAN_POINT('',(-13.64186529965,-18.31852987293,
    610.24960427894));
#1182 = CARTESIAN_POINT('',(-1.102925866441,-20.90426448658,
    615.44481614747));
#1183 = CARTESIAN_POINT('',(9.160889522384,-16.32197762049,
    620.64035842159));
#1184 = CARTESIAN_POINT('',(14.287500063231,-8.160975486605,
    625.8357994586));
#1185 = CARTESIAN_POINT('',(14.287499999924,1.070996781723E-10,
    631.03124999973));
#1186 = CARTESIAN_POINT('',(14.287502549502,8.16097021048,
    636.22671389388));
#1187 = CARTESIAN_POINT('',(9.160887776761,16.321976869361,
    641.42213303148));
#1188 = CARTESIAN_POINT('',(-1.102926219226,20.90427740947,
    646.61770339214));
#1189 = CARTESIAN_POINT('',(-13.64183328948,18.31850706409,
    651.81288806656));
#1190 = CARTESIAN_POINT('',(-22.99113417541,7.552989826815,
    657.00878449446));
#1191 = CARTESIAN_POINT('',(-22.99107523823,-7.55297347362,
    662.20372479375));
#1192 = CARTESIAN_POINT('',(-13.64186529628,-18.31852987694,
    667.39960428975));
#1193 = CARTESIAN_POINT('',(-1.102925868796,-20.90426448404,
    672.59481614059));
#1194 = CARTESIAN_POINT('',(9.160889523551,-16.32197762182,
    677.79035842507));
#1195 = CARTESIAN_POINT('',(14.287500062831,-8.160975486073,
    682.98579945729));
#1196 = CARTESIAN_POINT('',(14.287500000013,-2.110224692762E-11,
    688.18125000003));
#1197 = CARTESIAN_POINT('',(14.287502662212,8.160970047273,
    693.37671430686));
#1198 = CARTESIAN_POINT('',(9.160887275073,16.321977595565,
    698.57213119367));
#1199 = CARTESIAN_POINT('',(-1.102924861466,20.904275444116,
    703.76770836618));
#1200 = CARTESIAN_POINT('',(-13.64183600976,18.318511002476,
    708.962878099));
#1201 = CARTESIAN_POINT('',(-22.99112985617,7.552983571709,
    714.1588003249));
#1202 = CARTESIAN_POINT('',(-22.9910808469,-7.552965349044,
    719.3537042327));
#1203 = CARTESIAN_POINT('',(-13.64185924948,-18.31853863764,
    724.54962646027));
#1204 = CARTESIAN_POINT('',(-1.102931309593,-20.90425660079,
    729.74479619066));
#1205 = CARTESIAN_POINT('',(9.160893598053,-16.3219835254,
    734.94037336527));
#1206 = CARTESIAN_POINT('',(14.287497552013,-8.160971848211,
    740.13579025087));
#1207 = CARTESIAN_POINT('',(14.287501243129,-1.801116462308E-06,
    745.33125455813));
#1208 = CARTESIAN_POINT('',(14.287500038289,8.160973848936,
    750.52670468589));
#1209 = CARTESIAN_POINT('',(9.160891852189,16.321970964122,
    755.72214797598));
#1210 = CARTESIAN_POINT('',(-1.102931661532,20.90428529617,
    760.91768343357));
#1211 = CARTESIAN_POINT('',(-13.64182724083,18.318498297639,
    766.11291025072));
#1212 = CARTESIAN_POINT('',(-22.99113978592,7.552997959077,
    771.30876391591));
#1213 = CARTESIAN_POINT('',(-22.99107091729,-7.552979737007,
    776.50374064265));
#1214 = CARTESIAN_POINT('',(-13.64186801821,-18.31852593138,
    781.69959430609));
#1215 = CARTESIAN_POINT('',(-1.102924509471,-20.90426645438,
    786.89482112619));
#1216 = CARTESIAN_POINT('',(9.16088902062,-16.32197689283,
    792.09035658052));
#1217 = CARTESIAN_POINT('',(14.287500176281,-8.160975650516,
    797.28579987337));
#1218 = CARTESIAN_POINT('',(14.287499999805,2.68438162239E-10,
    802.4812499993));
#1219 = CARTESIAN_POINT('',(14.28750254979,8.160970209928,
    807.67671389533));
#1220 = CARTESIAN_POINT('',(9.160887776335,16.321976870719,
    812.87213302814));
#1221 = CARTESIAN_POINT('',(-1.102926218716,20.904277407013,
    818.06770339797));
#1222 = CARTESIAN_POINT('',(-13.64183329024,18.318507067352,
    823.26288805867));
#1223 = CARTESIAN_POINT('',(-22.99113417407,7.552989823705,
    828.45878450266));
#1224 = CARTESIAN_POINT('',(-22.99107524008,-7.552973471652,
    833.65372478748));
#1225 = CARTESIAN_POINT('',(-13.64186529459,-18.31852987748,
    838.84960429279));
#1226 = CARTESIAN_POINT('',(-1.102925869669,-20.90426448446,
    844.04481614044));
#1227 = CARTESIAN_POINT('',(9.160889523602,-16.32197762108,
    849.24035842373));
#1228 = CARTESIAN_POINT('',(14.287500063136,-8.160975486691,
    854.43579945877));
#1229 = CARTESIAN_POINT('',(14.287499999746,3.479003996593E-10,
    859.63124999907));
#1230 = CARTESIAN_POINT('',(14.28750266298,8.160970045856,
    864.82671431059));
#1231 = CARTESIAN_POINT('',(9.160887273721,16.321977599289,
    870.02213118428));
#1232 = CARTESIAN_POINT('',(-1.102924859463,20.904275436925,
    875.21770838386));
#1233 = CARTESIAN_POINT('',(-13.64183601298,18.318511012958,
    880.41287807289));
#1234 = CARTESIAN_POINT('',(-22.99112985093,7.552983559949,
    885.60880035575));
#1235 = CARTESIAN_POINT('',(-22.99108085396,-7.552965338657,
    890.8037042033));
#1236 = CARTESIAN_POINT('',(-13.64185924242,-18.3185386451,
    895.99962648296));
#1237 = CARTESIAN_POINT('',(-1.102931314666,-20.90425659627,
    901.19479617649));
#1238 = CARTESIAN_POINT('',(9.160893600622,-16.32198352777,
    906.39037337236));
#1239 = CARTESIAN_POINT('',(14.28749755112,-8.16097184719,
    911.58579024812));
#1240 = CARTESIAN_POINT('',(14.287501243335,-1.801432948361E-06,
    916.78125455888));
#1241 = CARTESIAN_POINT('',(14.2875,-3.706777854599E-15,454.81875));
#1242 = CARTESIAN_POINT('',(14.287497450735,8.160969500838,
    460.01421389275));
#1243 = CARTESIAN_POINT('',(9.160894356209,16.32198022274,
    465.20963303437));
#1244 = CARTESIAN_POINT('',(-1.1029272197,20.904256889108,
    470.40520338672));
#1245 = CARTESIAN_POINT('',(-13.64185847484,18.318534821434,
    475.6003880744));
#1246 = CARTESIAN_POINT('',(-22.99107357343,7.552973848902,
    480.79628448551));
#1247 = CARTESIAN_POINT('',(-22.99113441857,-7.552988143411,
    485.99122480188));
#1248 = CARTESIAN_POINT('',(-13.64183108354,-18.31849892693,
    491.18710428392));
#1249 = CARTESIAN_POINT('',(-1.102932842549,-20.9042813699,
    496.38231614381));
#1250 = CARTESIAN_POINT('',(9.160888495281,-16.32197142664,
    501.57785842379));
#1251 = CARTESIAN_POINT('',(14.287497879485,-8.160974776109,
    506.77329945755));
#1252 = CARTESIAN_POINT('',(14.287499999968,-4.69596751275E-11,
    511.96875000011));
#1253 = CARTESIAN_POINT('',(14.287497450891,8.160969500998,
    517.16421389227));
#1254 = CARTESIAN_POINT('',(9.160894355728,16.321980222403,
    522.3596330356));
#1255 = CARTESIAN_POINT('',(-1.102927218698,20.904256889648,
    527.5552033844));
#1256 = CARTESIAN_POINT('',(-13.64185847632,18.318534820701,
    532.75038807776));
#1257 = CARTESIAN_POINT('',(-22.99107357186,7.55297384979,537.9462844817
    ));
#1258 = CARTESIAN_POINT('',(-22.99113441978,-7.552988144347,
    543.14122480528));
#1259 = CARTESIAN_POINT('',(-13.64183108285,-18.31849892612,
    548.33710428152));
#1260 = CARTESIAN_POINT('',(-1.102932842844,-20.90428137043,
    553.53231614516));
#1261 = CARTESIAN_POINT('',(9.160888495386,-16.32197142639,
    558.72785842321));
#1262 = CARTESIAN_POINT('',(14.287497879453,-8.160974776183,
    563.92329945772));
#1263 = CARTESIAN_POINT('',(14.287499999971,-4.115832482203E-11,
    569.1187500001));
#1264 = CARTESIAN_POINT('',(14.287497450873,8.16096950099,
    574.31421389232));
#1265 = CARTESIAN_POINT('',(9.160894355784,16.321980222358,
    579.50963303553));
#1266 = CARTESIAN_POINT('',(-1.102927218796,20.904256889881,
    584.70520338435));
#1267 = CARTESIAN_POINT('',(-13.64185847625,18.31853482012,
    589.90038807826));
#1268 = CARTESIAN_POINT('',(-22.99107357176,7.552973850773,
    595.09628448042));
#1269 = CARTESIAN_POINT('',(-22.99113442014,-7.552988145583,
    600.29122480738));
#1270 = CARTESIAN_POINT('',(-13.64183108228,-18.31849892491,
    605.48710427901));
#1271 = CARTESIAN_POINT('',(-1.102932843447,-20.90428137139,
    610.68231614743));
#1272 = CARTESIAN_POINT('',(9.160888495844,-16.32197142576,
    615.87785842161));
#1273 = CARTESIAN_POINT('',(14.287497879197,-8.160974776528,
    621.0732994586));
#1274 = CARTESIAN_POINT('',(14.287500000075,1.127337962859E-10,
    626.26874999973));
#1275 = CARTESIAN_POINT('',(14.287497450367,8.160969500415,
    631.46421389388));
#1276 = CARTESIAN_POINT('',(9.160894357328,16.321980223681,
    636.65963303146));
#1277 = CARTESIAN_POINT('',(-1.102927222014,20.904256887528,
    641.85520339218));
#1278 = CARTESIAN_POINT('',(-13.64185847147,18.318534823642,
    647.05038806647));
#1279 = CARTESIAN_POINT('',(-22.99107357695,7.552973846251,
    652.24628449458));
#1280 = CARTESIAN_POINT('',(-22.99113441594,-7.55298814073,
    657.44122479363));
#1281 = CARTESIAN_POINT('',(-13.64183108493,-18.3184989291,
    662.63710428985));
#1282 = CARTESIAN_POINT('',(-1.102932842025,-20.90428136858,
    667.83231614053));
#1283 = CARTESIAN_POINT('',(9.160888495131,-16.32197142718,
    673.02785842509));
#1284 = CARTESIAN_POINT('',(14.28749787951,-8.160974775999,
    678.22329945728));
#1285 = CARTESIAN_POINT('',(14.287499999987,-1.879448357374E-11,
    683.41875000003));
#1286 = CARTESIAN_POINT('',(14.287497337806,8.160969337204,
    688.61421430687));
#1287 = CARTESIAN_POINT('',(9.160894858116,16.321980950151,
    693.80963119363));
#1288 = CARTESIAN_POINT('',(-1.102928577382,20.904254921248,
    699.00520836627));
#1289 = CARTESIAN_POINT('',(-13.64185575498,18.318538763676,
    704.20037809885));
#1290 = CARTESIAN_POINT('',(-22.99107789233,7.552967589346,
    709.39630032511));
#1291 = CARTESIAN_POINT('',(-22.99112880967,-7.552980014938,
    714.59120423248));
#1292 = CARTESIAN_POINT('',(-13.64183713104,-18.31850769025,
    719.78712646044));
#1293 = CARTESIAN_POINT('',(-1.102927401064,-20.90427348531,
    724.98229619056));
#1294 = CARTESIAN_POINT('',(9.160884420424,-16.32197733074,
    730.17787336531));
#1295 = CARTESIAN_POINT('',(14.287500390381,-8.160971138138,
    735.37329025086));
#1296 = CARTESIAN_POINT('',(14.287498756874,-1.801115660895E-06,
    740.56875455813));
#1297 = CARTESIAN_POINT('',(14.287499961686,8.160973138866,
    745.76420468588));
#1298 = CARTESIAN_POINT('',(9.160890281213,16.321974318672,
    750.95964797602));
#1299 = CARTESIAN_POINT('',(-1.102921777771,20.904264773399,
    756.1551834335));
#1300 = CARTESIAN_POINT('',(-13.64186452348,18.318526058796,
    761.35041025083));
#1301 = CARTESIAN_POINT('',(-22.99106796246,7.55298197648,
    766.54626391578));
#1302 = CARTESIAN_POINT('',(-22.9911387402,-7.552994402321,
    771.74124064278));
#1303 = CARTESIAN_POINT('',(-13.641828361,-18.31849498468,
    776.93709430599));
#1304 = CARTESIAN_POINT('',(-1.102934202224,-20.9042833384,
    782.13232112625));
#1305 = CARTESIAN_POINT('',(9.160888998354,-16.32197069836,
    787.32785658049));
#1306 = CARTESIAN_POINT('',(14.287497765991,-8.160974940421,
    792.52329987338));
#1307 = CARTESIAN_POINT('',(14.287500000194,2.914560155116E-10,
    797.7187499993));
#1308 = CARTESIAN_POINT('',(14.287497449879,8.16096949988,
    802.91421389533));
#1309 = CARTESIAN_POINT('',(9.160894358692,16.321980224754,
    808.1096330281));
#1310 = CARTESIAN_POINT('',(-1.102927224646,20.904256885857,
    813.30520339805));
#1311 = CARTESIAN_POINT('',(-13.64185846797,18.318534825826,
    818.50038805852));
#1312 = CARTESIAN_POINT('',(-22.99107358004,7.552973843815,
    823.69628450287));
#1313 = CARTESIAN_POINT('',(-22.99113441442,-7.55298813855,
    828.89122478726));
#1314 = CARTESIAN_POINT('',(-13.64183108484,-18.31849893044,
    834.08710429296));
#1315 = CARTESIAN_POINT('',(-1.102932842884,-20.90428136829,
    839.28231614035));
#1316 = CARTESIAN_POINT('',(9.160888495965,-16.32197142676,
    844.47785842376));
#1317 = CARTESIAN_POINT('',(14.287497878981,-8.160974776585,
    849.67329945876));
#1318 = CARTESIAN_POINT('',(14.287500000255,3.829350426643E-10,
    854.86874999907));
#1319 = CARTESIAN_POINT('',(14.28749733659,8.16096933582,860.0642143106)
  );
#1320 = CARTESIAN_POINT('',(9.160894861718,16.321980953183,
    865.25963118424));
#1321 = CARTESIAN_POINT('',(-1.102928584748,20.904254916133,
    870.45520838395));
#1322 = CARTESIAN_POINT('',(-13.64185574428,18.318538770941,
    875.65037807274));
#1323 = CARTESIAN_POINT('',(-22.99107790358,7.552967580391,
    880.84630035593));
#1324 = CARTESIAN_POINT('',(-22.99112880102,-7.552980005545,
    886.04120420315));
#1325 = CARTESIAN_POINT('',(-13.64183713605,-18.31850769829,
    891.23712648305));
#1326 = CARTESIAN_POINT('',(-1.102927398663,-20.9042734799,
    896.43229617646));
#1327 = CARTESIAN_POINT('',(9.160884419278,-16.32197733351,
    901.62787337236));
#1328 = CARTESIAN_POINT('',(14.287500390938,-8.160971137083,
    906.82329024812));
#1329 = CARTESIAN_POINT('',(14.287498756668,-1.801398965321E-06,
    912.01875455888));
#1330 = DEFINITIONAL_REPRESENTATION('',(#1331),#1335);
#1331 = LINE('',#1332,#1333);
#1332 = CARTESIAN_POINT('',(4.7625,0.));
#1333 = VECTOR('',#1334,1.);
#1334 = DIRECTION('',(0.,1.));
#1335 = ( GEOMETRIC_REPRESENTATION_CONTEXT(2) 
PARAMETRIC_REPRESENTATION_CONTEXT() REPRESENTATION_CONTEXT('2D SPACE',''
  ) );
#1336 = ORIENTED_EDGE('',*,*,#1337,.T.);
#1337 = EDGE_CURVE('',#1050,#1338,#1340,.T.);
#1338 = VERTEX_POINT('',#1339);
#1339 = CARTESIAN_POINT('',(3.984917186311,13.720533985255,
    637.98528217862));
#1340 = SURFACE_CURVE('',#1341,(#1374,#1410),.PCURVE_S1.);
#1341 = B_SPLINE_CURVE_WITH_KNOTS('',7,(#1342,#1343,#1344,#1345,#1346,
    #1347,#1348,#1349,#1350,#1351,#1352,#1353,#1354,#1355,#1356,#1357,
    #1358,#1359,#1360,#1361,#1362,#1363,#1364,#1365,#1366,#1367,#1368,
    #1369,#1370,#1371,#1372,#1373),.UNSPECIFIED.,.F.,.F.,(8,6,6,6,6,8),(
    0.,0.222635156748,0.370975034376,0.684154852955,0.777570584787,1.),
  .UNSPECIFIED.);
#1342 = CARTESIAN_POINT('',(-3.98491607394,13.720535684889,
    643.12723039874));
#1343 = CARTESIAN_POINT('',(-3.823672533627,13.966905770749,
    642.98490827849));
#1344 = CARTESIAN_POINT('',(-3.644272804127,14.202234737608,
    642.83790063212));
#1345 = CARTESIAN_POINT('',(-3.447479465609,14.425021767565,
    642.68666221992));
#1346 = CARTESIAN_POINT('',(-3.234220830281,14.633750246465,
    642.53160399718));
#1347 = CARTESIAN_POINT('',(-3.005617265636,14.82693292379,
    642.37311129765));
#1348 = CARTESIAN_POINT('',(-2.763002125537,15.003161567306,
    642.21156350068));
#1349 = CARTESIAN_POINT('',(-2.337989796718,15.266434841651,
    641.9379446011));
#1350 = CARTESIAN_POINT('',(-2.16251514177,15.363616002156,
    641.82735272702));
#1351 = CARTESIAN_POINT('',(-1.981980448649,15.452324890476,
    641.71569982797));
#1352 = CARTESIAN_POINT('',(-1.796892393898,15.532213619404,
    641.60310483483));
#1353 = CARTESIAN_POINT('',(-1.607795942684,15.602972998943,
    641.48968791875));
#1354 = CARTESIAN_POINT('',(-1.415273085237,15.66433941719,
    641.37557306859));
#1355 = CARTESIAN_POINT('',(-0.807551537262,15.825383926739,
    641.01876957551));
#1356 = CARTESIAN_POINT('',(-0.382341685156,15.891937839757,
    640.77394245724));
#1357 = CARTESIAN_POINT('',(4.951415801817E-02,15.913565262668,
    640.5278628094));
#1358 = CARTESIAN_POINT('',(0.481659809859,15.889527907686,
    640.28177181992));
#1359 = CARTESIAN_POINT('',(0.907823253317,15.820311763695,
    640.03683983588));
#1360 = CARTESIAN_POINT('',(1.321978549362,15.707564178821,
    639.79425661815));
#1361 = CARTESIAN_POINT('',(1.836871154202,15.50833893108,
    639.48407259516));
#1362 = CARTESIAN_POINT('',(1.953619282724,15.458939923696,
    639.41312547576));
#1363 = CARTESIAN_POINT('',(2.068677027207,15.40598514892,
    639.34252740821));
#1364 = CARTESIAN_POINT('',(2.181909276321,15.349552571876,
    639.27230870201));
#1365 = CARTESIAN_POINT('',(2.293187269594,15.289726354518,
    639.20249914918));
#1366 = CARTESIAN_POINT('',(2.402388634776,15.226596128643,
    639.13312828104));
#1367 = CARTESIAN_POINT('',(2.764192867095,15.002296405861,
    638.90016356368));
#1368 = CARTESIAN_POINT('',(3.006552519621,14.826142442478,
    638.73875924376));
#1369 = CARTESIAN_POINT('',(3.234919100552,14.633066765945,
    638.58040622948));
#1370 = CARTESIAN_POINT('',(3.447963070378,14.424474335211,
    638.4254829914));
#1371 = CARTESIAN_POINT('',(3.644567141232,14.201848779163,
    638.27437396526));
#1372 = CARTESIAN_POINT('',(3.823805420103,13.966702957633,
    638.12748914057));
#1373 = CARTESIAN_POINT('',(3.984917186311,13.720533985255,
    637.98528217862));
#1374 = PCURVE('',#337,#1375);
#1375 = DEFINITIONAL_REPRESENTATION('',(#1376),#1409);
#1376 = B_SPLINE_CURVE_WITH_KNOTS('',7,(#1377,#1378,#1379,#1380,#1381,
    #1382,#1383,#1384,#1385,#1386,#1387,#1388,#1389,#1390,#1391,#1392,
    #1393,#1394,#1395,#1396,#1397,#1398,#1399,#1400,#1401,#1402,#1403,
    #1404,#1405,#1406,#1407,#1408),.UNSPECIFIED.,.F.,.F.,(8,6,6,6,6,8),(
    0.,0.222635156748,0.370975034376,0.684154852955,0.777570584787,1.),
  .UNSPECIFIED.);
#1377 = CARTESIAN_POINT('',(0.,189.4431251293));
#1378 = CARTESIAN_POINT('',(0.191621502128,189.29994549825));
#1379 = CARTESIAN_POINT('',(0.371657179304,189.15205210497));
#1380 = CARTESIAN_POINT('',(0.539592123016,188.99990244976));
#1381 = CARTESIAN_POINT('',(0.694889045202,188.84390996396));
#1382 = CARTESIAN_POINT('',(0.837010307249,188.68446230298));
#1383 = CARTESIAN_POINT('',(0.965438087871,188.521941132));
#1384 = CARTESIAN_POINT('',(1.155819542125,188.24667358847));
#1385 = CARTESIAN_POINT('',(1.225654383023,188.13541535988));
#1386 = CARTESIAN_POINT('',(1.289053650541,188.02308971122));
#1387 = CARTESIAN_POINT('',(1.345885325634,187.90981628994));
#1388 = CARTESIAN_POINT('',(1.396031462749,187.79571599126));
#1389 = CARTESIAN_POINT('',(1.439390720322,187.68091355112));
#1390 = CARTESIAN_POINT('',(1.552920088704,187.32196016048));
#1391 = CARTESIAN_POINT('',(1.599398263886,187.07565784233));
#1392 = CARTESIAN_POINT('',(1.614393757117,186.82809543831));
#1393 = CARTESIAN_POINT('',(1.59766925955,186.58052161507));
#1394 = CARTESIAN_POINT('',(1.549416139581,186.33411377167));
#1395 = CARTESIAN_POINT('',(1.470236993192,186.09006883806));
#1396 = CARTESIAN_POINT('',(1.328762983477,185.77801575017));
#1397 = CARTESIAN_POINT('',(1.293604957764,185.7066411264));
#1398 = CARTESIAN_POINT('',(1.255819999403,185.63561765693));
#1399 = CARTESIAN_POINT('',(1.215437872438,185.5649758339));
#1400 = CARTESIAN_POINT('',(1.172490532627,185.49474562886));
#1401 = CARTESIAN_POINT('',(1.127011853825,185.42495675108));
#1402 = CARTESIAN_POINT('',(0.964806703391,185.19058825006));
#1403 = CARTESIAN_POINT('',(0.836428070939,185.02821134581));
#1404 = CARTESIAN_POINT('',(0.694380114676,184.86890412898));
#1405 = CARTESIAN_POINT('',(0.539179417937,184.71304735078));
#1406 = CARTESIAN_POINT('',(0.371362272193,184.5610277636));
#1407 = CARTESIAN_POINT('',(0.191464597364,184.41325782756));
#1408 = CARTESIAN_POINT('',(0.,184.27019393769));
#1409 = ( GEOMETRIC_REPRESENTATION_CONTEXT(2) 
PARAMETRIC_REPRESENTATION_CONTEXT() REPRESENTATION_CONTEXT('2D SPACE',''
  ) );
#1410 = PCURVE('',#1411,#1416);
#1411 = CYLINDRICAL_SURFACE('',#1412,4.7625);
#1412 = AXIS2_PLACEMENT_3D('',#1413,#1414,#1415);
#1413 = CARTESIAN_POINT('',(2.467470672229E-15,11.1125,609.6));
#1414 = DIRECTION('',(0.,0.,-1.));
#1415 = DIRECTION('',(-2.22044604925E-16,-1.,0.));
#1416 = DEFINITIONAL_REPRESENTATION('',(#1417),#1450);
#1417 = B_SPLINE_CURVE_WITH_KNOTS('',7,(#1418,#1419,#1420,#1421,#1422,
    #1423,#1424,#1425,#1426,#1427,#1428,#1429,#1430,#1431,#1432,#1433,
    #1434,#1435,#1436,#1437,#1438,#1439,#1440,#1441,#1442,#1443,#1444,
    #1445,#1446,#1447,#1448,#1449),.UNSPECIFIED.,.F.,.F.,(8,6,6,6,6,8),(
    0.,0.222635156748,0.370975034376,0.684154852955,0.777570584787,1.),
  .UNSPECIFIED.);
#1418 = CARTESIAN_POINT('',(-4.132872960366,-33.52723039874));
#1419 = CARTESIAN_POINT('',(-4.071047295461,-33.38490827849));
#1420 = CARTESIAN_POINT('',(-4.009073761195,-33.23790063212));
#1421 = CARTESIAN_POINT('',(-3.946917694505,-33.08666221992));
#1422 = CARTESIAN_POINT('',(-3.884558029729,-32.93160399718));
#1423 = CARTESIAN_POINT('',(-3.821982902192,-32.77311129765));
#1424 = CARTESIAN_POINT('',(-3.759189756159,-32.61156350068));
#1425 = CARTESIAN_POINT('',(-3.65421373643,-32.3379446011));
#1426 = CARTESIAN_POINT('',(-3.612145689576,-32.22735272702));
#1427 = CARTESIAN_POINT('',(-3.569990512255,-32.11569982797));
#1428 = CARTESIAN_POINT('',(-3.527753775597,-32.00310483483));
#1429 = CARTESIAN_POINT('',(-3.485442531733,-31.88968791875));
#1430 = CARTESIAN_POINT('',(-3.443065919357,-31.77557306859));
#1431 = CARTESIAN_POINT('',(-3.311055900947,-31.41876957551));
#1432 = CARTESIAN_POINT('',(-3.221172213928,-31.17394245724));
#1433 = CARTESIAN_POINT('',(-3.131181826099,-30.9278628094));
#1434 = CARTESIAN_POINT('',(-3.041205053911,-30.68177181992));
#1435 = CARTESIAN_POINT('',(-2.951343920359,-30.43683983588));
#1436 = CARTESIAN_POINT('',(-2.86169858697,-30.19425661815));
#1437 = CARTESIAN_POINT('',(-2.745773849347,-29.88407259516));
#1438 = CARTESIAN_POINT('',(-2.719168550878,-29.81312547576));
#1439 = CARTESIAN_POINT('',(-2.69259398689,-29.74252740821));
#1440 = CARTESIAN_POINT('',(-2.66605197418,-29.67230870201));
#1441 = CARTESIAN_POINT('',(-2.639543991293,-29.60249914918));
#1442 = CARTESIAN_POINT('',(-2.613071232718,-29.53312828104));
#1443 = CARTESIAN_POINT('',(-2.523687335002,-29.30016356368));
#1444 = CARTESIAN_POINT('',(-2.460946379913,-29.13875924376));
#1445 = CARTESIAN_POINT('',(-2.398423086299,-28.98040622948));
#1446 = CARTESIAN_POINT('',(-2.336114875563,-28.8254829914));
#1447 = CARTESIAN_POINT('',(-2.274009890242,-28.67437396526));
#1448 = CARTESIAN_POINT('',(-2.21208709927,-28.52748914057));
#1449 = CARTESIAN_POINT('',(-2.150311920297,-28.38528217862));
#1450 = ( GEOMETRIC_REPRESENTATION_CONTEXT(2) 
PARAMETRIC_REPRESENTATION_CONTEXT() REPRESENTATION_CONTEXT('2D SPACE',''
  ) );
#1451 = ORIENTED_EDGE('',*,*,#1452,.F.);
#1452 = EDGE_CURVE('',#1453,#1338,#1455,.T.);
#1453 = VERTEX_POINT('',#1454);
#1454 = CARTESIAN_POINT('',(13.720565548973,3.984896528426,
    457.38971698679));
#1455 = SURFACE_CURVE('',#1456,(#1546,#1553),.PCURVE_S1.);
#1456 = B_SPLINE_CURVE_WITH_KNOTS('',11,(#1457,#1458,#1459,#1460,#1461,
    #1462,#1463,#1464,#1465,#1466,#1467,#1468,#1469,#1470,#1471,#1472,
    #1473,#1474,#1475,#1476,#1477,#1478,#1479,#1480,#1481,#1482,#1483,
    #1484,#1485,#1486,#1487,#1488,#1489,#1490,#1491,#1492,#1493,#1494,
    #1495,#1496,#1497,#1498,#1499,#1500,#1501,#1502,#1503,#1504,#1505,
    #1506,#1507,#1508,#1509,#1510,#1511,#1512,#1513,#1514,#1515,#1516,
    #1517,#1518,#1519,#1520,#1521,#1522,#1523,#1524,#1525,#1526,#1527,
    #1528,#1529,#1530,#1531,#1532,#1533,#1534,#1535,#1536,#1537,#1538,
    #1539,#1540,#1541,#1542,#1543,#1544,#1545),.UNSPECIFIED.,.F.,.F.,(12
    ,11,11,11,11,11,11,11,12),(0.,57.494355528211,114.98871105642,
    172.48306658463,229.97742211284,287.47177764105,344.96613316926,
    402.46048869747,459.95484422569),.PIECEWISE_BEZIER_KNOTS.);
#1457 = CARTESIAN_POINT('',(14.2875,-3.706777854599E-15,454.81875));
#1458 = CARTESIAN_POINT('',(14.287497450735,8.160969500838,
    460.01421389275));
#1459 = CARTESIAN_POINT('',(9.160894356209,16.32198022274,
    465.20963303437));
#1460 = CARTESIAN_POINT('',(-1.1029272197,20.904256889108,
    470.40520338672));
#1461 = CARTESIAN_POINT('',(-13.64185847484,18.318534821434,
    475.6003880744));
#1462 = CARTESIAN_POINT('',(-22.99107357343,7.552973848902,
    480.79628448551));
#1463 = CARTESIAN_POINT('',(-22.99113441857,-7.552988143411,
    485.99122480188));
#1464 = CARTESIAN_POINT('',(-13.64183108354,-18.31849892693,
    491.18710428392));
#1465 = CARTESIAN_POINT('',(-1.102932842549,-20.9042813699,
    496.38231614381));
#1466 = CARTESIAN_POINT('',(9.160888495281,-16.32197142664,
    501.57785842379));
#1467 = CARTESIAN_POINT('',(14.287497879485,-8.160974776109,
    506.77329945755));
#1468 = CARTESIAN_POINT('',(14.287499999968,-4.69596751275E-11,
    511.96875000011));
#1469 = CARTESIAN_POINT('',(14.287497450891,8.160969500998,
    517.16421389227));
#1470 = CARTESIAN_POINT('',(9.160894355728,16.321980222403,
    522.3596330356));
#1471 = CARTESIAN_POINT('',(-1.102927218698,20.904256889648,
    527.5552033844));
#1472 = CARTESIAN_POINT('',(-13.64185847632,18.318534820701,
    532.75038807776));
#1473 = CARTESIAN_POINT('',(-22.99107357186,7.55297384979,537.9462844817
    ));
#1474 = CARTESIAN_POINT('',(-22.99113441978,-7.552988144347,
    543.14122480528));
#1475 = CARTESIAN_POINT('',(-13.64183108285,-18.31849892612,
    548.33710428152));
#1476 = CARTESIAN_POINT('',(-1.102932842844,-20.90428137043,
    553.53231614516));
#1477 = CARTESIAN_POINT('',(9.160888495386,-16.32197142639,
    558.72785842321));
#1478 = CARTESIAN_POINT('',(14.287497879453,-8.160974776183,
    563.92329945772));
#1479 = CARTESIAN_POINT('',(14.287499999971,-4.115832482203E-11,
    569.1187500001));
#1480 = CARTESIAN_POINT('',(14.287497450873,8.16096950099,
    574.31421389232));
#1481 = CARTESIAN_POINT('',(9.160894355784,16.321980222358,
    579.50963303553));
#1482 = CARTESIAN_POINT('',(-1.102927218796,20.904256889881,
    584.70520338435));
#1483 = CARTESIAN_POINT('',(-13.64185847625,18.31853482012,
    589.90038807826));
#1484 = CARTESIAN_POINT('',(-22.99107357176,7.552973850773,
    595.09628448042));
#1485 = CARTESIAN_POINT('',(-22.99113442014,-7.552988145583,
    600.29122480738));
#1486 = CARTESIAN_POINT('',(-13.64183108228,-18.31849892491,
    605.48710427901));
#1487 = CARTESIAN_POINT('',(-1.102932843447,-20.90428137139,
    610.68231614743));
#1488 = CARTESIAN_POINT('',(9.160888495844,-16.32197142576,
    615.87785842161));
#1489 = CARTESIAN_POINT('',(14.287497879197,-8.160974776528,
    621.0732994586));
#1490 = CARTESIAN_POINT('',(14.287500000075,1.127337962859E-10,
    626.26874999973));
#1491 = CARTESIAN_POINT('',(14.287497450367,8.160969500415,
    631.46421389388));
#1492 = CARTESIAN_POINT('',(9.160894357328,16.321980223681,
    636.65963303146));
#1493 = CARTESIAN_POINT('',(-1.102927222014,20.904256887528,
    641.85520339218));
#1494 = CARTESIAN_POINT('',(-13.64185847147,18.318534823642,
    647.05038806647));
#1495 = CARTESIAN_POINT('',(-22.99107357695,7.552973846251,
    652.24628449458));
#1496 = CARTESIAN_POINT('',(-22.99113441594,-7.55298814073,
    657.44122479363));
#1497 = CARTESIAN_POINT('',(-13.64183108493,-18.3184989291,
    662.63710428985));
#1498 = CARTESIAN_POINT('',(-1.102932842025,-20.90428136858,
    667.83231614053));
#1499 = CARTESIAN_POINT('',(9.160888495131,-16.32197142718,
    673.02785842509));
#1500 = CARTESIAN_POINT('',(14.28749787951,-8.160974775999,
    678.22329945728));
#1501 = CARTESIAN_POINT('',(14.287499999987,-1.879448357374E-11,
    683.41875000003));
#1502 = CARTESIAN_POINT('',(14.287497337806,8.160969337204,
    688.61421430687));
#1503 = CARTESIAN_POINT('',(9.160894858116,16.321980950151,
    693.80963119363));
#1504 = CARTESIAN_POINT('',(-1.102928577382,20.904254921248,
    699.00520836627));
#1505 = CARTESIAN_POINT('',(-13.64185575498,18.318538763676,
    704.20037809885));
#1506 = CARTESIAN_POINT('',(-22.99107789233,7.552967589346,
    709.39630032511));
#1507 = CARTESIAN_POINT('',(-22.99112880967,-7.552980014938,
    714.59120423248));
#1508 = CARTESIAN_POINT('',(-13.64183713104,-18.31850769025,
    719.78712646044));
#1509 = CARTESIAN_POINT('',(-1.102927401064,-20.90427348531,
    724.98229619056));
#1510 = CARTESIAN_POINT('',(9.160884420424,-16.32197733074,
    730.17787336531));
#1511 = CARTESIAN_POINT('',(14.287500390381,-8.160971138138,
    735.37329025086));
#1512 = CARTESIAN_POINT('',(14.287498756874,-1.801115660895E-06,
    740.56875455813));
#1513 = CARTESIAN_POINT('',(14.287499961686,8.160973138866,
    745.76420468588));
#1514 = CARTESIAN_POINT('',(9.160890281213,16.321974318672,
    750.95964797602));
#1515 = CARTESIAN_POINT('',(-1.102921777771,20.904264773399,
    756.1551834335));
#1516 = CARTESIAN_POINT('',(-13.64186452348,18.318526058796,
    761.35041025083));
#1517 = CARTESIAN_POINT('',(-22.99106796246,7.55298197648,
    766.54626391578));
#1518 = CARTESIAN_POINT('',(-22.9911387402,-7.552994402321,
    771.74124064278));
#1519 = CARTESIAN_POINT('',(-13.641828361,-18.31849498468,
    776.93709430599));
#1520 = CARTESIAN_POINT('',(-1.102934202224,-20.9042833384,
    782.13232112625));
#1521 = CARTESIAN_POINT('',(9.160888998354,-16.32197069836,
    787.32785658049));
#1522 = CARTESIAN_POINT('',(14.287497765991,-8.160974940421,
    792.52329987338));
#1523 = CARTESIAN_POINT('',(14.287500000194,2.914560155116E-10,
    797.7187499993));
#1524 = CARTESIAN_POINT('',(14.287497449879,8.16096949988,
    802.91421389533));
#1525 = CARTESIAN_POINT('',(9.160894358692,16.321980224754,
    808.1096330281));
#1526 = CARTESIAN_POINT('',(-1.102927224646,20.904256885857,
    813.30520339805));
#1527 = CARTESIAN_POINT('',(-13.64185846797,18.318534825826,
    818.50038805852));
#1528 = CARTESIAN_POINT('',(-22.99107358004,7.552973843815,
    823.69628450287));
#1529 = CARTESIAN_POINT('',(-22.99113441442,-7.55298813855,
    828.89122478726));
#1530 = CARTESIAN_POINT('',(-13.64183108484,-18.31849893044,
    834.08710429296));
#1531 = CARTESIAN_POINT('',(-1.102932842884,-20.90428136829,
    839.28231614035));
#1532 = CARTESIAN_POINT('',(9.160888495965,-16.32197142676,
    844.47785842376));
#1533 = CARTESIAN_POINT('',(14.287497878981,-8.160974776585,
    849.67329945876));
#1534 = CARTESIAN_POINT('',(14.287500000255,3.829350426643E-10,
    854.86874999907));
#1535 = CARTESIAN_POINT('',(14.28749733659,8.16096933582,860.0642143106)
  );
#1536 = CARTESIAN_POINT('',(9.160894861718,16.321980953183,
    865.25963118424));
#1537 = CARTESIAN_POINT('',(-1.102928584748,20.904254916133,
    870.45520838395));
#1538 = CARTESIAN_POINT('',(-13.64185574428,18.318538770941,
    875.65037807274));
#1539 = CARTESIAN_POINT('',(-22.99107790358,7.552967580391,
    880.84630035593));
#1540 = CARTESIAN_POINT('',(-22.99112880102,-7.552980005545,
    886.04120420315));
#1541 = CARTESIAN_POINT('',(-13.64183713605,-18.31850769829,
    891.23712648305));
#1542 = CARTESIAN_POINT('',(-1.102927398663,-20.9042734799,
    896.43229617646));
#1543 = CARTESIAN_POINT('',(9.160884419278,-16.32197733351,
    901.62787337236));
#1544 = CARTESIAN_POINT('',(14.287500390938,-8.160971137083,
    906.82329024812));
#1545 = CARTESIAN_POINT('',(14.287498756668,-1.801398965321E-06,
    912.01875455888));
#1546 = PCURVE('',#337,#1547);
#1547 = DEFINITIONAL_REPRESENTATION('',(#1548),#1552);
#1548 = LINE('',#1549,#1550);
#1549 = CARTESIAN_POINT('',(0.,0.));
#1550 = VECTOR('',#1551,1.);
#1551 = DIRECTION('',(0.,1.));
#1552 = ( GEOMETRIC_REPRESENTATION_CONTEXT(2) 
PARAMETRIC_REPRESENTATION_CONTEXT() REPRESENTATION_CONTEXT('2D SPACE',''
  ) );
#1553 = PCURVE('',#1554,#1733);
#1554 = B_SPLINE_SURFACE_WITH_KNOTS('',1,11,(
    (#1555,#1556,#1557,#1558,#1559,#1560,#1561,#1562,#1563,#1564,#1565
      ,#1566,#1567,#1568,#1569,#1570,#1571,#1572,#1573,#1574,#1575,#1576
      ,#1577,#1578,#1579,#1580,#1581,#1582,#1583,#1584,#1585,#1586,#1587
      ,#1588,#1589,#1590,#1591,#1592,#1593,#1594,#1595,#1596,#1597,#1598
      ,#1599,#1600,#1601,#1602,#1603,#1604,#1605,#1606,#1607,#1608,#1609
      ,#1610,#1611,#1612,#1613,#1614,#1615,#1616,#1617,#1618,#1619,#1620
      ,#1621,#1622,#1623,#1624,#1625,#1626,#1627,#1628,#1629,#1630,#1631
      ,#1632,#1633,#1634,#1635,#1636,#1637,#1638,#1639,#1640,#1641,#1642
      ,#1643)
    ,(#1644,#1645,#1646,#1647,#1648,#1649,#1650,#1651,#1652,#1653,#1654
      ,#1655,#1656,#1657,#1658,#1659,#1660,#1661,#1662,#1663,#1664,#1665
      ,#1666,#1667,#1668,#1669,#1670,#1671,#1672,#1673,#1674,#1675,#1676
      ,#1677,#1678,#1679,#1680,#1681,#1682,#1683,#1684,#1685,#1686,#1687
      ,#1688,#1689,#1690,#1691,#1692,#1693,#1694,#1695,#1696,#1697,#1698
      ,#1699,#1700,#1701,#1702,#1703,#1704,#1705,#1706,#1707,#1708,#1709
      ,#1710,#1711,#1712,#1713,#1714,#1715,#1716,#1717,#1718,#1719,#1720
      ,#1721,#1722,#1723,#1724,#1725,#1726,#1727,#1728,#1729,#1730,#1731
      ,#1732
    )),.UNSPECIFIED.,.F.,.F.,.F.,(2,2),(12,11,11,11,11,11,11,11,12),(0.,
    4.7625),(0.,57.494355528211,114.98871105642,172.48306658463,
    229.97742211284,287.47177764105,344.96613316926,402.46048869747,
    459.95484422569),.PIECEWISE_BEZIER_KNOTS.);
#1555 = CARTESIAN_POINT('',(14.2875,-7.913385827966E-15,459.58125));
#1556 = CARTESIAN_POINT('',(14.287502549262,8.160970210909,
    464.77671389275));
#1557 = CARTESIAN_POINT('',(9.16088777719,16.321976868223,
    469.97213303437));
#1558 = CARTESIAN_POINT('',(-1.102926219845,20.904277411673,
    475.16770338671));
#1559 = CARTESIAN_POINT('',(-13.64183328854,18.318507060888,
    480.36288807442));
#1560 = CARTESIAN_POINT('',(-22.99113417688,7.552989830365,
    485.55878448546));
#1561 = CARTESIAN_POINT('',(-22.9910752363,-7.552973476661,
    490.75372480193));
#1562 = CARTESIAN_POINT('',(-13.64186529813,-18.31852987489,
    495.94960428387));
#1563 = CARTESIAN_POINT('',(-1.102925867552,-20.90426448512,
    501.14481614384));
#1564 = CARTESIAN_POINT('',(9.160889523016,-16.32197762138,
    506.34035842378));
#1565 = CARTESIAN_POINT('',(14.287500062942,-8.160975486176,
    511.53579945755));
#1566 = CARTESIAN_POINT('',(14.287500000033,-4.360764911621E-11,
    516.73125000011));
#1567 = CARTESIAN_POINT('',(14.287502549162,8.160970211072,
    521.92671389227));
#1568 = CARTESIAN_POINT('',(9.160887777369,16.321976867801,
    527.12213303559));
#1569 = CARTESIAN_POINT('',(-1.102926220099,20.904277412482,
    532.31770338441));
#1570 = CARTESIAN_POINT('',(-13.64183328818,18.318507059708,
    537.51288807774));
#1571 = CARTESIAN_POINT('',(-22.9911341774,7.552989831696,
    542.70878448172));
#1572 = CARTESIAN_POINT('',(-22.99107523565,-7.552973477845,
    547.90372480526));
#1573 = CARTESIAN_POINT('',(-13.64186529876,-18.31852987405,
    553.09960428152));
#1574 = CARTESIAN_POINT('',(-1.102925867118,-20.90426448561,
    558.29481614515));
#1575 = CARTESIAN_POINT('',(9.160889522813,-16.32197762115,
    563.49035842322));
#1576 = CARTESIAN_POINT('',(14.287500063,-8.16097548625,568.68579945772)
  );
#1577 = CARTESIAN_POINT('',(14.287500000028,-3.694222131066E-11,
    573.8812500001));
#1578 = CARTESIAN_POINT('',(14.287502549171,8.160970211065,
    579.07671389232));
#1579 = CARTESIAN_POINT('',(9.160887777397,16.321976867776,
    584.27213303553));
#1580 = CARTESIAN_POINT('',(-1.102926220268,20.904277412625,
    589.46770338432));
#1581 = CARTESIAN_POINT('',(-13.64183328775,18.318507059319,
    594.66288807831));
#1582 = CARTESIAN_POINT('',(-22.99113417813,7.552989832426,
    599.85878448035));
#1583 = CARTESIAN_POINT('',(-22.99107523473,-7.552973478871,
    605.05372480746));
#1584 = CARTESIAN_POINT('',(-13.64186529965,-18.31852987293,
    610.24960427894));
#1585 = CARTESIAN_POINT('',(-1.102925866441,-20.90426448658,
    615.44481614747));
#1586 = CARTESIAN_POINT('',(9.160889522384,-16.32197762049,
    620.64035842159));
#1587 = CARTESIAN_POINT('',(14.287500063231,-8.160975486605,
    625.8357994586));
#1588 = CARTESIAN_POINT('',(14.287499999924,1.070996781723E-10,
    631.03124999973));
#1589 = CARTESIAN_POINT('',(14.287502549502,8.16097021048,
    636.22671389388));
#1590 = CARTESIAN_POINT('',(9.160887776761,16.321976869361,
    641.42213303148));
#1591 = CARTESIAN_POINT('',(-1.102926219226,20.90427740947,
    646.61770339214));
#1592 = CARTESIAN_POINT('',(-13.64183328948,18.31850706409,
    651.81288806656));
#1593 = CARTESIAN_POINT('',(-22.99113417541,7.552989826815,
    657.00878449446));
#1594 = CARTESIAN_POINT('',(-22.99107523823,-7.55297347362,
    662.20372479375));
#1595 = CARTESIAN_POINT('',(-13.64186529628,-18.31852987694,
    667.39960428975));
#1596 = CARTESIAN_POINT('',(-1.102925868796,-20.90426448404,
    672.59481614059));
#1597 = CARTESIAN_POINT('',(9.160889523551,-16.32197762182,
    677.79035842507));
#1598 = CARTESIAN_POINT('',(14.287500062831,-8.160975486073,
    682.98579945729));
#1599 = CARTESIAN_POINT('',(14.287500000013,-2.110224692762E-11,
    688.18125000003));
#1600 = CARTESIAN_POINT('',(14.287502662212,8.160970047273,
    693.37671430686));
#1601 = CARTESIAN_POINT('',(9.160887275073,16.321977595565,
    698.57213119367));
#1602 = CARTESIAN_POINT('',(-1.102924861466,20.904275444116,
    703.76770836618));
#1603 = CARTESIAN_POINT('',(-13.64183600976,18.318511002476,
    708.962878099));
#1604 = CARTESIAN_POINT('',(-22.99112985617,7.552983571709,
    714.1588003249));
#1605 = CARTESIAN_POINT('',(-22.9910808469,-7.552965349044,
    719.3537042327));
#1606 = CARTESIAN_POINT('',(-13.64185924948,-18.31853863764,
    724.54962646027));
#1607 = CARTESIAN_POINT('',(-1.102931309593,-20.90425660079,
    729.74479619066));
#1608 = CARTESIAN_POINT('',(9.160893598053,-16.3219835254,
    734.94037336527));
#1609 = CARTESIAN_POINT('',(14.287497552013,-8.160971848211,
    740.13579025087));
#1610 = CARTESIAN_POINT('',(14.287501243129,-1.801116462308E-06,
    745.33125455813));
#1611 = CARTESIAN_POINT('',(14.287500038289,8.160973848936,
    750.52670468589));
#1612 = CARTESIAN_POINT('',(9.160891852189,16.321970964122,
    755.72214797598));
#1613 = CARTESIAN_POINT('',(-1.102931661532,20.90428529617,
    760.91768343357));
#1614 = CARTESIAN_POINT('',(-13.64182724083,18.318498297639,
    766.11291025072));
#1615 = CARTESIAN_POINT('',(-22.99113978592,7.552997959077,
    771.30876391591));
#1616 = CARTESIAN_POINT('',(-22.99107091729,-7.552979737007,
    776.50374064265));
#1617 = CARTESIAN_POINT('',(-13.64186801821,-18.31852593138,
    781.69959430609));
#1618 = CARTESIAN_POINT('',(-1.102924509471,-20.90426645438,
    786.89482112619));
#1619 = CARTESIAN_POINT('',(9.16088902062,-16.32197689283,
    792.09035658052));
#1620 = CARTESIAN_POINT('',(14.287500176281,-8.160975650516,
    797.28579987337));
#1621 = CARTESIAN_POINT('',(14.287499999805,2.68438162239E-10,
    802.4812499993));
#1622 = CARTESIAN_POINT('',(14.28750254979,8.160970209928,
    807.67671389533));
#1623 = CARTESIAN_POINT('',(9.160887776335,16.321976870719,
    812.87213302814));
#1624 = CARTESIAN_POINT('',(-1.102926218716,20.904277407013,
    818.06770339797));
#1625 = CARTESIAN_POINT('',(-13.64183329024,18.318507067352,
    823.26288805867));
#1626 = CARTESIAN_POINT('',(-22.99113417407,7.552989823705,
    828.45878450266));
#1627 = CARTESIAN_POINT('',(-22.99107524008,-7.552973471652,
    833.65372478748));
#1628 = CARTESIAN_POINT('',(-13.64186529459,-18.31852987748,
    838.84960429279));
#1629 = CARTESIAN_POINT('',(-1.102925869669,-20.90426448446,
    844.04481614044));
#1630 = CARTESIAN_POINT('',(9.160889523602,-16.32197762108,
    849.24035842373));
#1631 = CARTESIAN_POINT('',(14.287500063136,-8.160975486691,
    854.43579945877));
#1632 = CARTESIAN_POINT('',(14.287499999746,3.479003996593E-10,
    859.63124999907));
#1633 = CARTESIAN_POINT('',(14.28750266298,8.160970045856,
    864.82671431059));
#1634 = CARTESIAN_POINT('',(9.160887273721,16.321977599289,
    870.02213118428));
#1635 = CARTESIAN_POINT('',(-1.102924859463,20.904275436925,
    875.21770838386));
#1636 = CARTESIAN_POINT('',(-13.64183601298,18.318511012958,
    880.41287807289));
#1637 = CARTESIAN_POINT('',(-22.99112985093,7.552983559949,
    885.60880035575));
#1638 = CARTESIAN_POINT('',(-22.99108085396,-7.552965338657,
    890.8037042033));
#1639 = CARTESIAN_POINT('',(-13.64185924242,-18.3185386451,
    895.99962648296));
#1640 = CARTESIAN_POINT('',(-1.102931314666,-20.90425659627,
    901.19479617649));
#1641 = CARTESIAN_POINT('',(9.160893600622,-16.32198352777,
    906.39037337236));
#1642 = CARTESIAN_POINT('',(14.28749755112,-8.16097184719,
    911.58579024812));
#1643 = CARTESIAN_POINT('',(14.287501243335,-1.801432948361E-06,
    916.78125455888));
#1644 = CARTESIAN_POINT('',(14.2875,-3.706777854599E-15,454.81875));
#1645 = CARTESIAN_POINT('',(14.287497450735,8.160969500838,
    460.01421389275));
#1646 = CARTESIAN_POINT('',(9.160894356209,16.32198022274,
    465.20963303437));
#1647 = CARTESIAN_POINT('',(-1.1029272197,20.904256889108,
    470.40520338672));
#1648 = CARTESIAN_POINT('',(-13.64185847484,18.318534821434,
    475.6003880744));
#1649 = CARTESIAN_POINT('',(-22.99107357343,7.552973848902,
    480.79628448551));
#1650 = CARTESIAN_POINT('',(-22.99113441857,-7.552988143411,
    485.99122480188));
#1651 = CARTESIAN_POINT('',(-13.64183108354,-18.31849892693,
    491.18710428392));
#1652 = CARTESIAN_POINT('',(-1.102932842549,-20.9042813699,
    496.38231614381));
#1653 = CARTESIAN_POINT('',(9.160888495281,-16.32197142664,
    501.57785842379));
#1654 = CARTESIAN_POINT('',(14.287497879485,-8.160974776109,
    506.77329945755));
#1655 = CARTESIAN_POINT('',(14.287499999968,-4.69596751275E-11,
    511.96875000011));
#1656 = CARTESIAN_POINT('',(14.287497450891,8.160969500998,
    517.16421389227));
#1657 = CARTESIAN_POINT('',(9.160894355728,16.321980222403,
    522.3596330356));
#1658 = CARTESIAN_POINT('',(-1.102927218698,20.904256889648,
    527.5552033844));
#1659 = CARTESIAN_POINT('',(-13.64185847632,18.318534820701,
    532.75038807776));
#1660 = CARTESIAN_POINT('',(-22.99107357186,7.55297384979,537.9462844817
    ));
#1661 = CARTESIAN_POINT('',(-22.99113441978,-7.552988144347,
    543.14122480528));
#1662 = CARTESIAN_POINT('',(-13.64183108285,-18.31849892612,
    548.33710428152));
#1663 = CARTESIAN_POINT('',(-1.102932842844,-20.90428137043,
    553.53231614516));
#1664 = CARTESIAN_POINT('',(9.160888495386,-16.32197142639,
    558.72785842321));
#1665 = CARTESIAN_POINT('',(14.287497879453,-8.160974776183,
    563.92329945772));
#1666 = CARTESIAN_POINT('',(14.287499999971,-4.115832482203E-11,
    569.1187500001));
#1667 = CARTESIAN_POINT('',(14.287497450873,8.16096950099,
    574.31421389232));
#1668 = CARTESIAN_POINT('',(9.160894355784,16.321980222358,
    579.50963303553));
#1669 = CARTESIAN_POINT('',(-1.102927218796,20.904256889881,
    584.70520338435));
#1670 = CARTESIAN_POINT('',(-13.64185847625,18.31853482012,
    589.90038807826));
#1671 = CARTESIAN_POINT('',(-22.99107357176,7.552973850773,
    595.09628448042));
#1672 = CARTESIAN_POINT('',(-22.99113442014,-7.552988145583,
    600.29122480738));
#1673 = CARTESIAN_POINT('',(-13.64183108228,-18.31849892491,
    605.48710427901));
#1674 = CARTESIAN_POINT('',(-1.102932843447,-20.90428137139,
    610.68231614743));
#1675 = CARTESIAN_POINT('',(9.160888495844,-16.32197142576,
    615.87785842161));
#1676 = CARTESIAN_POINT('',(14.287497879197,-8.160974776528,
    621.0732994586));
#1677 = CARTESIAN_POINT('',(14.287500000075,1.127337962859E-10,
    626.26874999973));
#1678 = CARTESIAN_POINT('',(14.287497450367,8.160969500415,
    631.46421389388));
#1679 = CARTESIAN_POINT('',(9.160894357328,16.321980223681,
    636.65963303146));
#1680 = CARTESIAN_POINT('',(-1.102927222014,20.904256887528,
    641.85520339218));
#1681 = CARTESIAN_POINT('',(-13.64185847147,18.318534823642,
    647.05038806647));
#1682 = CARTESIAN_POINT('',(-22.99107357695,7.552973846251,
    652.24628449458));
#1683 = CARTESIAN_POINT('',(-22.99113441594,-7.55298814073,
    657.44122479363));
#1684 = CARTESIAN_POINT('',(-13.64183108493,-18.3184989291,
    662.63710428985));
#1685 = CARTESIAN_POINT('',(-1.102932842025,-20.90428136858,
    667.83231614053));
#1686 = CARTESIAN_POINT('',(9.160888495131,-16.32197142718,
    673.02785842509));
#1687 = CARTESIAN_POINT('',(14.28749787951,-8.160974775999,
    678.22329945728));
#1688 = CARTESIAN_POINT('',(14.287499999987,-1.879448357374E-11,
    683.41875000003));
#1689 = CARTESIAN_POINT('',(14.287497337806,8.160969337204,
    688.61421430687));
#1690 = CARTESIAN_POINT('',(9.160894858116,16.321980950151,
    693.80963119363));
#1691 = CARTESIAN_POINT('',(-1.102928577382,20.904254921248,
    699.00520836627));
#1692 = CARTESIAN_POINT('',(-13.64185575498,18.318538763676,
    704.20037809885));
#1693 = CARTESIAN_POINT('',(-22.99107789233,7.552967589346,
    709.39630032511));
#1694 = CARTESIAN_POINT('',(-22.99112880967,-7.552980014938,
    714.59120423248));
#1695 = CARTESIAN_POINT('',(-13.64183713104,-18.31850769025,
    719.78712646044));
#1696 = CARTESIAN_POINT('',(-1.102927401064,-20.90427348531,
    724.98229619056));
#1697 = CARTESIAN_POINT('',(9.160884420424,-16.32197733074,
    730.17787336531));
#1698 = CARTESIAN_POINT('',(14.287500390381,-8.160971138138,
    735.37329025086));
#1699 = CARTESIAN_POINT('',(14.287498756874,-1.801115660895E-06,
    740.56875455813));
#1700 = CARTESIAN_POINT('',(14.287499961686,8.160973138866,
    745.76420468588));
#1701 = CARTESIAN_POINT('',(9.160890281213,16.321974318672,
    750.95964797602));
#1702 = CARTESIAN_POINT('',(-1.102921777771,20.904264773399,
    756.1551834335));
#1703 = CARTESIAN_POINT('',(-13.64186452348,18.318526058796,
    761.35041025083));
#1704 = CARTESIAN_POINT('',(-22.99106796246,7.55298197648,
    766.54626391578));
#1705 = CARTESIAN_POINT('',(-22.9911387402,-7.552994402321,
    771.74124064278));
#1706 = CARTESIAN_POINT('',(-13.641828361,-18.31849498468,
    776.93709430599));
#1707 = CARTESIAN_POINT('',(-1.102934202224,-20.9042833384,
    782.13232112625));
#1708 = CARTESIAN_POINT('',(9.160888998354,-16.32197069836,
    787.32785658049));
#1709 = CARTESIAN_POINT('',(14.287497765991,-8.160974940421,
    792.52329987338));
#1710 = CARTESIAN_POINT('',(14.287500000194,2.914560155116E-10,
    797.7187499993));
#1711 = CARTESIAN_POINT('',(14.287497449879,8.16096949988,
    802.91421389533));
#1712 = CARTESIAN_POINT('',(9.160894358692,16.321980224754,
    808.1096330281));
#1713 = CARTESIAN_POINT('',(-1.102927224646,20.904256885857,
    813.30520339805));
#1714 = CARTESIAN_POINT('',(-13.64185846797,18.318534825826,
    818.50038805852));
#1715 = CARTESIAN_POINT('',(-22.99107358004,7.552973843815,
    823.69628450287));
#1716 = CARTESIAN_POINT('',(-22.99113441442,-7.55298813855,
    828.89122478726));
#1717 = CARTESIAN_POINT('',(-13.64183108484,-18.31849893044,
    834.08710429296));
#1718 = CARTESIAN_POINT('',(-1.102932842884,-20.90428136829,
    839.28231614035));
#1719 = CARTESIAN_POINT('',(9.160888495965,-16.32197142676,
    844.47785842376));
#1720 = CARTESIAN_POINT('',(14.287497878981,-8.160974776585,
    849.67329945876));
#1721 = CARTESIAN_POINT('',(14.287500000255,3.829350426643E-10,
    854.86874999907));
#1722 = CARTESIAN_POINT('',(14.28749733659,8.16096933582,860.0642143106)
  );
#1723 = CARTESIAN_POINT('',(9.160894861718,16.321980953183,
    865.25963118424));
#1724 = CARTESIAN_POINT('',(-1.102928584748,20.904254916133,
    870.45520838395));
#1725 = CARTESIAN_POINT('',(-13.64185574428,18.318538770941,
    875.65037807274));
#1726 = CARTESIAN_POINT('',(-22.99107790358,7.552967580391,
    880.84630035593));
#1727 = CARTESIAN_POINT('',(-22.99112880102,-7.552980005545,
    886.04120420315));
#1728 = CARTESIAN_POINT('',(-13.64183713605,-18.31850769829,
    891.23712648305));
#1729 = CARTESIAN_POINT('',(-1.102927398663,-20.9042734799,
    896.43229617646));
#1730 = CARTESIAN_POINT('',(9.160884419278,-16.32197733351,
    901.62787337236));
#1731 = CARTESIAN_POINT('',(14.287500390938,-8.160971137083,
    906.82329024812));
#1732 = CARTESIAN_POINT('',(14.287498756668,-1.801398965321E-06,
    912.01875455888));
#1733 = DEFINITIONAL_REPRESENTATION('',(#1734),#1738);
#1734 = LINE('',#1735,#1736);
#1735 = CARTESIAN_POINT('',(4.7625,0.));
#1736 = VECTOR('',#1737,1.);
#1737 = DIRECTION('',(0.,1.));
#1738 = ( GEOMETRIC_REPRESENTATION_CONTEXT(2) 
PARAMETRIC_REPRESENTATION_CONTEXT() REPRESENTATION_CONTEXT('2D SPACE',''
  ) );
#1739 = ORIENTED_EDGE('',*,*,#1740,.F.);
#1740 = EDGE_CURVE('',#1741,#1453,#1743,.T.);
#1741 = VERTEX_POINT('',#1742);
#1742 = CARTESIAN_POINT('',(14.034732553275,3.760580161967,457.2));
#1743 = SURFACE_CURVE('',#1744,(#1750,#1759),.PCURVE_S1.);
#1744 = B_SPLINE_CURVE_WITH_KNOTS('',4,(#1745,#1746,#1747,#1748,#1749),
  .UNSPECIFIED.,.F.,.F.,(5,5),(0.,1.),.PIECEWISE_BEZIER_KNOTS.);
#1745 = CARTESIAN_POINT('',(14.0347335028,3.76057942412,457.1999994));
#1746 = CARTESIAN_POINT('',(13.958393148075,3.819901224575,
    457.24823845808));
#1747 = CARTESIAN_POINT('',(13.880527794948,3.877094028774,
    457.29595414363));
#1748 = CARTESIAN_POINT('',(13.801223308136,3.932107021489,
    457.3431223132));
#1749 = CARTESIAN_POINT('',(13.720565548973,3.984896528426,
    457.38971698679));
#1750 = PCURVE('',#337,#1751);
#1751 = DEFINITIONAL_REPRESENTATION('',(#1752),#1758);
#1752 = B_SPLINE_CURVE_WITH_KNOTS('',4,(#1753,#1754,#1755,#1756,#1757),
  .UNSPECIFIED.,.F.,.F.,(5,5),(0.,1.),.PIECEWISE_BEZIER_KNOTS.);
#1753 = CARTESIAN_POINT('',(0.24229775411,2.39559583827));
#1754 = CARTESIAN_POINT('',(0.183912148647,2.444125538916));
#1755 = CARTESIAN_POINT('',(0.124047443719,2.492128713609));
#1756 = CARTESIAN_POINT('',(6.273361344634E-02,2.539581073366));
#1757 = CARTESIAN_POINT('',(0.,2.586456481594));
#1758 = ( GEOMETRIC_REPRESENTATION_CONTEXT(2) 
PARAMETRIC_REPRESENTATION_CONTEXT() REPRESENTATION_CONTEXT('2D SPACE',''
  ) );
#1759 = PCURVE('',#1760,#1765);
#1760 = CYLINDRICAL_SURFACE('',#1761,4.7625);
#1761 = AXIS2_PLACEMENT_3D('',#1762,#1763,#1764);
#1762 = CARTESIAN_POINT('',(11.1125,-1.360888755552E-15,457.2));
#1763 = DIRECTION('',(0.,0.,-1.));
#1764 = DIRECTION('',(-1.,1.224646799147E-16,0.));
#1765 = DEFINITIONAL_REPRESENTATION('',(#1766),#1772);
#1766 = B_SPLINE_CURVE_WITH_KNOTS('',4,(#1767,#1768,#1769,#1770,#1771),
  .UNSPECIFIED.,.F.,.F.,(5,5),(0.,1.),.PIECEWISE_BEZIER_KNOTS.);
#1767 = CARTESIAN_POINT('',(-4.05178695458,5.999999999895E-07));
#1768 = CARTESIAN_POINT('',(-4.072087112113,-4.823845808554E-02));
#1769 = CARTESIAN_POINT('',(-4.092365817956,-9.595414363399E-02));
#1770 = CARTESIAN_POINT('',(-4.112624599436,-0.143122313204));
#1771 = CARTESIAN_POINT('',(-4.132865466066,-0.189716986792));
#1772 = ( GEOMETRIC_REPRESENTATION_CONTEXT(2) 
PARAMETRIC_REPRESENTATION_CONTEXT() REPRESENTATION_CONTEXT('2D SPACE',''
  ) );
#1773 = ORIENTED_EDGE('',*,*,#1774,.T.);
#1774 = EDGE_CURVE('',#1741,#243,#1775,.T.);
#1775 = SURFACE_CURVE('',#1776,(#1782,#1791),.PCURVE_S1.);
#1776 = B_SPLINE_CURVE_WITH_KNOTS('',4,(#1777,#1778,#1779,#1780,#1781),
  .UNSPECIFIED.,.F.,.F.,(5,5),(0.,1.),.PIECEWISE_BEZIER_KNOTS.);
#1777 = CARTESIAN_POINT('',(15.875,4.253677803514,457.2));
#1778 = CARTESIAN_POINT('',(15.356422797685,4.11472558836,457.2));
#1779 = CARTESIAN_POINT('',(14.837845591003,3.975773389504,457.2));
#1780 = CARTESIAN_POINT('',(14.319268379954,3.836821206944,457.2));
#1781 = CARTESIAN_POINT('',(13.800691164538,3.697869040682,457.2));
#1782 = PCURVE('',#337,#1783);
#1783 = DEFINITIONAL_REPRESENTATION('',(#1784),#1790);
#1784 = B_SPLINE_CURVE_WITH_KNOTS('',4,(#1785,#1786,#1787,#1788,#1789),
  .UNSPECIFIED.,.F.,.F.,(5,5),(0.,1.),.PIECEWISE_BEZIER_KNOTS.);
#1785 = CARTESIAN_POINT('',(2.147478589739,2.395596824567));
#1786 = CARTESIAN_POINT('',(1.610608942304,2.39559671673));
#1787 = CARTESIAN_POINT('',(1.07373929487,2.395596608892));
#1788 = CARTESIAN_POINT('',(0.536869647435,2.395596501054));
#1789 = CARTESIAN_POINT('',(0.,2.395596393216));
#1790 = ( GEOMETRIC_REPRESENTATION_CONTEXT(2) 
PARAMETRIC_REPRESENTATION_CONTEXT() REPRESENTATION_CONTEXT('2D SPACE',''
  ) );
#1791 = PCURVE('',#1792,#1797);
#1792 = PLANE('',#1793);
#1793 = AXIS2_PLACEMENT_3D('',#1794,#1795,#1796);
#1794 = CARTESIAN_POINT('',(11.1125,-2.027855687236E-15,457.2));
#1795 = DIRECTION('',(0.,0.,1.));
#1796 = DIRECTION('',(-1.,1.224646799147E-16,0.));
#1797 = DEFINITIONAL_REPRESENTATION('',(#1798),#1804);
#1798 = B_SPLINE_CURVE_WITH_KNOTS('',4,(#1799,#1800,#1801,#1802,#1803),
  .UNSPECIFIED.,.F.,.F.,(5,5),(0.,1.),.PIECEWISE_BEZIER_KNOTS.);
#1799 = CARTESIAN_POINT('',(-4.7625,-4.253677803514));
#1800 = CARTESIAN_POINT('',(-4.243922797685,-4.11472558836));
#1801 = CARTESIAN_POINT('',(-3.725345591003,-3.975773389504));
#1802 = CARTESIAN_POINT('',(-3.206768379954,-3.836821206944));
#1803 = CARTESIAN_POINT('',(-2.688191164538,-3.697869040682));
#1804 = ( GEOMETRIC_REPRESENTATION_CONTEXT(2) 
PARAMETRIC_REPRESENTATION_CONTEXT() REPRESENTATION_CONTEXT('2D SPACE',''
  ) );
#1805 = ADVANCED_FACE('',(#1806),#523,.F.);
#1806 = FACE_BOUND('',#1807,.F.);
#1807 = EDGE_LOOP('',(#1808,#1846,#1865));
#1808 = ORIENTED_EDGE('',*,*,#1809,.F.);
#1809 = EDGE_CURVE('',#1810,#243,#1812,.T.);
#1810 = VERTEX_POINT('',#1811);
#1811 = CARTESIAN_POINT('',(14.2875,-5.810081841282E-15,457.2));
#1812 = SURFACE_CURVE('',#1813,(#1822,#1834),.PCURVE_S1.);
#1813 = B_SPLINE_CURVE_WITH_KNOTS('',4,(#1814,#1815,#1816,#1817,#1818,
    #1819,#1820,#1821),.UNSPECIFIED.,.F.,.F.,(5,3,5),(0.,0.499999562849,
    1.),.UNSPECIFIED.);
#1814 = CARTESIAN_POINT('',(14.2875,7.797370780586E-15,457.2));
#1815 = CARTESIAN_POINT('',(14.2875,0.467555038724,457.2));
#1816 = CARTESIAN_POINT('',(14.267103281516,0.9351107087,457.2));
#1817 = CARTESIAN_POINT('',(14.22630619865,1.401329748744,457.2));
#1818 = CARTESIAN_POINT('',(14.104258283801,2.328442499239,457.2));
#1819 = CARTESIAN_POINT('',(14.023007202087,2.789337195958,457.2));
#1820 = CARTESIAN_POINT('',(13.921702716222,3.246243461436,457.2));
#1821 = CARTESIAN_POINT('',(13.800691164538,3.697869040682,457.2));
#1822 = PCURVE('',#523,#1823);
#1823 = DEFINITIONAL_REPRESENTATION('',(#1824),#1833);
#1824 = B_SPLINE_CURVE_WITH_KNOTS('',4,(#1825,#1826,#1827,#1828,#1829,
    #1830,#1831,#1832),.UNSPECIFIED.,.F.,.F.,(5,3,5),(0.,0.499999562849,
    1.),.UNSPECIFIED.);
#1825 = CARTESIAN_POINT('',(2.38125,0.));
#1826 = CARTESIAN_POINT('',(2.6789064507,0.299449431537));
#1827 = CARTESIAN_POINT('',(2.976562783878,0.598898923654));
#1828 = CARTESIAN_POINT('',(3.274219015408,0.898348420671));
#1829 = CARTESIAN_POINT('',(3.869531502214,1.497247581777));
#1830 = CARTESIAN_POINT('',(4.167187905022,1.796697393784));
#1831 = CARTESIAN_POINT('',(4.464844097673,2.096147029442));
#1832 = CARTESIAN_POINT('',(4.7625,2.395596393216));
#1833 = ( GEOMETRIC_REPRESENTATION_CONTEXT(2) 
PARAMETRIC_REPRESENTATION_CONTEXT() REPRESENTATION_CONTEXT('2D SPACE',''
  ) );
#1834 = PCURVE('',#1792,#1835);
#1835 = DEFINITIONAL_REPRESENTATION('',(#1836),#1845);
#1836 = B_SPLINE_CURVE_WITH_KNOTS('',4,(#1837,#1838,#1839,#1840,#1841,
    #1842,#1843,#1844),.UNSPECIFIED.,.F.,.F.,(5,3,5),(0.,0.499999562849,
    1.),.UNSPECIFIED.);
#1837 = CARTESIAN_POINT('',(-3.175,-1.021405182655E-14));
#1838 = CARTESIAN_POINT('',(-3.175,-0.467555038724));
#1839 = CARTESIAN_POINT('',(-3.154603281516,-0.9351107087));
#1840 = CARTESIAN_POINT('',(-3.11380619865,-1.401329748744));
#1841 = CARTESIAN_POINT('',(-2.991758283801,-2.328442499239));
#1842 = CARTESIAN_POINT('',(-2.910507202087,-2.789337195958));
#1843 = CARTESIAN_POINT('',(-2.809202716222,-3.246243461436));
#1844 = CARTESIAN_POINT('',(-2.688191164538,-3.697869040682));
#1845 = ( GEOMETRIC_REPRESENTATION_CONTEXT(2) 
PARAMETRIC_REPRESENTATION_CONTEXT() REPRESENTATION_CONTEXT('2D SPACE',''
  ) );
#1846 = ORIENTED_EDGE('',*,*,#1847,.T.);
#1847 = EDGE_CURVE('',#1810,#241,#1848,.T.);
#1848 = SURFACE_CURVE('',#1849,(#1852,#1859),.PCURVE_S1.);
#1849 = B_SPLINE_CURVE_WITH_KNOTS('',1,(#1850,#1851),.UNSPECIFIED.,.F.,
  .F.,(2,2),(0.,4.7625),.PIECEWISE_BEZIER_KNOTS.);
#1850 = CARTESIAN_POINT('',(14.2875,-7.913385827966E-15,459.58125));
#1851 = CARTESIAN_POINT('',(14.2875,-3.706777854599E-15,454.81875));
#1852 = PCURVE('',#523,#1853);
#1853 = DEFINITIONAL_REPRESENTATION('',(#1854),#1858);
#1854 = LINE('',#1855,#1856);
#1855 = CARTESIAN_POINT('',(0.,0.));
#1856 = VECTOR('',#1857,1.);
#1857 = DIRECTION('',(1.,0.));
#1858 = ( GEOMETRIC_REPRESENTATION_CONTEXT(2) 
PARAMETRIC_REPRESENTATION_CONTEXT() REPRESENTATION_CONTEXT('2D SPACE',''
  ) );
#1859 = PCURVE('',#724,#1860);
#1860 = DEFINITIONAL_REPRESENTATION('',(#1861),#1864);
#1861 = B_SPLINE_CURVE_WITH_KNOTS('',1,(#1862,#1863),.UNSPECIFIED.,.F.,
  .F.,(2,2),(0.,4.7625),.PIECEWISE_BEZIER_KNOTS.);
#1862 = CARTESIAN_POINT('',(-2.38125,-8.73125));
#1863 = CARTESIAN_POINT('',(2.38125,-8.73125));
#1864 = ( GEOMETRIC_REPRESENTATION_CONTEXT(2) 
PARAMETRIC_REPRESENTATION_CONTEXT() REPRESENTATION_CONTEXT('2D SPACE',''
  ) );
#1865 = ORIENTED_EDGE('',*,*,#240,.T.);
#1866 = ADVANCED_FACE('',(#1867),#1792,.F.);
#1867 = FACE_BOUND('',#1868,.F.);
#1868 = EDGE_LOOP('',(#1869,#1893,#1917,#1936,#1937));
#1869 = ORIENTED_EDGE('',*,*,#1870,.T.);
#1870 = EDGE_CURVE('',#1741,#1871,#1873,.T.);
#1871 = VERTEX_POINT('',#1872);
#1872 = CARTESIAN_POINT('',(6.35,-7.776507174586E-16,457.2));
#1873 = SURFACE_CURVE('',#1874,(#1879,#1886),.PCURVE_S1.);
#1874 = CIRCLE('',#1875,4.7625);
#1875 = AXIS2_PLACEMENT_3D('',#1876,#1877,#1878);
#1876 = CARTESIAN_POINT('',(11.1125,-1.360888755552E-15,457.2));
#1877 = DIRECTION('',(0.,0.,1.));
#1878 = DIRECTION('',(-1.,1.224646799147E-16,0.));
#1879 = PCURVE('',#1792,#1880);
#1880 = DEFINITIONAL_REPRESENTATION('',(#1881),#1885);
#1881 = CIRCLE('',#1882,4.7625);
#1882 = AXIS2_PLACEMENT_2D('',#1883,#1884);
#1883 = CARTESIAN_POINT('',(8.167989180237E-32,-6.669669316838E-16));
#1884 = DIRECTION('',(1.,0.));
#1885 = ( GEOMETRIC_REPRESENTATION_CONTEXT(2) 
PARAMETRIC_REPRESENTATION_CONTEXT() REPRESENTATION_CONTEXT('2D SPACE',''
  ) );
#1886 = PCURVE('',#1760,#1887);
#1887 = DEFINITIONAL_REPRESENTATION('',(#1888),#1892);
#1888 = LINE('',#1889,#1890);
#1889 = CARTESIAN_POINT('',(-0.,0.));
#1890 = VECTOR('',#1891,1.);
#1891 = DIRECTION('',(-1.,0.));
#1892 = ( GEOMETRIC_REPRESENTATION_CONTEXT(2) 
PARAMETRIC_REPRESENTATION_CONTEXT() REPRESENTATION_CONTEXT('2D SPACE',''
  ) );
#1893 = ORIENTED_EDGE('',*,*,#1894,.T.);
#1894 = EDGE_CURVE('',#1871,#1895,#1897,.T.);
#1895 = VERTEX_POINT('',#1896);
#1896 = CARTESIAN_POINT('',(15.875,1.702584892081E-15,457.2));
#1897 = SURFACE_CURVE('',#1898,(#1903,#1910),.PCURVE_S1.);
#1898 = CIRCLE('',#1899,4.7625);
#1899 = AXIS2_PLACEMENT_3D('',#1900,#1901,#1902);
#1900 = CARTESIAN_POINT('',(11.1125,-1.360888755552E-15,457.2));
#1901 = DIRECTION('',(0.,0.,1.));
#1902 = DIRECTION('',(-1.,1.224646799147E-16,0.));
#1903 = PCURVE('',#1792,#1904);
#1904 = DEFINITIONAL_REPRESENTATION('',(#1905),#1909);
#1905 = CIRCLE('',#1906,4.7625);
#1906 = AXIS2_PLACEMENT_2D('',#1907,#1908);
#1907 = CARTESIAN_POINT('',(8.167989180237E-32,-6.669669316838E-16));
#1908 = DIRECTION('',(1.,0.));
#1909 = ( GEOMETRIC_REPRESENTATION_CONTEXT(2) 
PARAMETRIC_REPRESENTATION_CONTEXT() REPRESENTATION_CONTEXT('2D SPACE',''
  ) );
#1910 = PCURVE('',#1760,#1911);
#1911 = DEFINITIONAL_REPRESENTATION('',(#1912),#1916);
#1912 = LINE('',#1913,#1914);
#1913 = CARTESIAN_POINT('',(-0.,0.));
#1914 = VECTOR('',#1915,1.);
#1915 = DIRECTION('',(-1.,0.));
#1916 = ( GEOMETRIC_REPRESENTATION_CONTEXT(2) 
PARAMETRIC_REPRESENTATION_CONTEXT() REPRESENTATION_CONTEXT('2D SPACE',''
  ) );
#1917 = ORIENTED_EDGE('',*,*,#1918,.T.);
#1918 = EDGE_CURVE('',#1895,#1810,#1919,.T.);
#1919 = SURFACE_CURVE('',#1920,(#1924,#1930),.PCURVE_S1.);
#1920 = LINE('',#1921,#1922);
#1921 = CARTESIAN_POINT('',(17.065625,6.187085608913E-16,457.2));
#1922 = VECTOR('',#1923,1.);
#1923 = DIRECTION('',(-1.,7.258150136664E-16,0.));
#1924 = PCURVE('',#1792,#1925);
#1925 = DEFINITIONAL_REPRESENTATION('',(#1926),#1929);
#1926 = B_SPLINE_CURVE_WITH_KNOTS('',1,(#1927,#1928),.UNSPECIFIED.,.F.,
  .F.,(2,2),(1.190625,2.778125),.PIECEWISE_BEZIER_KNOTS.);
#1927 = CARTESIAN_POINT('',(-4.7625,-4.093975786868E-15));
#1928 = CARTESIAN_POINT('',(-3.175,-5.051794441699E-15));
#1929 = ( GEOMETRIC_REPRESENTATION_CONTEXT(2) 
PARAMETRIC_REPRESENTATION_CONTEXT() REPRESENTATION_CONTEXT('2D SPACE',''
  ) );
#1930 = PCURVE('',#724,#1931);
#1931 = DEFINITIONAL_REPRESENTATION('',(#1932),#1935);
#1932 = B_SPLINE_CURVE_WITH_KNOTS('',1,(#1933,#1934),.UNSPECIFIED.,.F.,
  .F.,(2,2),(1.190625,2.778125),.PIECEWISE_BEZIER_KNOTS.);
#1933 = CARTESIAN_POINT('',(-5.684341886081E-14,-7.14375));
#1934 = CARTESIAN_POINT('',(-5.684341886081E-14,-8.73125));
#1935 = ( GEOMETRIC_REPRESENTATION_CONTEXT(2) 
PARAMETRIC_REPRESENTATION_CONTEXT() REPRESENTATION_CONTEXT('2D SPACE',''
  ) );
#1936 = ORIENTED_EDGE('',*,*,#1809,.T.);
#1937 = ORIENTED_EDGE('',*,*,#1774,.F.);
#1938 = ADVANCED_FACE('',(#1939),#1760,.T.);
#1939 = FACE_BOUND('',#1940,.F.);
#1940 = EDGE_LOOP('',(#1941,#1942,#1965,#1992,#1993,#1994,#1995,#2051,
    #2280));
#1941 = ORIENTED_EDGE('',*,*,#1894,.F.);
#1942 = ORIENTED_EDGE('',*,*,#1943,.T.);
#1943 = EDGE_CURVE('',#1871,#1944,#1946,.T.);
#1944 = VERTEX_POINT('',#1945);
#1945 = CARTESIAN_POINT('',(6.35,-7.776507174586E-16,508.));
#1946 = SEAM_CURVE('',#1947,(#1951,#1958),.PCURVE_S1.);
#1947 = LINE('',#1948,#1949);
#1948 = CARTESIAN_POINT('',(6.35,-7.776507174586E-16,457.2));
#1949 = VECTOR('',#1950,1.);
#1950 = DIRECTION('',(0.,0.,1.));
#1951 = PCURVE('',#1760,#1952);
#1952 = DEFINITIONAL_REPRESENTATION('',(#1953),#1957);
#1953 = LINE('',#1954,#1955);
#1954 = CARTESIAN_POINT('',(-6.28318530718,0.));
#1955 = VECTOR('',#1956,1.);
#1956 = DIRECTION('',(-0.,-1.));
#1957 = ( GEOMETRIC_REPRESENTATION_CONTEXT(2) 
PARAMETRIC_REPRESENTATION_CONTEXT() REPRESENTATION_CONTEXT('2D SPACE',''
  ) );
#1958 = PCURVE('',#1760,#1959);
#1959 = DEFINITIONAL_REPRESENTATION('',(#1960),#1964);
#1960 = LINE('',#1961,#1962);
#1961 = CARTESIAN_POINT('',(-0.,0.));
#1962 = VECTOR('',#1963,1.);
#1963 = DIRECTION('',(-0.,-1.));
#1964 = ( GEOMETRIC_REPRESENTATION_CONTEXT(2) 
PARAMETRIC_REPRESENTATION_CONTEXT() REPRESENTATION_CONTEXT('2D SPACE',''
  ) );
#1965 = ORIENTED_EDGE('',*,*,#1966,.T.);
#1966 = EDGE_CURVE('',#1944,#1944,#1967,.T.);
#1967 = SURFACE_CURVE('',#1968,(#1973,#1980),.PCURVE_S1.);
#1968 = CIRCLE('',#1969,4.7625);
#1969 = AXIS2_PLACEMENT_3D('',#1970,#1971,#1972);
#1970 = CARTESIAN_POINT('',(11.1125,-1.360888755552E-15,508.));
#1971 = DIRECTION('',(0.,0.,1.));
#1972 = DIRECTION('',(-1.,1.224646799147E-16,0.));
#1973 = PCURVE('',#1760,#1974);
#1974 = DEFINITIONAL_REPRESENTATION('',(#1975),#1979);
#1975 = LINE('',#1976,#1977);
#1976 = CARTESIAN_POINT('',(-0.,-50.8));
#1977 = VECTOR('',#1978,1.);
#1978 = DIRECTION('',(-1.,0.));
#1979 = ( GEOMETRIC_REPRESENTATION_CONTEXT(2) 
PARAMETRIC_REPRESENTATION_CONTEXT() REPRESENTATION_CONTEXT('2D SPACE',''
  ) );
#1980 = PCURVE('',#1981,#1986);
#1981 = PLANE('',#1982);
#1982 = AXIS2_PLACEMENT_3D('',#1983,#1984,#1985);
#1983 = CARTESIAN_POINT('',(11.1125,-2.027855687236E-15,508.));
#1984 = DIRECTION('',(0.,0.,1.));
#1985 = DIRECTION('',(-1.,1.224646799147E-16,0.));
#1986 = DEFINITIONAL_REPRESENTATION('',(#1987),#1991);
#1987 = CIRCLE('',#1988,4.7625);
#1988 = AXIS2_PLACEMENT_2D('',#1989,#1990);
#1989 = CARTESIAN_POINT('',(8.167989180237E-32,-6.669669316838E-16));
#1990 = DIRECTION('',(1.,0.));
#1991 = ( GEOMETRIC_REPRESENTATION_CONTEXT(2) 
PARAMETRIC_REPRESENTATION_CONTEXT() REPRESENTATION_CONTEXT('2D SPACE',''
  ) );
#1992 = ORIENTED_EDGE('',*,*,#1943,.F.);
#1993 = ORIENTED_EDGE('',*,*,#1870,.F.);
#1994 = ORIENTED_EDGE('',*,*,#1740,.T.);
#1995 = ORIENTED_EDGE('',*,*,#1996,.T.);
#1996 = EDGE_CURVE('',#1453,#1997,#1999,.T.);
#1997 = VERTEX_POINT('',#1998);
#1998 = CARTESIAN_POINT('',(13.720567014282,3.984895569399,
    462.15221624348));
#1999 = SURFACE_CURVE('',#2000,(#2015,#2033),.PCURVE_S1.);
#2000 = B_SPLINE_CURVE_WITH_KNOTS('',4,(#2001,#2002,#2003,#2004,#2005,
    #2006,#2007,#2008,#2009,#2010,#2011,#2012,#2013,#2014),
  .UNSPECIFIED.,.F.,.F.,(5,3,3,3,5),(0.,0.25,0.5,0.75,1.),
  .UNSPECIFIED.);
#2001 = CARTESIAN_POINT('',(13.720565548973,3.984896528426,
    457.38971698679));
#2002 = CARTESIAN_POINT('',(13.720565640555,3.984896468486,
    457.68737319033));
#2003 = CARTESIAN_POINT('',(13.720565732137,3.984896408547,
    457.98502939387));
#2004 = CARTESIAN_POINT('',(13.720565823719,3.984896348608,
    458.28268559742));
#2005 = CARTESIAN_POINT('',(13.720566006882,3.98489622873,458.8779980045
    ));
#2006 = CARTESIAN_POINT('',(13.720566098464,3.984896168791,
    459.17565420805));
#2007 = CARTESIAN_POINT('',(13.720566190046,3.984896108851,
    459.47331041159));
#2008 = CARTESIAN_POINT('',(13.720566373209,3.984895988973,
    460.06862281868));
#2009 = CARTESIAN_POINT('',(13.720566464791,3.984895929034,
    460.36627902222));
#2010 = CARTESIAN_POINT('',(13.720566556373,3.984895869095,
    460.66393522577));
#2011 = CARTESIAN_POINT('',(13.720566739537,3.984895749216,
    461.25924763285));
#2012 = CARTESIAN_POINT('',(13.720566831118,3.984895689277,
    461.5569038364));
#2013 = CARTESIAN_POINT('',(13.7205669227,3.984895629338,461.85456003994
    ));
#2014 = CARTESIAN_POINT('',(13.720567014282,3.984895569399,
    462.15221624348));
#2015 = PCURVE('',#1760,#2016);
#2016 = DEFINITIONAL_REPRESENTATION('',(#2017),#2032);
#2017 = B_SPLINE_CURVE_WITH_KNOTS('',4,(#2018,#2019,#2020,#2021,#2022,
    #2023,#2024,#2025,#2026,#2027,#2028,#2029,#2030,#2031),
  .UNSPECIFIED.,.F.,.F.,(5,3,3,3,5),(0.,0.25,0.5,0.75,1.),
  .UNSPECIFIED.);
#2018 = CARTESIAN_POINT('',(-4.132865466066,-0.189716986792));
#2019 = CARTESIAN_POINT('',(-4.132865443083,-0.487373190335));
#2020 = CARTESIAN_POINT('',(-4.132865420101,-0.785029393878));
#2021 = CARTESIAN_POINT('',(-4.132865397119,-1.082685597422));
#2022 = CARTESIAN_POINT('',(-4.132865351154,-1.677998004509));
#2023 = CARTESIAN_POINT('',(-4.132865328172,-1.975654208052));
#2024 = CARTESIAN_POINT('',(-4.13286530519,-2.273310411596));
#2025 = CARTESIAN_POINT('',(-4.132865259226,-2.868622818683));
#2026 = CARTESIAN_POINT('',(-4.132865236243,-3.166279022226));
#2027 = CARTESIAN_POINT('',(-4.132865213261,-3.46393522577));
#2028 = CARTESIAN_POINT('',(-4.132865167297,-4.059247632857));
#2029 = CARTESIAN_POINT('',(-4.132865144314,-4.3569038364));
#2030 = CARTESIAN_POINT('',(-4.132865121332,-4.654560039943));
#2031 = CARTESIAN_POINT('',(-4.13286509835,-4.952216243487));
#2032 = ( GEOMETRIC_REPRESENTATION_CONTEXT(2) 
PARAMETRIC_REPRESENTATION_CONTEXT() REPRESENTATION_CONTEXT('2D SPACE',''
  ) );
#2033 = PCURVE('',#1554,#2034);
#2034 = DEFINITIONAL_REPRESENTATION('',(#2035),#2050);
#2035 = B_SPLINE_CURVE_WITH_KNOTS('',4,(#2036,#2037,#2038,#2039,#2040,
    #2041,#2042,#2043,#2044,#2045,#2046,#2047,#2048,#2049),
  .UNSPECIFIED.,.F.,.F.,(5,3,3,3,5),(0.,0.25,0.5,0.75,1.),
  .UNSPECIFIED.);
#2036 = CARTESIAN_POINT('',(4.7625,2.586456481594));
#2037 = CARTESIAN_POINT('',(4.46484375,2.586456434857));
#2038 = CARTESIAN_POINT('',(4.1671875,2.586456388121));
#2039 = CARTESIAN_POINT('',(3.86953125,2.586456341384));
#2040 = CARTESIAN_POINT('',(3.27421875,2.586456247911));
#2041 = CARTESIAN_POINT('',(2.9765625,2.586456201175));
#2042 = CARTESIAN_POINT('',(2.67890625,2.586456154438));
#2043 = CARTESIAN_POINT('',(2.08359375,2.586456060965));
#2044 = CARTESIAN_POINT('',(1.7859375,2.586456014229));
#2045 = CARTESIAN_POINT('',(1.48828125,2.586455967492));
#2046 = CARTESIAN_POINT('',(0.89296875,2.586455874019));
#2047 = CARTESIAN_POINT('',(0.5953125,2.586455827283));
#2048 = CARTESIAN_POINT('',(0.29765625,2.586455780547));
#2049 = CARTESIAN_POINT('',(0.,2.58645573381));
#2050 = ( GEOMETRIC_REPRESENTATION_CONTEXT(2) 
PARAMETRIC_REPRESENTATION_CONTEXT() REPRESENTATION_CONTEXT('2D SPACE',''
  ) );
#2051 = ORIENTED_EDGE('',*,*,#2052,.F.);
#2052 = EDGE_CURVE('',#2053,#1997,#2055,.T.);
#2053 = VERTEX_POINT('',#2054);
#2054 = CARTESIAN_POINT('',(15.875,1.176654785876E-14,459.58125));
#2055 = SURFACE_CURVE('',#2056,(#2069,#2085),.PCURVE_S1.);
#2056 = B_SPLINE_CURVE_WITH_KNOTS('',6,(#2057,#2058,#2059,#2060,#2061,
    #2062,#2063,#2064,#2065,#2066,#2067,#2068),.UNSPECIFIED.,.F.,.F.,(7,
    5,7),(0.,0.564884539424,1.),.UNSPECIFIED.);
#2057 = CARTESIAN_POINT('',(15.875,9.793239399729E-15,459.58125));
#2058 = CARTESIAN_POINT('',(15.875,0.451092277921,459.83970793163));
#2059 = CARTESIAN_POINT('',(15.823727617961,0.901669988545,
    460.09787038419));
#2060 = CARTESIAN_POINT('',(15.72140711857,1.343862055589,
    460.35423639258));
#2061 = CARTESIAN_POINT('',(15.570064088031,1.770163369247,
    460.60746506462));
#2062 = CARTESIAN_POINT('',(15.373181810156,2.173703657888,
    460.85613863927));
#2063 = CARTESIAN_POINT('',(14.952710315014,2.837440706778,
    461.28538705002));
#2064 = CARTESIAN_POINT('',(14.745586560939,3.109365187329,
    461.46854333572));
#2065 = CARTESIAN_POINT('',(14.516394632764,3.361895475014,
    461.64744088312));
#2066 = CARTESIAN_POINT('',(14.267510885123,3.592999805787,
    461.82146691579));
#2067 = CARTESIAN_POINT('',(14.001418728576,3.801081444487,
    461.98997270971));
#2068 = CARTESIAN_POINT('',(13.720567014282,3.984895569399,
    462.15221624348));
#2069 = PCURVE('',#1760,#2070);
#2070 = DEFINITIONAL_REPRESENTATION('',(#2071),#2084);
#2071 = B_SPLINE_CURVE_WITH_KNOTS('',6,(#2072,#2073,#2074,#2075,#2076,
    #2077,#2078,#2079,#2080,#2081,#2082,#2083),.UNSPECIFIED.,.F.,.F.,(7,
    5,7),(0.,0.564884539424,1.),.UNSPECIFIED.);
#2072 = CARTESIAN_POINT('',(-3.14159265359,-2.38125));
#2073 = CARTESIAN_POINT('',(-3.236310192261,-2.639707931631));
#2074 = CARTESIAN_POINT('',(-3.330919332103,-2.897870384193));
#2075 = CARTESIAN_POINT('',(-3.425299021076,-3.154236392588));
#2076 = CARTESIAN_POINT('',(-3.519378876053,-3.407465064622));
#2077 = CARTESIAN_POINT('',(-3.613080607297,-3.656138639277));
#2078 = CARTESIAN_POINT('',(-3.778059478391,-4.085387050021));
#2079 = CARTESIAN_POINT('',(-3.849566523225,-4.268543335729));
#2080 = CARTESIAN_POINT('',(-3.920779068001,-4.447440883128));
#2081 = CARTESIAN_POINT('',(-3.991709633933,-4.621466915792));
#2082 = CARTESIAN_POINT('',(-4.062386033239,-4.789972709719));
#2083 = CARTESIAN_POINT('',(-4.13286509835,-4.952216243487));
#2084 = ( GEOMETRIC_REPRESENTATION_CONTEXT(2) 
PARAMETRIC_REPRESENTATION_CONTEXT() REPRESENTATION_CONTEXT('2D SPACE',''
  ) );
#2085 = PCURVE('',#2086,#2265);
#2086 = B_SPLINE_SURFACE_WITH_KNOTS('',1,11,(
    (#2087,#2088,#2089,#2090,#2091,#2092,#2093,#2094,#2095,#2096,#2097
      ,#2098,#2099,#2100,#2101,#2102,#2103,#2104,#2105,#2106,#2107,#2108
      ,#2109,#2110,#2111,#2112,#2113,#2114,#2115,#2116,#2117,#2118,#2119
      ,#2120,#2121,#2122,#2123,#2124,#2125,#2126,#2127,#2128,#2129,#2130
      ,#2131,#2132,#2133,#2134,#2135,#2136,#2137,#2138,#2139,#2140,#2141
      ,#2142,#2143,#2144,#2145,#2146,#2147,#2148,#2149,#2150,#2151,#2152
      ,#2153,#2154,#2155,#2156,#2157,#2158,#2159,#2160,#2161,#2162,#2163
      ,#2164,#2165,#2166,#2167,#2168,#2169,#2170,#2171,#2172,#2173,#2174
      ,#2175)
    ,(#2176,#2177,#2178,#2179,#2180,#2181,#2182,#2183,#2184,#2185,#2186
      ,#2187,#2188,#2189,#2190,#2191,#2192,#2193,#2194,#2195,#2196,#2197
      ,#2198,#2199,#2200,#2201,#2202,#2203,#2204,#2205,#2206,#2207,#2208
      ,#2209,#2210,#2211,#2212,#2213,#2214,#2215,#2216,#2217,#2218,#2219
      ,#2220,#2221,#2222,#2223,#2224,#2225,#2226,#2227,#2228,#2229,#2230
      ,#2231,#2232,#2233,#2234,#2235,#2236,#2237,#2238,#2239,#2240,#2241
      ,#2242,#2243,#2244,#2245,#2246,#2247,#2248,#2249,#2250,#2251,#2252
      ,#2253,#2254,#2255,#2256,#2257,#2258,#2259,#2260,#2261,#2262,#2263
      ,#2264
    )),.UNSPECIFIED.,.F.,.F.,.F.,(2,2),(12,11,11,11,11,11,11,11,12),(0.,
    17.4625),(0.,57.494355528211,114.98871105642,172.48306658463,
    229.97742211284,287.47177764105,344.96613316926,402.46048869747,
    459.95484422569),.PIECEWISE_BEZIER_KNOTS.);
#2087 = CARTESIAN_POINT('',(31.75,-6.402721307141E-15,459.58125));
#2088 = CARTESIAN_POINT('',(31.750002549262,18.135589006369,
    464.77669519815));
#2089 = CARTESIAN_POINT('',(20.357544410051,36.270540853366,
    469.97218514746));
#2090 = CARTESIAN_POINT('',(-2.451026711706,46.455454971808,
    475.16752388595));
#2091 = CARTESIAN_POINT('',(-30.31507901047,40.704909597797,
    480.36324828933));
#2092 = CARTESIAN_POINT('',(-51.09144073754,16.788344459269,
    485.55826096888));
#2093 = CARTESIAN_POINT('',(-51.09137989217,-16.78833016476,
    490.75422974374));
#2094 = CARTESIAN_POINT('',(-30.31510640194,-40.70494549229,
    495.94925935229));
#2095 = CARTESIAN_POINT('',(-2.451021088771,-46.45543049101,
    501.14495658354));
#2096 = CARTESIAN_POINT('',(20.357550270951,-36.27054964946,
    506.34032339433));
#2097 = CARTESIAN_POINT('',(31.750002120514,-18.13558373109,
    511.53579145155));
#2098 = CARTESIAN_POINT('',(31.750000000033,4.570511911386E-11,
    516.73124999987));
#2099 = CARTESIAN_POINT('',(31.75000254911,18.135589006208,
    521.92669519861));
#2100 = CARTESIAN_POINT('',(20.357544410495,36.270540853724,
    527.12218514634));
#2101 = CARTESIAN_POINT('',(-2.451026712605,46.455454971191,
    532.31752388793));
#2102 = CARTESIAN_POINT('',(-30.31507900918,40.704909598692,
    537.5132482866));
#2103 = CARTESIAN_POINT('',(-51.09144073886,16.788344458151,
    542.70826097188));
#2104 = CARTESIAN_POINT('',(-51.0913798912,-16.78833016359,
    547.90422974108));
#2105 = CARTESIAN_POINT('',(-30.31510640245,-40.70494549326,
    553.0992593542));
#2106 = CARTESIAN_POINT('',(-2.451021088559,-46.4554304904,
    558.29495658243));
#2107 = CARTESIAN_POINT('',(20.357550270868,-36.27054964973,
    563.49032339485));
#2108 = CARTESIAN_POINT('',(31.750002120546,-18.13558373102,
    568.68579145139));
#2109 = CARTESIAN_POINT('',(31.750000000028,4.163195284397E-11,
    573.88124999989));
#2110 = CARTESIAN_POINT('',(31.750002549126,18.135589006217,
    579.07669519856));
#2111 = CARTESIAN_POINT('',(20.357544410462,36.270540853754,
    584.27218514638));
#2112 = CARTESIAN_POINT('',(-2.451026712575,46.455454971014,
    589.46752388809));
#2113 = CARTESIAN_POINT('',(-30.31507900913,40.704909599155,
    594.66324828595));
#2114 = CARTESIAN_POINT('',(-51.0914407391,16.788344457344,
    599.85826097329));
#2115 = CARTESIAN_POINT('',(-51.09137989071,-16.78833016254,
    605.0542297389));
#2116 = CARTESIAN_POINT('',(-30.31510640312,-40.70494549432,
    610.24925935676));
#2117 = CARTESIAN_POINT('',(-2.451021087909,-46.45543048953,
    615.4449565801));
#2118 = CARTESIAN_POINT('',(20.357550270392,-36.27054965033,
    620.64032339651));
#2119 = CARTESIAN_POINT('',(31.750002120808,-18.13558373068,
    625.83579145046));
#2120 = CARTESIAN_POINT('',(31.749999999924,-1.110815873378E-10,
    631.03125000028));
#2121 = CARTESIAN_POINT('',(31.750002549626,18.135589006799,
    636.22669519707));
#2122 = CARTESIAN_POINT('',(20.357544408955,36.270540852389,
    641.42218514996));
#2123 = CARTESIAN_POINT('',(-2.451026709462,46.455454973483,
    646.61752388165));
#2124 = CARTESIAN_POINT('',(-30.3150790137,40.704909595424,
    651.81324829511));
#2125 = CARTESIAN_POINT('',(-51.09144073422,16.788344462125,
    657.00826096261));
#2126 = CARTESIAN_POINT('',(-51.09137989459,-16.78833016762,
    662.20422974929));
#2127 = CARTESIAN_POINT('',(-30.31510640071,-40.70494549001,
    667.39925934826));
#2128 = CARTESIAN_POINT('',(-2.451021089208,-46.45543049238,
    672.59495658588));
#2129 = CARTESIAN_POINT('',(20.357550271067,-36.2705496489,
    677.79032339335));
#2130 = CARTESIAN_POINT('',(31.750002120496,-18.1355837312,
    682.98579145177));
#2131 = CARTESIAN_POINT('',(31.750000000013,1.679714677356E-11,
    688.18124999994));
#2132 = CARTESIAN_POINT('',(31.75000266219,18.13558917,693.37669478405)
  );
#2133 = CARTESIAN_POINT('',(20.357543908144,36.270540125987,
    698.57218698823));
#2134 = CARTESIAN_POINT('',(-2.45102535403,46.455456939563,
    703.76751890624));
#2135 = CARTESIAN_POINT('',(-30.3150817303,40.704905655763,
    708.96325826514));
#2136 = CARTESIAN_POINT('',(-51.09143641868,16.788350718549,
    714.15824512905));
#2137 = CARTESIAN_POINT('',(-51.09138550101,-16.78833829297,
    719.3542503132));
#2138 = CARTESIAN_POINT('',(-30.31510035449,-40.70493672914,
    724.54923717586));
#2139 = CARTESIAN_POINT('',(-2.451026530222,-46.45543837552,
    729.74497653667));
#2140 = CARTESIAN_POINT('',(20.357554345792,-36.27054374538,
    734.9403084529));
#2141 = CARTESIAN_POINT('',(31.749999609624,-18.13558736906,
    740.13580065821));
#2142 = CARTESIAN_POINT('',(31.750001243126,1.801115996794E-06,
    745.33124544186));
#2143 = CARTESIAN_POINT('',(31.750000038308,18.135585368336,
    750.52670440502));
#2144 = CARTESIAN_POINT('',(20.35754848505,36.27054675746,
    755.72217020575));
#2145 = CARTESIAN_POINT('',(-2.451032153649,46.455447087447,
    760.91754383942));
#2146 = CARTESIAN_POINT('',(-30.31507296179,40.704918360566,
    766.11322611224));
#2147 = CARTESIAN_POINT('',(-51.09144634858,16.788336331512,
    771.30828153975));
#2148 = CARTESIAN_POINT('',(-51.09137557043,-16.78832390567,
    776.5042139014));
#2149 = CARTESIAN_POINT('',(-30.31510912457,-40.70494943466,
    781.69926933151));
#2150 = CARTESIAN_POINT('',(-2.451019729031,-46.45542852245,
    786.89495160025));
#2151 = CARTESIAN_POINT('',(20.357549767846,-36.27055037775,
    792.09032523804));
#2152 = CARTESIAN_POINT('',(31.750002234021,-18.13558356678,
    797.28579103558));
#2153 = CARTESIAN_POINT('',(31.749999999805,-2.904721349434E-10,
    802.48125000072));
#2154 = CARTESIAN_POINT('',(31.75000255011,18.135589007329,
    807.67669519569));
#2155 = CARTESIAN_POINT('',(20.357544407616,36.270540851343,
    812.8721851529));
#2156 = CARTESIAN_POINT('',(-2.451026706915,46.455454975076,
    818.06752387695));
#2157 = CARTESIAN_POINT('',(-30.31507901702,40.704909593392,
    823.26324830084));
#2158 = CARTESIAN_POINT('',(-51.09144073141,16.788344464346,
    828.45826095737));
#2159 = CARTESIAN_POINT('',(-51.09137989581,-16.78833016958,
    833.65422975257));
#2160 = CARTESIAN_POINT('',(-30.31510640103,-40.70494548881,
    838.84925934747));
#2161 = CARTESIAN_POINT('',(-2.451021088222,-46.4554304926,
    844.04495658476));
#2162 = CARTESIAN_POINT('',(20.357550270188,-36.27054964934,
    849.2403233952));
#2163 = CARTESIAN_POINT('',(31.750002121034,-18.13558373062,
    854.43579145013));
#2164 = CARTESIAN_POINT('',(31.749999999746,-3.822500987155E-10,
    859.63125000094));
#2165 = CARTESIAN_POINT('',(31.750002663396,18.135589171393,
    864.82669478057));
#2166 = CARTESIAN_POINT('',(20.357543904579,36.270540122894,
    870.02218699618));
#2167 = CARTESIAN_POINT('',(-2.451025346753,46.455456944856,
    875.21751889251));
#2168 = CARTESIAN_POINT('',(-30.31508174087,40.704905648165,
    880.41325828407));
#2169 = CARTESIAN_POINT('',(-51.0914364076,16.788350727939,
    885.60824510761));
#2170 = CARTESIAN_POINT('',(-51.09138550952,-16.78833830278,
    890.80425033349));
#2171 = CARTESIAN_POINT('',(-30.31510034957,-40.7049367208,
    895.9992371597));
#2172 = CARTESIAN_POINT('',(-2.451026532579,-46.45543838109,
    901.19497654742));
#2173 = CARTESIAN_POINT('',(20.35755434692,-36.27054374255,
    906.39030844705));
#2174 = CARTESIAN_POINT('',(31.749999609074,-18.13558737013,
    911.58580066071));
#2175 = CARTESIAN_POINT('',(31.750001243333,1.801399947572E-06,
    916.78124544111));
#2176 = CARTESIAN_POINT('',(14.2875,1.358347477535E-14,459.58125));
#2177 = CARTESIAN_POINT('',(14.287502549262,8.160970210909,
    464.77671389275));
#2178 = CARTESIAN_POINT('',(9.160887777189,16.321976868222,
    469.97213303437));
#2179 = CARTESIAN_POINT('',(-1.102926219842,20.904277411676,
    475.16770338672));
#2180 = CARTESIAN_POINT('',(-13.64183328854,18.318507060881,
    480.36288807441));
#2181 = CARTESIAN_POINT('',(-22.99113417687,7.552989830374,
    485.55878448547));
#2182 = CARTESIAN_POINT('',(-22.99107523631,-7.55297347667,
    490.75372480192));
#2183 = CARTESIAN_POINT('',(-13.64186529813,-18.31852987489,
    495.94960428388));
#2184 = CARTESIAN_POINT('',(-1.102925867553,-20.90426448513,
    501.14481614384));
#2185 = CARTESIAN_POINT('',(9.160889523017,-16.32197762137,
    506.34035842378));
#2186 = CARTESIAN_POINT('',(14.287500062942,-8.160975486177,
    511.53579945755));
#2187 = CARTESIAN_POINT('',(14.287500000033,-4.362847036004E-11,
    516.73125000011));
#2188 = CARTESIAN_POINT('',(14.287502549162,8.160970211072,
    521.92671389227));
#2189 = CARTESIAN_POINT('',(9.16088777737,16.321976867802,
    527.12213303559));
#2190 = CARTESIAN_POINT('',(-1.1029262201,20.90427741248,532.31770338441
    ));
#2191 = CARTESIAN_POINT('',(-13.64183328818,18.318507059711,
    537.51288807774));
#2192 = CARTESIAN_POINT('',(-22.9911341774,7.552989831693,
    542.70878448172));
#2193 = CARTESIAN_POINT('',(-22.99107523565,-7.552973477843,
    547.90372480526));
#2194 = CARTESIAN_POINT('',(-13.64186529876,-18.31852987405,
    553.09960428152));
#2195 = CARTESIAN_POINT('',(-1.102925867118,-20.90426448561,
    558.29481614515));
#2196 = CARTESIAN_POINT('',(9.160889522813,-16.32197762115,
    563.49035842322));
#2197 = CARTESIAN_POINT('',(14.287500062999,-8.160975486251,
    568.68579945772));
#2198 = CARTESIAN_POINT('',(14.287500000028,-3.694241729524E-11,
    573.8812500001));
#2199 = CARTESIAN_POINT('',(14.287502549172,8.160970211065,
    579.07671389232));
#2200 = CARTESIAN_POINT('',(9.160887777396,16.321976867775,
    584.27213303553));
#2201 = CARTESIAN_POINT('',(-1.102926220264,20.904277412627,
    589.46770338432));
#2202 = CARTESIAN_POINT('',(-13.64183328775,18.318507059316,
    594.66288807831));
#2203 = CARTESIAN_POINT('',(-22.99113417813,7.55298983243,
    599.85878448035));
#2204 = CARTESIAN_POINT('',(-22.99107523474,-7.552973478874,
    605.05372480746));
#2205 = CARTESIAN_POINT('',(-13.64186529964,-18.31852987293,
    610.24960427894));
#2206 = CARTESIAN_POINT('',(-1.102925866445,-20.90426448658,
    615.44481614747));
#2207 = CARTESIAN_POINT('',(9.160889522385,-16.32197762049,
    620.64035842159));
#2208 = CARTESIAN_POINT('',(14.287500063231,-8.160975486605,
    625.8357994586));
#2209 = CARTESIAN_POINT('',(14.287499999924,1.071210088116E-10,
    631.03124999973));
#2210 = CARTESIAN_POINT('',(14.287502549502,8.16097021048,
    636.22671389388));
#2211 = CARTESIAN_POINT('',(9.160887776761,16.321976869361,
    641.42213303148));
#2212 = CARTESIAN_POINT('',(-1.102926219229,20.90427740947,
    646.61770339214));
#2213 = CARTESIAN_POINT('',(-13.64183328947,18.318507064091,
    651.81288806656));
#2214 = CARTESIAN_POINT('',(-22.99113417541,7.552989826813,
    657.00878449446));
#2215 = CARTESIAN_POINT('',(-22.99107523823,-7.552973473619,
    662.20372479375));
#2216 = CARTESIAN_POINT('',(-13.64186529628,-18.31852987694,
    667.39960428975));
#2217 = CARTESIAN_POINT('',(-1.102925868794,-20.90426448404,
    672.59481614059));
#2218 = CARTESIAN_POINT('',(9.16088952355,-16.32197762182,
    677.79035842507));
#2219 = CARTESIAN_POINT('',(14.287500062831,-8.160975486073,
    682.98579945729));
#2220 = CARTESIAN_POINT('',(14.287500000013,-2.111642135462E-11,
    688.18125000003));
#2221 = CARTESIAN_POINT('',(14.287502662212,8.160970047273,
    693.37671430686));
#2222 = CARTESIAN_POINT('',(9.160887275073,16.321977595564,
    698.57213119367));
#2223 = CARTESIAN_POINT('',(-1.102924861467,20.904275444118,
    703.76770836618));
#2224 = CARTESIAN_POINT('',(-13.64183600976,18.318511002473,
    708.962878099));
#2225 = CARTESIAN_POINT('',(-22.99112985618,7.552983571711,
    714.1588003249));
#2226 = CARTESIAN_POINT('',(-22.9910808469,-7.552965349046,
    719.3537042327));
#2227 = CARTESIAN_POINT('',(-13.64185924948,-18.31853863764,
    724.54962646027));
#2228 = CARTESIAN_POINT('',(-1.102931309592,-20.90425660079,
    729.74479619066));
#2229 = CARTESIAN_POINT('',(9.160893598053,-16.3219835254,
    734.94037336527));
#2230 = CARTESIAN_POINT('',(14.287497552013,-8.160971848211,
    740.13579025087));
#2231 = CARTESIAN_POINT('',(14.287501243129,-1.801116462271E-06,
    745.33125455813));
#2232 = CARTESIAN_POINT('',(14.287500038288,8.160973848936,
    750.52670468589));
#2233 = CARTESIAN_POINT('',(9.16089185219,16.321970964123,
    755.72214797598));
#2234 = CARTESIAN_POINT('',(-1.102931661536,20.904285296168,
    760.91768343357));
#2235 = CARTESIAN_POINT('',(-13.64182724083,18.318498297643,
    766.11291025072));
#2236 = CARTESIAN_POINT('',(-22.99113978592,7.552997959073,
    771.30876391591));
#2237 = CARTESIAN_POINT('',(-22.99107091729,-7.552979737004,
    776.50374064265));
#2238 = CARTESIAN_POINT('',(-13.64186801821,-18.31852593138,
    781.69959430609));
#2239 = CARTESIAN_POINT('',(-1.102924509468,-20.90426645438,
    786.89482112619));
#2240 = CARTESIAN_POINT('',(9.160889020618,-16.32197689283,
    792.09035658052));
#2241 = CARTESIAN_POINT('',(14.287500176282,-8.160975650516,
    797.28579987337));
#2242 = CARTESIAN_POINT('',(14.287499999805,2.684315126026E-10,
    802.4812499993));
#2243 = CARTESIAN_POINT('',(14.28750254979,8.160970209927,
    807.67671389533));
#2244 = CARTESIAN_POINT('',(9.160887776336,16.32197687072,
    812.87213302814));
#2245 = CARTESIAN_POINT('',(-1.102926218718,20.904277407009,
    818.06770339797));
#2246 = CARTESIAN_POINT('',(-13.64183329024,18.31850706736,
    823.26288805867));
#2247 = CARTESIAN_POINT('',(-22.99113417407,7.552989823694,
    828.45878450266));
#2248 = CARTESIAN_POINT('',(-22.99107524007,-7.552973471641,
    833.65372478748));
#2249 = CARTESIAN_POINT('',(-13.64186529459,-18.31852987749,
    838.84960429279));
#2250 = CARTESIAN_POINT('',(-1.102925869667,-20.90426448446,
    844.04481614044));
#2251 = CARTESIAN_POINT('',(9.160889523602,-16.32197762108,
    849.24035842373));
#2252 = CARTESIAN_POINT('',(14.287500063136,-8.160975486691,
    854.43579945877));
#2253 = CARTESIAN_POINT('',(14.287499999746,3.478866481402E-10,
    859.63124999907));
#2254 = CARTESIAN_POINT('',(14.28750266298,8.160970045856,
    864.82671431059));
#2255 = CARTESIAN_POINT('',(9.160887273721,16.321977599287,
    870.02213118428));
#2256 = CARTESIAN_POINT('',(-1.102924859463,20.904275436927,
    875.21770838386));
#2257 = CARTESIAN_POINT('',(-13.64183601298,18.318511012954,
    880.41287807289));
#2258 = CARTESIAN_POINT('',(-22.99112985093,7.552983559954,
    885.60880035575));
#2259 = CARTESIAN_POINT('',(-22.99108085396,-7.552965338661,
    890.8037042033));
#2260 = CARTESIAN_POINT('',(-13.64185924242,-18.3185386451,
    895.99962648296));
#2261 = CARTESIAN_POINT('',(-1.102931314665,-20.90425659627,
    901.19479617649));
#2262 = CARTESIAN_POINT('',(9.160893600621,-16.32198352777,
    906.39037337236));
#2263 = CARTESIAN_POINT('',(14.28749755112,-8.16097184719,
    911.58579024812));
#2264 = CARTESIAN_POINT('',(14.287501243335,-1.801432933691E-06,
    916.78125455888));
#2265 = DEFINITIONAL_REPRESENTATION('',(#2266),#2279);
#2266 = B_SPLINE_CURVE_WITH_KNOTS('',6,(#2267,#2268,#2269,#2270,#2271,
    #2272,#2273,#2274,#2275,#2276,#2277,#2278),.UNSPECIFIED.,.F.,.F.,(7,
    5,7),(0.,0.564884539424,1.),.UNSPECIFIED.);
#2267 = CARTESIAN_POINT('',(15.875,0.));
#2268 = CARTESIAN_POINT('',(15.875000126818,0.260014879026));
#2269 = CARTESIAN_POINT('',(15.910894042176,0.519732598484));
#2270 = CARTESIAN_POINT('',(15.982523096481,0.777643115701));
#2271 = CARTESIAN_POINT('',(16.089076440402,1.032397436926));
#2272 = CARTESIAN_POINT('',(16.229311079508,1.2825692439));
#2273 = CARTESIAN_POINT('',(16.533737850256,1.714403859926));
#2274 = CARTESIAN_POINT('',(16.685069081636,1.898663665037));
#2275 = CARTESIAN_POINT('',(16.854481347394,2.078639077909));
#2276 = CARTESIAN_POINT('',(17.041107801553,2.253713626796));
#2277 = CARTESIAN_POINT('',(17.244060477524,2.423234676723));
#2278 = CARTESIAN_POINT('',(17.4625,2.58645573381));
#2279 = ( GEOMETRIC_REPRESENTATION_CONTEXT(2) 
PARAMETRIC_REPRESENTATION_CONTEXT() REPRESENTATION_CONTEXT('2D SPACE',''
  ) );
#2280 = ORIENTED_EDGE('',*,*,#2281,.T.);
#2281 = EDGE_CURVE('',#2053,#1895,#2282,.T.);
#2282 = SURFACE_CURVE('',#2283,(#2287,#2293),.PCURVE_S1.);
#2283 = LINE('',#2284,#2285);
#2284 = CARTESIAN_POINT('',(15.875,1.482882061538E-15,457.2));
#2285 = VECTOR('',#2286,1.);
#2286 = DIRECTION('',(0.,0.,-1.));
#2287 = PCURVE('',#1760,#2288);
#2288 = DEFINITIONAL_REPRESENTATION('',(#2289),#2292);
#2289 = B_SPLINE_CURVE_WITH_KNOTS('',1,(#2290,#2291),.UNSPECIFIED.,.F.,
  .F.,(2,2),(-2.8575,6.000000212225E-07),.PIECEWISE_BEZIER_KNOTS.);
#2290 = CARTESIAN_POINT('',(-3.14159265359,-2.8575));
#2291 = CARTESIAN_POINT('',(-3.14159265359,6.000000212225E-07));
#2292 = ( GEOMETRIC_REPRESENTATION_CONTEXT(2) 
PARAMETRIC_REPRESENTATION_CONTEXT() REPRESENTATION_CONTEXT('2D SPACE',''
  ) );
#2293 = PCURVE('',#724,#2294);
#2294 = DEFINITIONAL_REPRESENTATION('',(#2295),#2298);
#2295 = B_SPLINE_CURVE_WITH_KNOTS('',1,(#2296,#2297),.UNSPECIFIED.,.F.,
  .F.,(2,2),(-2.8575,6.000000212225E-07),.PIECEWISE_BEZIER_KNOTS.);
#2296 = CARTESIAN_POINT('',(-2.8575,-7.14375));
#2297 = CARTESIAN_POINT('',(5.999999643791E-07,-7.14375));
#2298 = ( GEOMETRIC_REPRESENTATION_CONTEXT(2) 
PARAMETRIC_REPRESENTATION_CONTEXT() REPRESENTATION_CONTEXT('2D SPACE',''
  ) );
#2299 = ADVANCED_FACE('',(#2300),#1554,.F.);
#2300 = FACE_BOUND('',#2301,.F.);
#2301 = EDGE_LOOP('',(#2302,#2411,#2412,#2413));
#2302 = ORIENTED_EDGE('',*,*,#2303,.F.);
#2303 = EDGE_CURVE('',#1997,#2304,#2306,.T.);
#2304 = VERTEX_POINT('',#2305);
#2305 = CARTESIAN_POINT('',(3.984915986488,13.72053581851,
    642.74778325366));
#2306 = SURFACE_CURVE('',#2307,(#2397,#2404),.PCURVE_S1.);
#2307 = B_SPLINE_CURVE_WITH_KNOTS('',11,(#2308,#2309,#2310,#2311,#2312,
    #2313,#2314,#2315,#2316,#2317,#2318,#2319,#2320,#2321,#2322,#2323,
    #2324,#2325,#2326,#2327,#2328,#2329,#2330,#2331,#2332,#2333,#2334,
    #2335,#2336,#2337,#2338,#2339,#2340,#2341,#2342,#2343,#2344,#2345,
    #2346,#2347,#2348,#2349,#2350,#2351,#2352,#2353,#2354,#2355,#2356,
    #2357,#2358,#2359,#2360,#2361,#2362,#2363,#2364,#2365,#2366,#2367,
    #2368,#2369,#2370,#2371,#2372,#2373,#2374,#2375,#2376,#2377,#2378,
    #2379,#2380,#2381,#2382,#2383,#2384,#2385,#2386,#2387,#2388,#2389,
    #2390,#2391,#2392,#2393,#2394,#2395,#2396),.UNSPECIFIED.,.F.,.F.,(12
    ,11,11,11,11,11,11,11,12),(0.,57.494355528211,114.98871105642,
    172.48306658463,229.97742211284,287.47177764105,344.96613316926,
    402.46048869747,459.95484422569),.PIECEWISE_BEZIER_KNOTS.);
#2308 = CARTESIAN_POINT('',(14.2875,1.358347477535E-14,459.58125));
#2309 = CARTESIAN_POINT('',(14.287502549262,8.160970210909,
    464.77671389275));
#2310 = CARTESIAN_POINT('',(9.160887777189,16.321976868222,
    469.97213303437));
#2311 = CARTESIAN_POINT('',(-1.102926219842,20.904277411676,
    475.16770338672));
#2312 = CARTESIAN_POINT('',(-13.64183328854,18.318507060881,
    480.36288807441));
#2313 = CARTESIAN_POINT('',(-22.99113417687,7.552989830374,
    485.55878448547));
#2314 = CARTESIAN_POINT('',(-22.99107523631,-7.55297347667,
    490.75372480192));
#2315 = CARTESIAN_POINT('',(-13.64186529813,-18.31852987489,
    495.94960428388));
#2316 = CARTESIAN_POINT('',(-1.102925867553,-20.90426448513,
    501.14481614384));
#2317 = CARTESIAN_POINT('',(9.160889523017,-16.32197762137,
    506.34035842378));
#2318 = CARTESIAN_POINT('',(14.287500062942,-8.160975486177,
    511.53579945755));
#2319 = CARTESIAN_POINT('',(14.287500000033,-4.362847036004E-11,
    516.73125000011));
#2320 = CARTESIAN_POINT('',(14.287502549162,8.160970211072,
    521.92671389227));
#2321 = CARTESIAN_POINT('',(9.16088777737,16.321976867802,
    527.12213303559));
#2322 = CARTESIAN_POINT('',(-1.1029262201,20.90427741248,532.31770338441
    ));
#2323 = CARTESIAN_POINT('',(-13.64183328818,18.318507059711,
    537.51288807774));
#2324 = CARTESIAN_POINT('',(-22.9911341774,7.552989831693,
    542.70878448172));
#2325 = CARTESIAN_POINT('',(-22.99107523565,-7.552973477843,
    547.90372480526));
#2326 = CARTESIAN_POINT('',(-13.64186529876,-18.31852987405,
    553.09960428152));
#2327 = CARTESIAN_POINT('',(-1.102925867118,-20.90426448561,
    558.29481614515));
#2328 = CARTESIAN_POINT('',(9.160889522813,-16.32197762115,
    563.49035842322));
#2329 = CARTESIAN_POINT('',(14.287500062999,-8.160975486251,
    568.68579945772));
#2330 = CARTESIAN_POINT('',(14.287500000028,-3.694241729524E-11,
    573.8812500001));
#2331 = CARTESIAN_POINT('',(14.287502549172,8.160970211065,
    579.07671389232));
#2332 = CARTESIAN_POINT('',(9.160887777396,16.321976867775,
    584.27213303553));
#2333 = CARTESIAN_POINT('',(-1.102926220264,20.904277412627,
    589.46770338432));
#2334 = CARTESIAN_POINT('',(-13.64183328775,18.318507059316,
    594.66288807831));
#2335 = CARTESIAN_POINT('',(-22.99113417813,7.55298983243,
    599.85878448035));
#2336 = CARTESIAN_POINT('',(-22.99107523474,-7.552973478874,
    605.05372480746));
#2337 = CARTESIAN_POINT('',(-13.64186529964,-18.31852987293,
    610.24960427894));
#2338 = CARTESIAN_POINT('',(-1.102925866445,-20.90426448658,
    615.44481614747));
#2339 = CARTESIAN_POINT('',(9.160889522385,-16.32197762049,
    620.64035842159));
#2340 = CARTESIAN_POINT('',(14.287500063231,-8.160975486605,
    625.8357994586));
#2341 = CARTESIAN_POINT('',(14.287499999924,1.071210088116E-10,
    631.03124999973));
#2342 = CARTESIAN_POINT('',(14.287502549502,8.16097021048,
    636.22671389388));
#2343 = CARTESIAN_POINT('',(9.160887776761,16.321976869361,
    641.42213303148));
#2344 = CARTESIAN_POINT('',(-1.102926219229,20.90427740947,
    646.61770339214));
#2345 = CARTESIAN_POINT('',(-13.64183328947,18.318507064091,
    651.81288806656));
#2346 = CARTESIAN_POINT('',(-22.99113417541,7.552989826813,
    657.00878449446));
#2347 = CARTESIAN_POINT('',(-22.99107523823,-7.552973473619,
    662.20372479375));
#2348 = CARTESIAN_POINT('',(-13.64186529628,-18.31852987694,
    667.39960428975));
#2349 = CARTESIAN_POINT('',(-1.102925868794,-20.90426448404,
    672.59481614059));
#2350 = CARTESIAN_POINT('',(9.16088952355,-16.32197762182,
    677.79035842507));
#2351 = CARTESIAN_POINT('',(14.287500062831,-8.160975486073,
    682.98579945729));
#2352 = CARTESIAN_POINT('',(14.287500000013,-2.111642135462E-11,
    688.18125000003));
#2353 = CARTESIAN_POINT('',(14.287502662212,8.160970047273,
    693.37671430686));
#2354 = CARTESIAN_POINT('',(9.160887275073,16.321977595564,
    698.57213119367));
#2355 = CARTESIAN_POINT('',(-1.102924861467,20.904275444118,
    703.76770836618));
#2356 = CARTESIAN_POINT('',(-13.64183600976,18.318511002473,
    708.962878099));
#2357 = CARTESIAN_POINT('',(-22.99112985618,7.552983571711,
    714.1588003249));
#2358 = CARTESIAN_POINT('',(-22.9910808469,-7.552965349046,
    719.3537042327));
#2359 = CARTESIAN_POINT('',(-13.64185924948,-18.31853863764,
    724.54962646027));
#2360 = CARTESIAN_POINT('',(-1.102931309592,-20.90425660079,
    729.74479619066));
#2361 = CARTESIAN_POINT('',(9.160893598053,-16.3219835254,
    734.94037336527));
#2362 = CARTESIAN_POINT('',(14.287497552013,-8.160971848211,
    740.13579025087));
#2363 = CARTESIAN_POINT('',(14.287501243129,-1.801116462271E-06,
    745.33125455813));
#2364 = CARTESIAN_POINT('',(14.287500038288,8.160973848936,
    750.52670468589));
#2365 = CARTESIAN_POINT('',(9.16089185219,16.321970964123,
    755.72214797598));
#2366 = CARTESIAN_POINT('',(-1.102931661536,20.904285296168,
    760.91768343357));
#2367 = CARTESIAN_POINT('',(-13.64182724083,18.318498297643,
    766.11291025072));
#2368 = CARTESIAN_POINT('',(-22.99113978592,7.552997959073,
    771.30876391591));
#2369 = CARTESIAN_POINT('',(-22.99107091729,-7.552979737004,
    776.50374064265));
#2370 = CARTESIAN_POINT('',(-13.64186801821,-18.31852593138,
    781.69959430609));
#2371 = CARTESIAN_POINT('',(-1.102924509468,-20.90426645438,
    786.89482112619));
#2372 = CARTESIAN_POINT('',(9.160889020618,-16.32197689283,
    792.09035658052));
#2373 = CARTESIAN_POINT('',(14.287500176282,-8.160975650516,
    797.28579987337));
#2374 = CARTESIAN_POINT('',(14.287499999805,2.684315126026E-10,
    802.4812499993));
#2375 = CARTESIAN_POINT('',(14.28750254979,8.160970209927,
    807.67671389533));
#2376 = CARTESIAN_POINT('',(9.160887776336,16.32197687072,
    812.87213302814));
#2377 = CARTESIAN_POINT('',(-1.102926218718,20.904277407009,
    818.06770339797));
#2378 = CARTESIAN_POINT('',(-13.64183329024,18.31850706736,
    823.26288805867));
#2379 = CARTESIAN_POINT('',(-22.99113417407,7.552989823694,
    828.45878450266));
#2380 = CARTESIAN_POINT('',(-22.99107524007,-7.552973471641,
    833.65372478748));
#2381 = CARTESIAN_POINT('',(-13.64186529459,-18.31852987749,
    838.84960429279));
#2382 = CARTESIAN_POINT('',(-1.102925869667,-20.90426448446,
    844.04481614044));
#2383 = CARTESIAN_POINT('',(9.160889523602,-16.32197762108,
    849.24035842373));
#2384 = CARTESIAN_POINT('',(14.287500063136,-8.160975486691,
    854.43579945877));
#2385 = CARTESIAN_POINT('',(14.287499999746,3.478866481402E-10,
    859.63124999907));
#2386 = CARTESIAN_POINT('',(14.28750266298,8.160970045856,
    864.82671431059));
#2387 = CARTESIAN_POINT('',(9.160887273721,16.321977599287,
    870.02213118428));
#2388 = CARTESIAN_POINT('',(-1.102924859463,20.904275436927,
    875.21770838386));
#2389 = CARTESIAN_POINT('',(-13.64183601298,18.318511012954,
    880.41287807289));
#2390 = CARTESIAN_POINT('',(-22.99112985093,7.552983559954,
    885.60880035575));
#2391 = CARTESIAN_POINT('',(-22.99108085396,-7.552965338661,
    890.8037042033));
#2392 = CARTESIAN_POINT('',(-13.64185924242,-18.3185386451,
    895.99962648296));
#2393 = CARTESIAN_POINT('',(-1.102931314665,-20.90425659627,
    901.19479617649));
#2394 = CARTESIAN_POINT('',(9.160893600621,-16.32198352777,
    906.39037337236));
#2395 = CARTESIAN_POINT('',(14.28749755112,-8.16097184719,
    911.58579024812));
#2396 = CARTESIAN_POINT('',(14.287501243335,-1.801432933691E-06,
    916.78125455888));
#2397 = PCURVE('',#1554,#2398);
#2398 = DEFINITIONAL_REPRESENTATION('',(#2399),#2403);
#2399 = LINE('',#2400,#2401);
#2400 = CARTESIAN_POINT('',(0.,0.));
#2401 = VECTOR('',#2402,1.);
#2402 = DIRECTION('',(0.,1.));
#2403 = ( GEOMETRIC_REPRESENTATION_CONTEXT(2) 
PARAMETRIC_REPRESENTATION_CONTEXT() REPRESENTATION_CONTEXT('2D SPACE',''
  ) );
#2404 = PCURVE('',#2086,#2405);
#2405 = DEFINITIONAL_REPRESENTATION('',(#2406),#2410);
#2406 = LINE('',#2407,#2408);
#2407 = CARTESIAN_POINT('',(17.4625,0.));
#2408 = VECTOR('',#2409,1.);
#2409 = DIRECTION('',(0.,1.));
#2410 = ( GEOMETRIC_REPRESENTATION_CONTEXT(2) 
PARAMETRIC_REPRESENTATION_CONTEXT() REPRESENTATION_CONTEXT('2D SPACE',''
  ) );
#2411 = ORIENTED_EDGE('',*,*,#1996,.F.);
#2412 = ORIENTED_EDGE('',*,*,#1452,.T.);
#2413 = ORIENTED_EDGE('',*,*,#2414,.T.);
#2414 = EDGE_CURVE('',#1338,#2304,#2415,.T.);
#2415 = SURFACE_CURVE('',#2416,(#2431,#2449),.PCURVE_S1.);
#2416 = B_SPLINE_CURVE_WITH_KNOTS('',4,(#2417,#2418,#2419,#2420,#2421,
    #2422,#2423,#2424,#2425,#2426,#2427,#2428,#2429,#2430),
  .UNSPECIFIED.,.F.,.F.,(5,3,3,3,5),(0.,0.25,0.5,0.75,1.),
  .UNSPECIFIED.);
#2417 = CARTESIAN_POINT('',(3.984917186311,13.720533985255,
    637.98528217862));
#2418 = CARTESIAN_POINT('',(3.984917111322,13.720534099833,
    638.28293849581));
#2419 = CARTESIAN_POINT('',(3.984917036333,13.720534214412,638.580594813
    ));
#2420 = CARTESIAN_POINT('',(3.984916961344,13.72053432899,
    638.87825113019));
#2421 = CARTESIAN_POINT('',(3.984916811366,13.720534558147,
    639.47356376457));
#2422 = CARTESIAN_POINT('',(3.984916736377,13.720534672726,
    639.77122008176));
#2423 = CARTESIAN_POINT('',(3.984916661389,13.720534787304,
    640.06887639895));
#2424 = CARTESIAN_POINT('',(3.984916511411,13.720535016461,
    640.66418903333));
#2425 = CARTESIAN_POINT('',(3.984916436422,13.720535131039,
    640.96184535052));
#2426 = CARTESIAN_POINT('',(3.984916361433,13.720535245618,
    641.25950166771));
#2427 = CARTESIAN_POINT('',(3.984916211455,13.720535474775,
    641.85481430209));
#2428 = CARTESIAN_POINT('',(3.984916136466,13.720535589353,
    642.15247061928));
#2429 = CARTESIAN_POINT('',(3.984916061477,13.720535703932,
    642.45012693647));
#2430 = CARTESIAN_POINT('',(3.984915986488,13.72053581851,
    642.74778325366));
#2431 = PCURVE('',#1554,#2432);
#2432 = DEFINITIONAL_REPRESENTATION('',(#2433),#2448);
#2433 = B_SPLINE_CURVE_WITH_KNOTS('',4,(#2434,#2435,#2436,#2437,#2438,
    #2439,#2440,#2441,#2442,#2443,#2444,#2445,#2446,#2447),
  .UNSPECIFIED.,.F.,.F.,(5,3,3,3,5),(0.,0.25,0.5,0.75,1.),
  .UNSPECIFIED.);
#2434 = CARTESIAN_POINT('',(4.7625,184.27019393769));
#2435 = CARTESIAN_POINT('',(4.46484375,184.27019400528));
#2436 = CARTESIAN_POINT('',(4.1671875,184.27019407288));
#2437 = CARTESIAN_POINT('',(3.86953125,184.27019414047));
#2438 = CARTESIAN_POINT('',(3.27421875,184.27019427566));
#2439 = CARTESIAN_POINT('',(2.9765625,184.27019434326));
#2440 = CARTESIAN_POINT('',(2.67890625,184.27019441085));
#2441 = CARTESIAN_POINT('',(2.08359375,184.27019454604));
#2442 = CARTESIAN_POINT('',(1.7859375,184.27019461364));
#2443 = CARTESIAN_POINT('',(1.48828125,184.27019468123));
#2444 = CARTESIAN_POINT('',(0.89296875,184.27019481642));
#2445 = CARTESIAN_POINT('',(0.5953125,184.27019488402));
#2446 = CARTESIAN_POINT('',(0.29765625,184.27019495161));
#2447 = CARTESIAN_POINT('',(0.,184.27019501921));
#2448 = ( GEOMETRIC_REPRESENTATION_CONTEXT(2) 
PARAMETRIC_REPRESENTATION_CONTEXT() REPRESENTATION_CONTEXT('2D SPACE',''
  ) );
#2449 = PCURVE('',#1411,#2450);
#2450 = DEFINITIONAL_REPRESENTATION('',(#2451),#2466);
#2451 = B_SPLINE_CURVE_WITH_KNOTS('',4,(#2452,#2453,#2454,#2455,#2456,
    #2457,#2458,#2459,#2460,#2461,#2462,#2463,#2464,#2465),
  .UNSPECIFIED.,.F.,.F.,(5,3,3,3,5),(0.,0.25,0.5,0.75,1.),
  .UNSPECIFIED.);
#2452 = CARTESIAN_POINT('',(-2.150311920297,-28.38528217862));
#2453 = CARTESIAN_POINT('',(-2.15031194905,-28.68293849581));
#2454 = CARTESIAN_POINT('',(-2.150311977803,-28.980594813));
#2455 = CARTESIAN_POINT('',(-2.150312006556,-29.27825113019));
#2456 = CARTESIAN_POINT('',(-2.150312064062,-29.87356376457));
#2457 = CARTESIAN_POINT('',(-2.150312092815,-30.17122008176));
#2458 = CARTESIAN_POINT('',(-2.150312121568,-30.46887639895));
#2459 = CARTESIAN_POINT('',(-2.150312179074,-31.06418903333));
#2460 = CARTESIAN_POINT('',(-2.150312207827,-31.36184535052));
#2461 = CARTESIAN_POINT('',(-2.15031223658,-31.65950166771));
#2462 = CARTESIAN_POINT('',(-2.150312294086,-32.25481430209));
#2463 = CARTESIAN_POINT('',(-2.150312322839,-32.55247061928));
#2464 = CARTESIAN_POINT('',(-2.150312351592,-32.85012693647));
#2465 = CARTESIAN_POINT('',(-2.150312380345,-33.14778325366));
#2466 = ( GEOMETRIC_REPRESENTATION_CONTEXT(2) 
PARAMETRIC_REPRESENTATION_CONTEXT() REPRESENTATION_CONTEXT('2D SPACE',''
  ) );
#2467 = ADVANCED_FACE('',(#2468,#2550),#1411,.T.);
#2468 = FACE_BOUND('',#2469,.F.);
#2469 = EDGE_LOOP('',(#2470,#2499,#2522,#2549));
#2470 = ORIENTED_EDGE('',*,*,#2471,.F.);
#2471 = EDGE_CURVE('',#2472,#2472,#2474,.T.);
#2472 = VERTEX_POINT('',#2473);
#2473 = CARTESIAN_POINT('',(1.409983241274E-15,6.35,609.6));
#2474 = SURFACE_CURVE('',#2475,(#2480,#2487),.PCURVE_S1.);
#2475 = CIRCLE('',#2476,4.7625);
#2476 = AXIS2_PLACEMENT_3D('',#2477,#2478,#2479);
#2477 = CARTESIAN_POINT('',(2.467470672229E-15,11.1125,609.6));
#2478 = DIRECTION('',(0.,0.,1.));
#2479 = DIRECTION('',(-2.22044604925E-16,-1.,0.));
#2480 = PCURVE('',#1411,#2481);
#2481 = DEFINITIONAL_REPRESENTATION('',(#2482),#2486);
#2482 = LINE('',#2483,#2484);
#2483 = CARTESIAN_POINT('',(-0.,0.));
#2484 = VECTOR('',#2485,1.);
#2485 = DIRECTION('',(-1.,0.));
#2486 = ( GEOMETRIC_REPRESENTATION_CONTEXT(2) 
PARAMETRIC_REPRESENTATION_CONTEXT() REPRESENTATION_CONTEXT('2D SPACE',''
  ) );
#2487 = PCURVE('',#2488,#2493);
#2488 = PLANE('',#2489);
#2489 = AXIS2_PLACEMENT_3D('',#2490,#2491,#2492);
#2490 = CARTESIAN_POINT('',(3.134437603913E-15,11.1125,609.6));
#2491 = DIRECTION('',(0.,0.,1.));
#2492 = DIRECTION('',(-2.22044604925E-16,-1.,0.));
#2493 = DEFINITIONAL_REPRESENTATION('',(#2494),#2498);
#2494 = CIRCLE('',#2495,4.7625);
#2495 = AXIS2_PLACEMENT_2D('',#2496,#2497);
#2496 = CARTESIAN_POINT('',(1.480964088438E-31,-6.669669316838E-16));
#2497 = DIRECTION('',(1.,0.));
#2498 = ( GEOMETRIC_REPRESENTATION_CONTEXT(2) 
PARAMETRIC_REPRESENTATION_CONTEXT() REPRESENTATION_CONTEXT('2D SPACE',''
  ) );
#2499 = ORIENTED_EDGE('',*,*,#2500,.T.);
#2500 = EDGE_CURVE('',#2472,#2501,#2503,.T.);
#2501 = VERTEX_POINT('',#2502);
#2502 = CARTESIAN_POINT('',(1.409983241274E-15,6.35,660.4));
#2503 = SEAM_CURVE('',#2504,(#2508,#2515),.PCURVE_S1.);
#2504 = LINE('',#2505,#2506);
#2505 = CARTESIAN_POINT('',(1.409983241274E-15,6.35,609.6));
#2506 = VECTOR('',#2507,1.);
#2507 = DIRECTION('',(0.,0.,1.));
#2508 = PCURVE('',#1411,#2509);
#2509 = DEFINITIONAL_REPRESENTATION('',(#2510),#2514);
#2510 = LINE('',#2511,#2512);
#2511 = CARTESIAN_POINT('',(-6.28318530718,0.));
#2512 = VECTOR('',#2513,1.);
#2513 = DIRECTION('',(-0.,-1.));
#2514 = ( GEOMETRIC_REPRESENTATION_CONTEXT(2) 
PARAMETRIC_REPRESENTATION_CONTEXT() REPRESENTATION_CONTEXT('2D SPACE',''
  ) );
#2515 = PCURVE('',#1411,#2516);
#2516 = DEFINITIONAL_REPRESENTATION('',(#2517),#2521);
#2517 = LINE('',#2518,#2519);
#2518 = CARTESIAN_POINT('',(-0.,0.));
#2519 = VECTOR('',#2520,1.);
#2520 = DIRECTION('',(-0.,-1.));
#2521 = ( GEOMETRIC_REPRESENTATION_CONTEXT(2) 
PARAMETRIC_REPRESENTATION_CONTEXT() REPRESENTATION_CONTEXT('2D SPACE',''
  ) );
#2522 = ORIENTED_EDGE('',*,*,#2523,.T.);
#2523 = EDGE_CURVE('',#2501,#2501,#2524,.T.);
#2524 = SURFACE_CURVE('',#2525,(#2530,#2537),.PCURVE_S1.);
#2525 = CIRCLE('',#2526,4.7625);
#2526 = AXIS2_PLACEMENT_3D('',#2527,#2528,#2529);
#2527 = CARTESIAN_POINT('',(2.467470672229E-15,11.1125,660.4));
#2528 = DIRECTION('',(0.,0.,1.));
#2529 = DIRECTION('',(-2.22044604925E-16,-1.,0.));
#2530 = PCURVE('',#1411,#2531);
#2531 = DEFINITIONAL_REPRESENTATION('',(#2532),#2536);
#2532 = LINE('',#2533,#2534);
#2533 = CARTESIAN_POINT('',(-0.,-50.8));
#2534 = VECTOR('',#2535,1.);
#2535 = DIRECTION('',(-1.,0.));
#2536 = ( GEOMETRIC_REPRESENTATION_CONTEXT(2) 
PARAMETRIC_REPRESENTATION_CONTEXT() REPRESENTATION_CONTEXT('2D SPACE',''
  ) );
#2537 = PCURVE('',#2538,#2543);
#2538 = PLANE('',#2539);
#2539 = AXIS2_PLACEMENT_3D('',#2540,#2541,#2542);
#2540 = CARTESIAN_POINT('',(3.134437603913E-15,11.1125,660.4));
#2541 = DIRECTION('',(0.,0.,1.));
#2542 = DIRECTION('',(-2.22044604925E-16,-1.,0.));
#2543 = DEFINITIONAL_REPRESENTATION('',(#2544),#2548);
#2544 = CIRCLE('',#2545,4.7625);
#2545 = AXIS2_PLACEMENT_2D('',#2546,#2547);
#2546 = CARTESIAN_POINT('',(1.480964088438E-31,-6.669669316838E-16));
#2547 = DIRECTION('',(1.,0.));
#2548 = ( GEOMETRIC_REPRESENTATION_CONTEXT(2) 
PARAMETRIC_REPRESENTATION_CONTEXT() REPRESENTATION_CONTEXT('2D SPACE',''
  ) );
#2549 = ORIENTED_EDGE('',*,*,#2500,.F.);
#2550 = FACE_BOUND('',#2551,.F.);
#2551 = EDGE_LOOP('',(#2552,#2553,#2609,#2717));
#2552 = ORIENTED_EDGE('',*,*,#1337,.F.);
#2553 = ORIENTED_EDGE('',*,*,#2554,.T.);
#2554 = EDGE_CURVE('',#1050,#2555,#2557,.T.);
#2555 = VERTEX_POINT('',#2556);
#2556 = CARTESIAN_POINT('',(-3.984915181536,13.720537048426,
    647.8897296704));
#2557 = SURFACE_CURVE('',#2558,(#2573,#2591),.PCURVE_S1.);
#2558 = B_SPLINE_CURVE_WITH_KNOTS('',4,(#2559,#2560,#2561,#2562,#2563,
    #2564,#2565,#2566,#2567,#2568,#2569,#2570,#2571,#2572),
  .UNSPECIFIED.,.F.,.F.,(5,3,3,3,5),(0.,0.25,0.5,0.75,1.),
  .UNSPECIFIED.);
#2559 = CARTESIAN_POINT('',(-3.98491607394,13.720535684889,
    643.12723039874));
#2560 = CARTESIAN_POINT('',(-3.984916018165,13.72053577011,
    643.42488660322));
#2561 = CARTESIAN_POINT('',(-3.984915962389,13.720535855331,
    643.7225428077));
#2562 = CARTESIAN_POINT('',(-3.984915906614,13.720535940552,
    644.02019901218));
#2563 = CARTESIAN_POINT('',(-3.984915795064,13.720536110994,
    644.61551142113));
#2564 = CARTESIAN_POINT('',(-3.984915739289,13.720536196216,
    644.91316762561));
#2565 = CARTESIAN_POINT('',(-3.984915683513,13.720536281437,
    645.21082383009));
#2566 = CARTESIAN_POINT('',(-3.984915571963,13.720536451879,
    645.80613623905));
#2567 = CARTESIAN_POINT('',(-3.984915516188,13.7205365371,
    646.10379244353));
#2568 = CARTESIAN_POINT('',(-3.984915460412,13.720536622321,
    646.401448648));
#2569 = CARTESIAN_POINT('',(-3.984915348862,13.720536792763,
    646.99676105696));
#2570 = CARTESIAN_POINT('',(-3.984915293087,13.720536877984,
    647.29441726144));
#2571 = CARTESIAN_POINT('',(-3.984915237311,13.720536963205,
    647.59207346592));
#2572 = CARTESIAN_POINT('',(-3.984915181536,13.720537048426,
    647.8897296704));
#2573 = PCURVE('',#1411,#2574);
#2574 = DEFINITIONAL_REPRESENTATION('',(#2575),#2590);
#2575 = B_SPLINE_CURVE_WITH_KNOTS('',4,(#2576,#2577,#2578,#2579,#2580,
    #2581,#2582,#2583,#2584,#2585,#2586,#2587,#2588,#2589),
  .UNSPECIFIED.,.F.,.F.,(5,3,3,3,5),(0.,0.25,0.5,0.75,1.),
  .UNSPECIFIED.);
#2576 = CARTESIAN_POINT('',(-4.132872960366,-33.52723039874));
#2577 = CARTESIAN_POINT('',(-4.13287293898,-33.82488660322));
#2578 = CARTESIAN_POINT('',(-4.132872917594,-34.1225428077));
#2579 = CARTESIAN_POINT('',(-4.132872896208,-34.42019901218));
#2580 = CARTESIAN_POINT('',(-4.132872853436,-35.01551142113));
#2581 = CARTESIAN_POINT('',(-4.13287283205,-35.31316762561));
#2582 = CARTESIAN_POINT('',(-4.132872810664,-35.61082383009));
#2583 = CARTESIAN_POINT('',(-4.132872767893,-36.20613623905));
#2584 = CARTESIAN_POINT('',(-4.132872746507,-36.50379244353));
#2585 = CARTESIAN_POINT('',(-4.132872725121,-36.801448648));
#2586 = CARTESIAN_POINT('',(-4.132872682349,-37.39676105696));
#2587 = CARTESIAN_POINT('',(-4.132872660963,-37.69441726144));
#2588 = CARTESIAN_POINT('',(-4.132872639577,-37.99207346592));
#2589 = CARTESIAN_POINT('',(-4.132872618191,-38.2897296704));
#2590 = ( GEOMETRIC_REPRESENTATION_CONTEXT(2) 
PARAMETRIC_REPRESENTATION_CONTEXT() REPRESENTATION_CONTEXT('2D SPACE',''
  ) );
#2591 = PCURVE('',#1151,#2592);
#2592 = DEFINITIONAL_REPRESENTATION('',(#2593),#2608);
#2593 = B_SPLINE_CURVE_WITH_KNOTS('',4,(#2594,#2595,#2596,#2597,#2598,
    #2599,#2600,#2601,#2602,#2603,#2604,#2605,#2606,#2607),
  .UNSPECIFIED.,.F.,.F.,(5,3,3,3,5),(0.,0.25,0.5,0.75,1.),
  .UNSPECIFIED.);
#2594 = CARTESIAN_POINT('',(4.7625,189.4431251293));
#2595 = CARTESIAN_POINT('',(4.46484375,189.4431250835));
#2596 = CARTESIAN_POINT('',(4.1671875,189.44312503771));
#2597 = CARTESIAN_POINT('',(3.86953125,189.44312499191));
#2598 = CARTESIAN_POINT('',(3.27421875,189.44312490032));
#2599 = CARTESIAN_POINT('',(2.9765625,189.44312485452));
#2600 = CARTESIAN_POINT('',(2.67890625,189.44312480873));
#2601 = CARTESIAN_POINT('',(2.08359375,189.44312471714));
#2602 = CARTESIAN_POINT('',(1.7859375,189.44312467134));
#2603 = CARTESIAN_POINT('',(1.48828125,189.44312462554));
#2604 = CARTESIAN_POINT('',(0.89296875,189.44312453395));
#2605 = CARTESIAN_POINT('',(0.5953125,189.44312448816));
#2606 = CARTESIAN_POINT('',(0.29765625,189.44312444236));
#2607 = CARTESIAN_POINT('',(0.,189.44312439657));
#2608 = ( GEOMETRIC_REPRESENTATION_CONTEXT(2) 
PARAMETRIC_REPRESENTATION_CONTEXT() REPRESENTATION_CONTEXT('2D SPACE',''
  ) );
#2609 = ORIENTED_EDGE('',*,*,#2610,.F.);
#2610 = EDGE_CURVE('',#2304,#2555,#2611,.T.);
#2611 = SURFACE_CURVE('',#2612,(#2645,#2681),.PCURVE_S1.);
#2612 = B_SPLINE_CURVE_WITH_KNOTS('',7,(#2613,#2614,#2615,#2616,#2617,
    #2618,#2619,#2620,#2621,#2622,#2623,#2624,#2625,#2626,#2627,#2628,
    #2629,#2630,#2631,#2632,#2633,#2634,#2635,#2636,#2637,#2638,#2639,
    #2640,#2641,#2642,#2643,#2644),.UNSPECIFIED.,.F.,.F.,(8,6,6,6,6,8),(
    0.,0.222636426052,0.370977262033,0.68418609841,0.777591692928,1.),
  .UNSPECIFIED.);
#2613 = CARTESIAN_POINT('',(3.984915986488,13.72053581851,
    642.74778325366));
#2614 = CARTESIAN_POINT('',(3.823671920549,13.966906689465,
    642.8901069275));
#2615 = CARTESIAN_POINT('',(3.644271581693,14.202236320441,
    643.03711614804));
#2616 = CARTESIAN_POINT('',(3.44747756289,14.42502389887,643.18835613624
    ));
#2617 = CARTESIAN_POINT('',(3.234218184182,14.633752816202,
    643.34341591965));
#2618 = CARTESIAN_POINT('',(3.005613814986,14.82693582744,
    643.50191014935));
#2619 = CARTESIAN_POINT('',(2.76299780415,15.003164703708,
    643.66345943409));
#2620 = CARTESIAN_POINT('',(2.33798376331,15.266438272852,
    643.93708081476));
#2621 = CARTESIAN_POINT('',(2.162508303756,15.363619540218,
    644.04767371036));
#2622 = CARTESIAN_POINT('',(1.981972761196,15.452328474682,
    644.15932760804));
#2623 = CARTESIAN_POINT('',(1.796883810217,15.532217185302,
    644.27192357454));
#2624 = CARTESIAN_POINT('',(1.607786414727,15.602976476645,
    644.38534143654));
#2625 = CARTESIAN_POINT('',(1.415262564799,15.66434272999,
    644.49945720333));
#2626 = CARTESIAN_POINT('',(0.807502237357,15.825395882719,
    644.85628432232));
#2627 = CARTESIAN_POINT('',(0.382252187519,15.89195095445,
    645.10113453325));
#2628 = CARTESIAN_POINT('',(-4.964465466397E-02,15.91357113257,
    645.34723720678));
#2629 = CARTESIAN_POINT('',(-0.481830354074,15.889517973414,
    645.59335082159));
#2630 = CARTESIAN_POINT('',(-0.908031156325,15.820277739341,
    645.83830472318));
#2631 = CARTESIAN_POINT('',(-1.322219468433,15.707498482908,
    646.08090882901));
#2632 = CARTESIAN_POINT('',(-1.837123633952,15.508233020441,
    646.39110378492));
#2633 = CARTESIAN_POINT('',(-1.953856205575,15.458832753245,
    646.46204237979));
#2634 = CARTESIAN_POINT('',(-2.068898561062,15.405877590008,
    646.5326319398));
#2635 = CARTESIAN_POINT('',(-2.182115637498,15.349445477915,
    646.60284216582));
#2636 = CARTESIAN_POINT('',(-2.293378720467,15.289620557937,
    646.67264327597));
#2637 = CARTESIAN_POINT('',(-2.402565481345,15.226492438215,
    646.74200574903));
#2638 = CARTESIAN_POINT('',(-2.764324979517,15.002200331631,
    646.97494451165));
#2639 = CARTESIAN_POINT('',(-3.006655787922,14.82605503633,
    647.1363314711));
#2640 = CARTESIAN_POINT('',(-3.234995643688,14.632991671068,
    647.29466749859));
#2641 = CARTESIAN_POINT('',(-3.448015417165,14.424414839463,
    647.44957423573));
#2642 = CARTESIAN_POINT('',(-3.644598158467,14.201807779507,
    647.6006673619));
#2643 = CARTESIAN_POINT('',(-3.823818247611,13.966682945044,
    647.74753701301));
#2644 = CARTESIAN_POINT('',(-3.984915181536,13.720537048426,
    647.8897296704));
#2645 = PCURVE('',#1411,#2646);
#2646 = DEFINITIONAL_REPRESENTATION('',(#2647),#2680);
#2647 = B_SPLINE_CURVE_WITH_KNOTS('',7,(#2648,#2649,#2650,#2651,#2652,
    #2653,#2654,#2655,#2656,#2657,#2658,#2659,#2660,#2661,#2662,#2663,
    #2664,#2665,#2666,#2667,#2668,#2669,#2670,#2671,#2672,#2673,#2674,
    #2675,#2676,#2677,#2678,#2679),.UNSPECIFIED.,.F.,.F.,(8,6,6,6,6,8),(
    0.,0.222636426052,0.370977262033,0.68418609841,0.777591692928,1.),
  .UNSPECIFIED.);
#2648 = CARTESIAN_POINT('',(-2.150312380345,-33.14778325366));
#2649 = CARTESIAN_POINT('',(-2.212138243623,-33.2901069275));
#2650 = CARTESIAN_POINT('',(-2.274111964788,-33.43711614804));
#2651 = CARTESIAN_POINT('',(-2.336268210069,-33.58835613624));
#2652 = CARTESIAN_POINT('',(-2.398628048373,-33.74341591965));
#2653 = CARTESIAN_POINT('',(-2.461203348022,-33.90191014935));
#2654 = CARTESIAN_POINT('',(-2.523996669193,-34.06345943409));
#2655 = CARTESIAN_POINT('',(-2.628973027117,-34.33708081476));
#2656 = CARTESIAN_POINT('',(-2.67104123209,-34.44767371036));
#2657 = CARTESIAN_POINT('',(-2.713196572841,-34.55932760804));
#2658 = CARTESIAN_POINT('',(-2.755433479645,-34.67192357454));
#2659 = CARTESIAN_POINT('',(-2.797744901646,-34.78534143654));
#2660 = CARTESIAN_POINT('',(-2.840121701318,-34.89945720333));
#2661 = CARTESIAN_POINT('',(-2.972140055605,-35.25628432232));
#2662 = CARTESIAN_POINT('',(-3.062031987313,-35.50113453325));
#2663 = CARTESIAN_POINT('',(-3.152030674332,-35.74723720678));
#2664 = CARTESIAN_POINT('',(-3.242015774517,-35.99335082159));
#2665 = CARTESIAN_POINT('',(-3.331885239035,-36.23830472318));
#2666 = CARTESIAN_POINT('',(-3.421538876078,-36.48090882901));
#2667 = CARTESIAN_POINT('',(-3.537468924871,-36.79110378492));
#2668 = CARTESIAN_POINT('',(-3.564071322353,-36.86204237979));
#2669 = CARTESIAN_POINT('',(-3.590642991866,-36.9326319398));
#2670 = CARTESIAN_POINT('',(-3.617182117178,-37.00284216582));
#2671 = CARTESIAN_POINT('',(-3.643687220179,-37.07264327597));
#2672 = CARTESIAN_POINT('',(-3.670157106706,-37.14200574903));
#2673 = CARTESIAN_POINT('',(-3.759532178543,-37.37494451165));
#2674 = CARTESIAN_POINT('',(-3.822267212765,-37.5363314711));
#2675 = CARTESIAN_POINT('',(-3.884784628301,-37.69466749859));
#2676 = CARTESIAN_POINT('',(-3.947087001006,-37.84957423573));
#2677 = CARTESIAN_POINT('',(-4.009186183313,-38.0006673619));
#2678 = CARTESIAN_POINT('',(-4.071103198918,-38.14753701301));
#2679 = CARTESIAN_POINT('',(-4.132872618191,-38.2897296704));
#2680 = ( GEOMETRIC_REPRESENTATION_CONTEXT(2) 
PARAMETRIC_REPRESENTATION_CONTEXT() REPRESENTATION_CONTEXT('2D SPACE',''
  ) );
#2681 = PCURVE('',#2086,#2682);
#2682 = DEFINITIONAL_REPRESENTATION('',(#2683),#2716);
#2683 = B_SPLINE_CURVE_WITH_KNOTS('',7,(#2684,#2685,#2686,#2687,#2688,
    #2689,#2690,#2691,#2692,#2693,#2694,#2695,#2696,#2697,#2698,#2699,
    #2700,#2701,#2702,#2703,#2704,#2705,#2706,#2707,#2708,#2709,#2710,
    #2711,#2712,#2713,#2714,#2715),.UNSPECIFIED.,.F.,.F.,(8,6,6,6,6,8),(
    0.,0.222636426052,0.370977262033,0.68418609841,0.777591692928,1.),
  .UNSPECIFIED.);
#2684 = CARTESIAN_POINT('',(17.4625,184.27019501921));
#2685 = CARTESIAN_POINT('',(17.270878387231,184.41337632426));
#2686 = CARTESIAN_POINT('',(17.090842675292,184.56127140575));
#2687 = CARTESIAN_POINT('',(16.922907745063,184.71342274414));
#2688 = CARTESIAN_POINT('',(16.767610860599,184.86941689045));
#2689 = CARTESIAN_POINT('',(16.625489641949,185.02886617363));
#2690 = CARTESIAN_POINT('',(16.49706189968,185.1913889162));
#2691 = CARTESIAN_POINT('',(16.306680443358,185.46665906676));
#2692 = CARTESIAN_POINT('',(16.236845574769,185.57791836376));
#2693 = CARTESIAN_POINT('',(16.173446287775,185.69024505404));
#2694 = CARTESIAN_POINT('',(16.116614604602,185.80351948768));
#2695 = CARTESIAN_POINT('',(16.066468476458,185.91762076722));
#2696 = CARTESIAN_POINT('',(16.023109252729,186.0324241548));
#2697 = CARTESIAN_POINT('',(15.909573456805,186.3914013799));
#2698 = CARTESIAN_POINT('',(15.863094201549,186.63772695696));
#2699 = CARTESIAN_POINT('',(15.848103391925,186.88531253414));
#2700 = CARTESIAN_POINT('',(15.864838463296,187.13290910928));
#2701 = CARTESIAN_POINT('',(15.913108040465,187.37933897417));
#2702 = CARTESIAN_POINT('',(15.992309355694,187.62340487557));
#2703 = CARTESIAN_POINT('',(16.133812441164,187.93546887975));
#2704 = CARTESIAN_POINT('',(16.16897151305,188.00683490713));
#2705 = CARTESIAN_POINT('',(16.206756927788,188.07784979577));
#2706 = CARTESIAN_POINT('',(16.24713892916,188.14848306397));
#2707 = CARTESIAN_POINT('',(16.290085570091,188.21870475042));
#2708 = CARTESIAN_POINT('',(16.335562986119,188.28848515602));
#2709 = CARTESIAN_POINT('',(16.497763550059,188.52282745132));
#2710 = CARTESIAN_POINT('',(16.626136658733,188.68518681567));
#2711 = CARTESIAN_POINT('',(16.768176451699,188.8444768606));
#2712 = CARTESIAN_POINT('',(16.923366469244,189.00031694805));
#2713 = CARTESIAN_POINT('',(17.091170546716,189.15232044185));
#2714 = CARTESIAN_POINT('',(17.271052887874,189.30007500841));
#2715 = CARTESIAN_POINT('',(17.4625,189.44312439657));
#2716 = ( GEOMETRIC_REPRESENTATION_CONTEXT(2) 
PARAMETRIC_REPRESENTATION_CONTEXT() REPRESENTATION_CONTEXT('2D SPACE',''
  ) );
#2717 = ORIENTED_EDGE('',*,*,#2414,.F.);
#2718 = ADVANCED_FACE('',(#2719),#1151,.F.);
#2719 = FACE_BOUND('',#2720,.F.);
#2720 = EDGE_LOOP('',(#2721,#2830,#2831,#2832));
#2721 = ORIENTED_EDGE('',*,*,#2722,.F.);
#2722 = EDGE_CURVE('',#2555,#2723,#2725,.T.);
#2723 = VERTEX_POINT('',#2724);
#2724 = CARTESIAN_POINT('',(14.287501243335,-1.801432948361E-06,
    916.78125455888));
#2725 = SURFACE_CURVE('',#2726,(#2816,#2823),.PCURVE_S1.);
#2726 = B_SPLINE_CURVE_WITH_KNOTS('',11,(#2727,#2728,#2729,#2730,#2731,
    #2732,#2733,#2734,#2735,#2736,#2737,#2738,#2739,#2740,#2741,#2742,
    #2743,#2744,#2745,#2746,#2747,#2748,#2749,#2750,#2751,#2752,#2753,
    #2754,#2755,#2756,#2757,#2758,#2759,#2760,#2761,#2762,#2763,#2764,
    #2765,#2766,#2767,#2768,#2769,#2770,#2771,#2772,#2773,#2774,#2775,
    #2776,#2777,#2778,#2779,#2780,#2781,#2782,#2783,#2784,#2785,#2786,
    #2787,#2788,#2789,#2790,#2791,#2792,#2793,#2794,#2795,#2796,#2797,
    #2798,#2799,#2800,#2801,#2802,#2803,#2804,#2805,#2806,#2807,#2808,
    #2809,#2810,#2811,#2812,#2813,#2814,#2815),.UNSPECIFIED.,.F.,.F.,(12
    ,11,11,11,11,11,11,11,12),(0.,57.494355528211,114.98871105642,
    172.48306658463,229.97742211284,287.47177764105,344.96613316926,
    402.46048869747,459.95484422569),.PIECEWISE_BEZIER_KNOTS.);
#2727 = CARTESIAN_POINT('',(14.2875,1.358347477535E-14,459.58125));
#2728 = CARTESIAN_POINT('',(14.287502549262,8.160970210909,
    464.77671389275));
#2729 = CARTESIAN_POINT('',(9.160887777189,16.321976868222,
    469.97213303437));
#2730 = CARTESIAN_POINT('',(-1.102926219842,20.904277411676,
    475.16770338672));
#2731 = CARTESIAN_POINT('',(-13.64183328854,18.318507060881,
    480.36288807441));
#2732 = CARTESIAN_POINT('',(-22.99113417687,7.552989830374,
    485.55878448547));
#2733 = CARTESIAN_POINT('',(-22.99107523631,-7.55297347667,
    490.75372480192));
#2734 = CARTESIAN_POINT('',(-13.64186529813,-18.31852987489,
    495.94960428388));
#2735 = CARTESIAN_POINT('',(-1.102925867553,-20.90426448513,
    501.14481614384));
#2736 = CARTESIAN_POINT('',(9.160889523017,-16.32197762137,
    506.34035842378));
#2737 = CARTESIAN_POINT('',(14.287500062942,-8.160975486177,
    511.53579945755));
#2738 = CARTESIAN_POINT('',(14.287500000033,-4.362847036004E-11,
    516.73125000011));
#2739 = CARTESIAN_POINT('',(14.287502549162,8.160970211072,
    521.92671389227));
#2740 = CARTESIAN_POINT('',(9.16088777737,16.321976867802,
    527.12213303559));
#2741 = CARTESIAN_POINT('',(-1.1029262201,20.90427741248,532.31770338441
    ));
#2742 = CARTESIAN_POINT('',(-13.64183328818,18.318507059711,
    537.51288807774));
#2743 = CARTESIAN_POINT('',(-22.9911341774,7.552989831693,
    542.70878448172));
#2744 = CARTESIAN_POINT('',(-22.99107523565,-7.552973477843,
    547.90372480526));
#2745 = CARTESIAN_POINT('',(-13.64186529876,-18.31852987405,
    553.09960428152));
#2746 = CARTESIAN_POINT('',(-1.102925867118,-20.90426448561,
    558.29481614515));
#2747 = CARTESIAN_POINT('',(9.160889522813,-16.32197762115,
    563.49035842322));
#2748 = CARTESIAN_POINT('',(14.287500062999,-8.160975486251,
    568.68579945772));
#2749 = CARTESIAN_POINT('',(14.287500000028,-3.694241729524E-11,
    573.8812500001));
#2750 = CARTESIAN_POINT('',(14.287502549172,8.160970211065,
    579.07671389232));
#2751 = CARTESIAN_POINT('',(9.160887777396,16.321976867775,
    584.27213303553));
#2752 = CARTESIAN_POINT('',(-1.102926220264,20.904277412627,
    589.46770338432));
#2753 = CARTESIAN_POINT('',(-13.64183328775,18.318507059316,
    594.66288807831));
#2754 = CARTESIAN_POINT('',(-22.99113417813,7.55298983243,
    599.85878448035));
#2755 = CARTESIAN_POINT('',(-22.99107523474,-7.552973478874,
    605.05372480746));
#2756 = CARTESIAN_POINT('',(-13.64186529964,-18.31852987293,
    610.24960427894));
#2757 = CARTESIAN_POINT('',(-1.102925866445,-20.90426448658,
    615.44481614747));
#2758 = CARTESIAN_POINT('',(9.160889522385,-16.32197762049,
    620.64035842159));
#2759 = CARTESIAN_POINT('',(14.287500063231,-8.160975486605,
    625.8357994586));
#2760 = CARTESIAN_POINT('',(14.287499999924,1.071210088116E-10,
    631.03124999973));
#2761 = CARTESIAN_POINT('',(14.287502549502,8.16097021048,
    636.22671389388));
#2762 = CARTESIAN_POINT('',(9.160887776761,16.321976869361,
    641.42213303148));
#2763 = CARTESIAN_POINT('',(-1.102926219229,20.90427740947,
    646.61770339214));
#2764 = CARTESIAN_POINT('',(-13.64183328947,18.318507064091,
    651.81288806656));
#2765 = CARTESIAN_POINT('',(-22.99113417541,7.552989826813,
    657.00878449446));
#2766 = CARTESIAN_POINT('',(-22.99107523823,-7.552973473619,
    662.20372479375));
#2767 = CARTESIAN_POINT('',(-13.64186529628,-18.31852987694,
    667.39960428975));
#2768 = CARTESIAN_POINT('',(-1.102925868794,-20.90426448404,
    672.59481614059));
#2769 = CARTESIAN_POINT('',(9.16088952355,-16.32197762182,
    677.79035842507));
#2770 = CARTESIAN_POINT('',(14.287500062831,-8.160975486073,
    682.98579945729));
#2771 = CARTESIAN_POINT('',(14.287500000013,-2.111642135462E-11,
    688.18125000003));
#2772 = CARTESIAN_POINT('',(14.287502662212,8.160970047273,
    693.37671430686));
#2773 = CARTESIAN_POINT('',(9.160887275073,16.321977595564,
    698.57213119367));
#2774 = CARTESIAN_POINT('',(-1.102924861467,20.904275444118,
    703.76770836618));
#2775 = CARTESIAN_POINT('',(-13.64183600976,18.318511002473,
    708.962878099));
#2776 = CARTESIAN_POINT('',(-22.99112985618,7.552983571711,
    714.1588003249));
#2777 = CARTESIAN_POINT('',(-22.9910808469,-7.552965349046,
    719.3537042327));
#2778 = CARTESIAN_POINT('',(-13.64185924948,-18.31853863764,
    724.54962646027));
#2779 = CARTESIAN_POINT('',(-1.102931309592,-20.90425660079,
    729.74479619066));
#2780 = CARTESIAN_POINT('',(9.160893598053,-16.3219835254,
    734.94037336527));
#2781 = CARTESIAN_POINT('',(14.287497552013,-8.160971848211,
    740.13579025087));
#2782 = CARTESIAN_POINT('',(14.287501243129,-1.801116462271E-06,
    745.33125455813));
#2783 = CARTESIAN_POINT('',(14.287500038288,8.160973848936,
    750.52670468589));
#2784 = CARTESIAN_POINT('',(9.16089185219,16.321970964123,
    755.72214797598));
#2785 = CARTESIAN_POINT('',(-1.102931661536,20.904285296168,
    760.91768343357));
#2786 = CARTESIAN_POINT('',(-13.64182724083,18.318498297643,
    766.11291025072));
#2787 = CARTESIAN_POINT('',(-22.99113978592,7.552997959073,
    771.30876391591));
#2788 = CARTESIAN_POINT('',(-22.99107091729,-7.552979737004,
    776.50374064265));
#2789 = CARTESIAN_POINT('',(-13.64186801821,-18.31852593138,
    781.69959430609));
#2790 = CARTESIAN_POINT('',(-1.102924509468,-20.90426645438,
    786.89482112619));
#2791 = CARTESIAN_POINT('',(9.160889020618,-16.32197689283,
    792.09035658052));
#2792 = CARTESIAN_POINT('',(14.287500176282,-8.160975650516,
    797.28579987337));
#2793 = CARTESIAN_POINT('',(14.287499999805,2.684315126026E-10,
    802.4812499993));
#2794 = CARTESIAN_POINT('',(14.28750254979,8.160970209927,
    807.67671389533));
#2795 = CARTESIAN_POINT('',(9.160887776336,16.32197687072,
    812.87213302814));
#2796 = CARTESIAN_POINT('',(-1.102926218718,20.904277407009,
    818.06770339797));
#2797 = CARTESIAN_POINT('',(-13.64183329024,18.31850706736,
    823.26288805867));
#2798 = CARTESIAN_POINT('',(-22.99113417407,7.552989823694,
    828.45878450266));
#2799 = CARTESIAN_POINT('',(-22.99107524007,-7.552973471641,
    833.65372478748));
#2800 = CARTESIAN_POINT('',(-13.64186529459,-18.31852987749,
    838.84960429279));
#2801 = CARTESIAN_POINT('',(-1.102925869667,-20.90426448446,
    844.04481614044));
#2802 = CARTESIAN_POINT('',(9.160889523602,-16.32197762108,
    849.24035842373));
#2803 = CARTESIAN_POINT('',(14.287500063136,-8.160975486691,
    854.43579945877));
#2804 = CARTESIAN_POINT('',(14.287499999746,3.478866481402E-10,
    859.63124999907));
#2805 = CARTESIAN_POINT('',(14.28750266298,8.160970045856,
    864.82671431059));
#2806 = CARTESIAN_POINT('',(9.160887273721,16.321977599287,
    870.02213118428));
#2807 = CARTESIAN_POINT('',(-1.102924859463,20.904275436927,
    875.21770838386));
#2808 = CARTESIAN_POINT('',(-13.64183601298,18.318511012954,
    880.41287807289));
#2809 = CARTESIAN_POINT('',(-22.99112985093,7.552983559954,
    885.60880035575));
#2810 = CARTESIAN_POINT('',(-22.99108085396,-7.552965338661,
    890.8037042033));
#2811 = CARTESIAN_POINT('',(-13.64185924242,-18.3185386451,
    895.99962648296));
#2812 = CARTESIAN_POINT('',(-1.102931314665,-20.90425659627,
    901.19479617649));
#2813 = CARTESIAN_POINT('',(9.160893600621,-16.32198352777,
    906.39037337236));
#2814 = CARTESIAN_POINT('',(14.28749755112,-8.16097184719,
    911.58579024812));
#2815 = CARTESIAN_POINT('',(14.287501243335,-1.801432933691E-06,
    916.78125455888));
#2816 = PCURVE('',#1151,#2817);
#2817 = DEFINITIONAL_REPRESENTATION('',(#2818),#2822);
#2818 = LINE('',#2819,#2820);
#2819 = CARTESIAN_POINT('',(0.,0.));
#2820 = VECTOR('',#2821,1.);
#2821 = DIRECTION('',(0.,1.));
#2822 = ( GEOMETRIC_REPRESENTATION_CONTEXT(2) 
PARAMETRIC_REPRESENTATION_CONTEXT() REPRESENTATION_CONTEXT('2D SPACE',''
  ) );
#2823 = PCURVE('',#2086,#2824);
#2824 = DEFINITIONAL_REPRESENTATION('',(#2825),#2829);
#2825 = LINE('',#2826,#2827);
#2826 = CARTESIAN_POINT('',(17.4625,0.));
#2827 = VECTOR('',#2828,1.);
#2828 = DIRECTION('',(0.,1.));
#2829 = ( GEOMETRIC_REPRESENTATION_CONTEXT(2) 
PARAMETRIC_REPRESENTATION_CONTEXT() REPRESENTATION_CONTEXT('2D SPACE',''
  ) );
#2830 = ORIENTED_EDGE('',*,*,#2554,.F.);
#2831 = ORIENTED_EDGE('',*,*,#1049,.T.);
#2832 = ORIENTED_EDGE('',*,*,#2833,.F.);
#2833 = EDGE_CURVE('',#2723,#1024,#2834,.T.);
#2834 = SURFACE_CURVE('',#2835,(#2838,#2845),.PCURVE_S1.);
#2835 = B_SPLINE_CURVE_WITH_KNOTS('',1,(#2836,#2837),.UNSPECIFIED.,.F.,
  .F.,(2,2),(0.,4.7625),.PIECEWISE_BEZIER_KNOTS.);
#2836 = CARTESIAN_POINT('',(14.287501243335,-1.801432948361E-06,
    916.78125455888));
#2837 = CARTESIAN_POINT('',(14.287498756668,-1.801398965321E-06,
    912.01875455888));
#2838 = PCURVE('',#1151,#2839);
#2839 = DEFINITIONAL_REPRESENTATION('',(#2840),#2844);
#2840 = LINE('',#2841,#2842);
#2841 = CARTESIAN_POINT('',(0.,459.95484422569));
#2842 = VECTOR('',#2843,1.);
#2843 = DIRECTION('',(1.,0.));
#2844 = ( GEOMETRIC_REPRESENTATION_CONTEXT(2) 
PARAMETRIC_REPRESENTATION_CONTEXT() REPRESENTATION_CONTEXT('2D SPACE',''
  ) );
#2845 = PCURVE('',#1038,#2846);
#2846 = DEFINITIONAL_REPRESENTATION('',(#2847),#2850);
#2847 = B_SPLINE_CURVE_WITH_KNOTS('',1,(#2848,#2849),.UNSPECIFIED.,.F.,
  .F.,(2,2),(0.,4.7625),.PIECEWISE_BEZIER_KNOTS.);
#2848 = CARTESIAN_POINT('',(8.731248756665,-2.381254558889));
#2849 = CARTESIAN_POINT('',(8.731251243332,2.38124544111));
#2850 = ( GEOMETRIC_REPRESENTATION_CONTEXT(2) 
PARAMETRIC_REPRESENTATION_CONTEXT() REPRESENTATION_CONTEXT('2D SPACE',''
  ) );
#2851 = ADVANCED_FACE('',(#2852),#1038,.F.);
#2852 = FACE_BOUND('',#2853,.F.);
#2853 = EDGE_LOOP('',(#2854,#2855,#2876,#2895));
#2854 = ORIENTED_EDGE('',*,*,#1023,.T.);
#2855 = ORIENTED_EDGE('',*,*,#2856,.T.);
#2856 = EDGE_CURVE('',#736,#2857,#2859,.T.);
#2857 = VERTEX_POINT('',#2858);
#2858 = CARTESIAN_POINT('',(31.750001243333,1.801399947572E-06,
    916.78124544111));
#2859 = SURFACE_CURVE('',#2860,(#2863,#2869),.PCURVE_S1.);
#2860 = B_SPLINE_CURVE_WITH_KNOTS('',1,(#2861,#2862),.UNSPECIFIED.,.F.,
  .F.,(2,2),(0.,4.7625),.PIECEWISE_BEZIER_KNOTS.);
#2861 = CARTESIAN_POINT('',(31.749998756666,1.801433859531E-06,
    912.01874544111));
#2862 = CARTESIAN_POINT('',(31.750001243333,1.801399933163E-06,
    916.78124544111));
#2863 = PCURVE('',#1038,#2864);
#2864 = DEFINITIONAL_REPRESENTATION('',(#2865),#2868);
#2865 = B_SPLINE_CURVE_WITH_KNOTS('',1,(#2866,#2867),.UNSPECIFIED.,.F.,
  .F.,(2,2),(0.,4.7625),.PIECEWISE_BEZIER_KNOTS.);
#2866 = CARTESIAN_POINT('',(-8.731248756665,2.381254558889));
#2867 = CARTESIAN_POINT('',(-8.731251243332,-2.381245441111));
#2868 = ( GEOMETRIC_REPRESENTATION_CONTEXT(2) 
PARAMETRIC_REPRESENTATION_CONTEXT() REPRESENTATION_CONTEXT('2D SPACE',''
  ) );
#2869 = PCURVE('',#837,#2870);
#2870 = DEFINITIONAL_REPRESENTATION('',(#2871),#2875);
#2871 = LINE('',#2872,#2873);
#2872 = CARTESIAN_POINT('',(0.,459.95484422569));
#2873 = VECTOR('',#2874,1.);
#2874 = DIRECTION('',(1.,0.));
#2875 = ( GEOMETRIC_REPRESENTATION_CONTEXT(2) 
PARAMETRIC_REPRESENTATION_CONTEXT() REPRESENTATION_CONTEXT('2D SPACE',''
  ) );
#2876 = ORIENTED_EDGE('',*,*,#2877,.T.);
#2877 = EDGE_CURVE('',#2857,#2723,#2878,.T.);
#2878 = SURFACE_CURVE('',#2879,(#2882,#2888),.PCURVE_S1.);
#2879 = B_SPLINE_CURVE_WITH_KNOTS('',1,(#2880,#2881),.UNSPECIFIED.,.F.,
  .F.,(2,2),(0.,17.4625),.PIECEWISE_BEZIER_KNOTS.);
#2880 = CARTESIAN_POINT('',(31.750001243333,1.801399947572E-06,
    916.78124544111));
#2881 = CARTESIAN_POINT('',(14.287501243335,-1.801432933691E-06,
    916.78125455888));
#2882 = PCURVE('',#1038,#2883);
#2883 = DEFINITIONAL_REPRESENTATION('',(#2884),#2887);
#2884 = B_SPLINE_CURVE_WITH_KNOTS('',1,(#2885,#2886),.UNSPECIFIED.,.F.,
  .F.,(2,2),(0.,17.4625),.PIECEWISE_BEZIER_KNOTS.);
#2885 = CARTESIAN_POINT('',(-8.731251243332,-2.381245441111));
#2886 = CARTESIAN_POINT('',(8.731248756665,-2.381254558889));
#2887 = ( GEOMETRIC_REPRESENTATION_CONTEXT(2) 
PARAMETRIC_REPRESENTATION_CONTEXT() REPRESENTATION_CONTEXT('2D SPACE',''
  ) );
#2888 = PCURVE('',#2086,#2889);
#2889 = DEFINITIONAL_REPRESENTATION('',(#2890),#2894);
#2890 = LINE('',#2891,#2892);
#2891 = CARTESIAN_POINT('',(0.,459.95484422569));
#2892 = VECTOR('',#2893,1.);
#2893 = DIRECTION('',(1.,0.));
#2894 = ( GEOMETRIC_REPRESENTATION_CONTEXT(2) 
PARAMETRIC_REPRESENTATION_CONTEXT() REPRESENTATION_CONTEXT('2D SPACE',''
  ) );
#2895 = ORIENTED_EDGE('',*,*,#2833,.T.);
#2896 = ADVANCED_FACE('',(#2897),#837,.F.);
#2897 = FACE_BOUND('',#2898,.F.);
#2898 = EDGE_LOOP('',(#2899,#2900,#2921,#3028));
#2899 = ORIENTED_EDGE('',*,*,#735,.F.);
#2900 = ORIENTED_EDGE('',*,*,#2901,.T.);
#2901 = EDGE_CURVE('',#710,#2902,#2904,.T.);
#2902 = VERTEX_POINT('',#2903);
#2903 = CARTESIAN_POINT('',(31.75,-6.402721307141E-15,459.58125));
#2904 = SURFACE_CURVE('',#2905,(#2908,#2915),.PCURVE_S1.);
#2905 = B_SPLINE_CURVE_WITH_KNOTS('',1,(#2906,#2907),.UNSPECIFIED.,.F.,
  .F.,(2,2),(0.,4.7625),.PIECEWISE_BEZIER_KNOTS.);
#2906 = CARTESIAN_POINT('',(31.75,-1.665165342107E-14,454.81875));
#2907 = CARTESIAN_POINT('',(31.75,7.494001286934E-15,459.58125));
#2908 = PCURVE('',#837,#2909);
#2909 = DEFINITIONAL_REPRESENTATION('',(#2910),#2914);
#2910 = LINE('',#2911,#2912);
#2911 = CARTESIAN_POINT('',(0.,0.));
#2912 = VECTOR('',#2913,1.);
#2913 = DIRECTION('',(1.,0.));
#2914 = ( GEOMETRIC_REPRESENTATION_CONTEXT(2) 
PARAMETRIC_REPRESENTATION_CONTEXT() REPRESENTATION_CONTEXT('2D SPACE',''
  ) );
#2915 = PCURVE('',#724,#2916);
#2916 = DEFINITIONAL_REPRESENTATION('',(#2917),#2920);
#2917 = B_SPLINE_CURVE_WITH_KNOTS('',1,(#2918,#2919),.UNSPECIFIED.,.F.,
  .F.,(2,2),(0.,4.7625),.PIECEWISE_BEZIER_KNOTS.);
#2918 = CARTESIAN_POINT('',(2.38125,8.73125));
#2919 = CARTESIAN_POINT('',(-2.38125,8.73125));
#2920 = ( GEOMETRIC_REPRESENTATION_CONTEXT(2) 
PARAMETRIC_REPRESENTATION_CONTEXT() REPRESENTATION_CONTEXT('2D SPACE',''
  ) );
#2921 = ORIENTED_EDGE('',*,*,#2922,.T.);
#2922 = EDGE_CURVE('',#2902,#2857,#2923,.T.);
#2923 = SURFACE_CURVE('',#2924,(#3014,#3021),.PCURVE_S1.);
#2924 = B_SPLINE_CURVE_WITH_KNOTS('',11,(#2925,#2926,#2927,#2928,#2929,
    #2930,#2931,#2932,#2933,#2934,#2935,#2936,#2937,#2938,#2939,#2940,
    #2941,#2942,#2943,#2944,#2945,#2946,#2947,#2948,#2949,#2950,#2951,
    #2952,#2953,#2954,#2955,#2956,#2957,#2958,#2959,#2960,#2961,#2962,
    #2963,#2964,#2965,#2966,#2967,#2968,#2969,#2970,#2971,#2972,#2973,
    #2974,#2975,#2976,#2977,#2978,#2979,#2980,#2981,#2982,#2983,#2984,
    #2985,#2986,#2987,#2988,#2989,#2990,#2991,#2992,#2993,#2994,#2995,
    #2996,#2997,#2998,#2999,#3000,#3001,#3002,#3003,#3004,#3005,#3006,
    #3007,#3008,#3009,#3010,#3011,#3012,#3013),.UNSPECIFIED.,.F.,.F.,(12
    ,11,11,11,11,11,11,11,12),(0.,57.494355528211,114.98871105642,
    172.48306658463,229.97742211284,287.47177764105,344.96613316926,
    402.46048869747,459.95484422569),.PIECEWISE_BEZIER_KNOTS.);
#2925 = CARTESIAN_POINT('',(31.75,7.494001286934E-15,459.58125));
#2926 = CARTESIAN_POINT('',(31.750002549263,18.135589006369,
    464.77669519815));
#2927 = CARTESIAN_POINT('',(20.357544410046,36.270540853365,
    469.97218514746));
#2928 = CARTESIAN_POINT('',(-2.451026711695,46.45545497181,
    475.16752388595));
#2929 = CARTESIAN_POINT('',(-30.31507901048,40.704909597793,
    480.36324828933));
#2930 = CARTESIAN_POINT('',(-51.09144073752,16.788344459273,
    485.55826096888));
#2931 = CARTESIAN_POINT('',(-51.09137989219,-16.78833016476,
    490.75422974374));
#2932 = CARTESIAN_POINT('',(-30.31510640192,-40.70494549229,
    495.94925935229));
#2933 = CARTESIAN_POINT('',(-2.451021088778,-46.45543049101,
    501.14495658354));
#2934 = CARTESIAN_POINT('',(20.357550270955,-36.27054964946,
    506.34032339433));
#2935 = CARTESIAN_POINT('',(31.750002120513,-18.13558373109,
    511.53579145155));
#2936 = CARTESIAN_POINT('',(31.750000000033,4.563362134114E-11,
    516.73124999987));
#2937 = CARTESIAN_POINT('',(31.75000254911,18.135589006208,
    521.92669519861));
#2938 = CARTESIAN_POINT('',(20.357544410495,36.270540853723,
    527.12218514634));
#2939 = CARTESIAN_POINT('',(-2.451026712604,46.455454971192,
    532.31752388793));
#2940 = CARTESIAN_POINT('',(-30.31507900918,40.704909598691,
    537.5132482866));
#2941 = CARTESIAN_POINT('',(-51.09144073886,16.788344458152,
    542.70826097188));
#2942 = CARTESIAN_POINT('',(-51.0913798912,-16.78833016359,
    547.90422974108));
#2943 = CARTESIAN_POINT('',(-30.31510640245,-40.70494549326,
    553.0992593542));
#2944 = CARTESIAN_POINT('',(-2.451021088558,-46.4554304904,
    558.29495658243));
#2945 = CARTESIAN_POINT('',(20.357550270868,-36.27054964973,
    563.49032339485));
#2946 = CARTESIAN_POINT('',(31.750002120546,-18.13558373102,
    568.68579145139));
#2947 = CARTESIAN_POINT('',(31.750000000028,4.160331384253E-11,
    573.88124999989));
#2948 = CARTESIAN_POINT('',(31.750002549126,18.135589006217,
    579.07669519856));
#2949 = CARTESIAN_POINT('',(20.357544410463,36.270540853751,
    584.27218514638));
#2950 = CARTESIAN_POINT('',(-2.451026712575,46.455454971019,
    589.46752388809));
#2951 = CARTESIAN_POINT('',(-30.31507900913,40.704909599147,
    594.66324828595));
#2952 = CARTESIAN_POINT('',(-51.0914407391,16.788344457353,
    599.85826097329));
#2953 = CARTESIAN_POINT('',(-51.09137989071,-16.78833016255,
    605.0542297389));
#2954 = CARTESIAN_POINT('',(-30.31510640312,-40.70494549432,
    610.24925935676));
#2955 = CARTESIAN_POINT('',(-2.45102108791,-46.45543048953,
    615.4449565801));
#2956 = CARTESIAN_POINT('',(20.357550270393,-36.27054965033,
    620.64032339651));
#2957 = CARTESIAN_POINT('',(31.750002120808,-18.13558373068,
    625.83579145046));
#2958 = CARTESIAN_POINT('',(31.749999999924,-1.111099209312E-10,
    631.03125000028));
#2959 = CARTESIAN_POINT('',(31.750002549627,18.135589006798,
    636.22669519707));
#2960 = CARTESIAN_POINT('',(20.357544408952,36.27054085239,
    641.42218514996));
#2961 = CARTESIAN_POINT('',(-2.451026709455,46.455454973479,
    646.61752388165));
#2962 = CARTESIAN_POINT('',(-30.31507901371,40.70490959543,
    651.81324829511));
#2963 = CARTESIAN_POINT('',(-51.0914407342,16.788344462117,
    657.00826096261));
#2964 = CARTESIAN_POINT('',(-51.09137989461,-16.78833016761,
    662.20422974929));
#2965 = CARTESIAN_POINT('',(-30.31510640069,-40.70494549001,
    667.39925934826));
#2966 = CARTESIAN_POINT('',(-2.451021089215,-46.45543049237,
    672.59495658588));
#2967 = CARTESIAN_POINT('',(20.35755027107,-36.2705496489,
    677.79032339335));
#2968 = CARTESIAN_POINT('',(31.750002120496,-18.1355837312,
    682.98579145177));
#2969 = CARTESIAN_POINT('',(31.750000000013,1.678250916162E-11,
    688.18124999994));
#2970 = CARTESIAN_POINT('',(31.75000266219,18.13558917,693.37669478405)
  );
#2971 = CARTESIAN_POINT('',(20.357543908142,36.270540125987,
    698.57218698823));
#2972 = CARTESIAN_POINT('',(-2.451025354026,46.455456939562,
    703.76751890624));
#2973 = CARTESIAN_POINT('',(-30.31508173031,40.704905655763,
    708.96325826514));
#2974 = CARTESIAN_POINT('',(-51.09143641868,16.78835071855,
    714.15824512905));
#2975 = CARTESIAN_POINT('',(-51.09138550101,-16.78833829297,
    719.3542503132));
#2976 = CARTESIAN_POINT('',(-30.31510035449,-40.70493672914,
    724.54923717586));
#2977 = CARTESIAN_POINT('',(-2.451026530222,-46.45543837552,
    729.74497653667));
#2978 = CARTESIAN_POINT('',(20.357554345792,-36.27054374538,
    734.9403084529));
#2979 = CARTESIAN_POINT('',(31.749999609624,-18.13558736906,
    740.13580065821));
#2980 = CARTESIAN_POINT('',(31.750001243126,1.801116038999E-06,
    745.33124544186));
#2981 = CARTESIAN_POINT('',(31.750000038308,18.135585368336,
    750.52670440502));
#2982 = CARTESIAN_POINT('',(20.357548485051,36.270546757463,
    755.72217020575));
#2983 = CARTESIAN_POINT('',(-2.451032153651,46.45544708744,
    760.91754383942));
#2984 = CARTESIAN_POINT('',(-30.31507296179,40.704918360577,
    766.11322611224));
#2985 = CARTESIAN_POINT('',(-51.09144634859,16.7883363315,
    771.30828153975));
#2986 = CARTESIAN_POINT('',(-51.09137557043,-16.78832390566,
    776.5042139014));
#2987 = CARTESIAN_POINT('',(-30.31510912458,-40.70494943467,
    781.69926933151));
#2988 = CARTESIAN_POINT('',(-2.451019729029,-46.45542852245,
    786.89495160025));
#2989 = CARTESIAN_POINT('',(20.357549767845,-36.27055037775,
    792.09032523804));
#2990 = CARTESIAN_POINT('',(31.750002234021,-18.13558356678,
    797.28579103558));
#2991 = CARTESIAN_POINT('',(31.749999999805,-2.904576957195E-10,
    802.48125000072));
#2992 = CARTESIAN_POINT('',(31.75000255011,18.135589007329,
    807.67669519569));
#2993 = CARTESIAN_POINT('',(20.357544407614,36.270540851342,
    812.8721851529));
#2994 = CARTESIAN_POINT('',(-2.451026706909,46.455454975078,
    818.06752387695));
#2995 = CARTESIAN_POINT('',(-30.31507901703,40.704909593388,
    823.26324830084));
#2996 = CARTESIAN_POINT('',(-51.09144073139,16.78834446435,
    828.45826095737));
#2997 = CARTESIAN_POINT('',(-51.09137989583,-16.78833016959,
    833.65422975257));
#2998 = CARTESIAN_POINT('',(-30.31510640102,-40.70494548881,
    838.84925934747));
#2999 = CARTESIAN_POINT('',(-2.451021088231,-46.45543049261,
    844.04495658476));
#3000 = CARTESIAN_POINT('',(20.357550270192,-36.27054964934,
    849.2403233952));
#3001 = CARTESIAN_POINT('',(31.750002121033,-18.13558373062,
    854.43579145013));
#3002 = CARTESIAN_POINT('',(31.749999999746,-3.822360864375E-10,
    859.63125000094));
#3003 = CARTESIAN_POINT('',(31.750002663396,18.135589171392,
    864.82669478057));
#3004 = CARTESIAN_POINT('',(20.357543904579,36.270540122898,
    870.02218699618));
#3005 = CARTESIAN_POINT('',(-2.451025346753,46.455456944847,
    875.21751889251));
#3006 = CARTESIAN_POINT('',(-30.31508174087,40.704905648179,
    880.41325828407));
#3007 = CARTESIAN_POINT('',(-51.0914364076,16.788350727921,
    885.60824510761));
#3008 = CARTESIAN_POINT('',(-51.09138550952,-16.78833830276,
    890.80425033349));
#3009 = CARTESIAN_POINT('',(-30.31510034958,-40.70493672081,
    895.9992371597));
#3010 = CARTESIAN_POINT('',(-2.451026532578,-46.45543838108,
    901.19497654742));
#3011 = CARTESIAN_POINT('',(20.357554346919,-36.27054374255,
    906.39030844705));
#3012 = CARTESIAN_POINT('',(31.749999609074,-18.13558737013,
    911.58580066071));
#3013 = CARTESIAN_POINT('',(31.750001243333,1.801399933163E-06,
    916.78124544111));
#3014 = PCURVE('',#837,#3015);
#3015 = DEFINITIONAL_REPRESENTATION('',(#3016),#3020);
#3016 = LINE('',#3017,#3018);
#3017 = CARTESIAN_POINT('',(4.7625,0.));
#3018 = VECTOR('',#3019,1.);
#3019 = DIRECTION('',(0.,1.));
#3020 = ( GEOMETRIC_REPRESENTATION_CONTEXT(2) 
PARAMETRIC_REPRESENTATION_CONTEXT() REPRESENTATION_CONTEXT('2D SPACE',''
  ) );
#3021 = PCURVE('',#2086,#3022);
#3022 = DEFINITIONAL_REPRESENTATION('',(#3023),#3027);
#3023 = LINE('',#3024,#3025);
#3024 = CARTESIAN_POINT('',(0.,0.));
#3025 = VECTOR('',#3026,1.);
#3026 = DIRECTION('',(0.,1.));
#3027 = ( GEOMETRIC_REPRESENTATION_CONTEXT(2) 
PARAMETRIC_REPRESENTATION_CONTEXT() REPRESENTATION_CONTEXT('2D SPACE',''
  ) );
#3028 = ORIENTED_EDGE('',*,*,#2856,.F.);
#3029 = ADVANCED_FACE('',(#3030),#724,.T.);
#3030 = FACE_BOUND('',#3031,.T.);
#3031 = EDGE_LOOP('',(#3032,#3033,#3034,#3035,#3054,#3055));
#3032 = ORIENTED_EDGE('',*,*,#1847,.T.);
#3033 = ORIENTED_EDGE('',*,*,#709,.T.);
#3034 = ORIENTED_EDGE('',*,*,#2901,.T.);
#3035 = ORIENTED_EDGE('',*,*,#3036,.T.);
#3036 = EDGE_CURVE('',#2902,#2053,#3037,.T.);
#3037 = SURFACE_CURVE('',#3038,(#3041,#3047),.PCURVE_S1.);
#3038 = B_SPLINE_CURVE_WITH_KNOTS('',1,(#3039,#3040),.UNSPECIFIED.,.F.,
  .F.,(2,2),(0.,17.4625),.PIECEWISE_BEZIER_KNOTS.);
#3039 = CARTESIAN_POINT('',(31.75,-6.402721307141E-15,459.58125));
#3040 = CARTESIAN_POINT('',(14.2875,1.358347477535E-14,459.58125));
#3041 = PCURVE('',#724,#3042);
#3042 = DEFINITIONAL_REPRESENTATION('',(#3043),#3046);
#3043 = B_SPLINE_CURVE_WITH_KNOTS('',1,(#3044,#3045),.UNSPECIFIED.,.F.,
  .F.,(2,2),(0.,17.4625),.PIECEWISE_BEZIER_KNOTS.);
#3044 = CARTESIAN_POINT('',(-2.38125,8.73125));
#3045 = CARTESIAN_POINT('',(-2.38125,-8.73125));
#3046 = ( GEOMETRIC_REPRESENTATION_CONTEXT(2) 
PARAMETRIC_REPRESENTATION_CONTEXT() REPRESENTATION_CONTEXT('2D SPACE',''
  ) );
#3047 = PCURVE('',#2086,#3048);
#3048 = DEFINITIONAL_REPRESENTATION('',(#3049),#3053);
#3049 = LINE('',#3050,#3051);
#3050 = CARTESIAN_POINT('',(0.,0.));
#3051 = VECTOR('',#3052,1.);
#3052 = DIRECTION('',(1.,0.));
#3053 = ( GEOMETRIC_REPRESENTATION_CONTEXT(2) 
PARAMETRIC_REPRESENTATION_CONTEXT() REPRESENTATION_CONTEXT('2D SPACE',''
  ) );
#3054 = ORIENTED_EDGE('',*,*,#2281,.T.);
#3055 = ORIENTED_EDGE('',*,*,#1918,.T.);
#3056 = ADVANCED_FACE('',(#3057),#2086,.F.);
#3057 = FACE_BOUND('',#3058,.F.);
#3058 = EDGE_LOOP('',(#3059,#3060,#3061,#3062,#3063,#3064,#3065));
#3059 = ORIENTED_EDGE('',*,*,#2922,.F.);
#3060 = ORIENTED_EDGE('',*,*,#3036,.T.);
#3061 = ORIENTED_EDGE('',*,*,#2052,.T.);
#3062 = ORIENTED_EDGE('',*,*,#2303,.T.);
#3063 = ORIENTED_EDGE('',*,*,#2610,.T.);
#3064 = ORIENTED_EDGE('',*,*,#2722,.T.);
#3065 = ORIENTED_EDGE('',*,*,#2877,.F.);
#3066 = ADVANCED_FACE('',(#3067),#1981,.T.);
#3067 = FACE_BOUND('',#3068,.T.);
#3068 = EDGE_LOOP('',(#3069));
#3069 = ORIENTED_EDGE('',*,*,#1966,.T.);
#3070 = ADVANCED_FACE('',(#3071),#2488,.F.);
#3071 = FACE_BOUND('',#3072,.F.);
#3072 = EDGE_LOOP('',(#3073));
#3073 = ORIENTED_EDGE('',*,*,#2471,.T.);
#3074 = ADVANCED_FACE('',(#3075),#2538,.T.);
#3075 = FACE_BOUND('',#3076,.T.);
#3076 = EDGE_LOOP('',(#3077));
#3077 = ORIENTED_EDGE('',*,*,#2523,.T.);
#3078 = ( GEOMETRIC_REPRESENTATION_CONTEXT(3) 
GLOBAL_UNCERTAINTY_ASSIGNED_CONTEXT((#3082)) 
GLOBAL_UNIT_ASSIGNED_CONTEXT((#3079,#3080,#3081)) REPRESENTATION_CONTEXT
('Context #1','3D Context with UNIT and UNCERTAINTY') );
#3079 = ( LENGTH_UNIT() NAMED_UNIT(*) SI_UNIT(.MILLI.,.METRE.) );
#3080 = ( NAMED_UNIT(*) PLANE_ANGLE_UNIT() SI_UNIT($,.RADIAN.) );
#3081 = ( NAMED_UNIT(*) SI_UNIT($,.STERADIAN.) SOLID_ANGLE_UNIT() );
#3082 = UNCERTAINTY_MEASURE_WITH_UNIT(LENGTH_MEASURE(2.E-05),#3079,
  'distance_accuracy_value','confusion accuracy');
#3083 = CONTEXT_DEPENDENT_SHAPE_REPRESENTATION(#3084,#3086);
#3084 = ( REPRESENTATION_RELATIONSHIP('','',#233,#10) 
REPRESENTATION_RELATIONSHIP_WITH_TRANSFORMATION(#3085) 
SHAPE_REPRESENTATION_RELATIONSHIP() );
#3085 = ITEM_DEFINED_TRANSFORMATION('','',#11,#19);
#3086 = PRODUCT_DEFINITION_SHAPE('Placement','Placement of an item',
  #3087);
#3087 = NEXT_ASSEMBLY_USAGE_OCCURRENCE('2','','',#5,#228,$);
#3088 = PRODUCT_RELATED_PRODUCT_CATEGORY('part',$,(#230));
#3089 = SHAPE_DEFINITION_REPRESENTATION(#3090,#3096);
#3090 = PRODUCT_DEFINITION_SHAPE('','',#3091);
#3091 = PRODUCT_DEFINITION('design','',#3092,#3095);
#3092 = PRODUCT_DEFINITION_FORMATION('','',#3093);
#3093 = PRODUCT('Open CASCADE STEP translator 7.8 1.3',
  'Open CASCADE STEP translator 7.8 1.3','',(#3094));
#3094 = PRODUCT_CONTEXT('',#2,'mechanical');
#3095 = PRODUCT_DEFINITION_CONTEXT('part definition',#2,'design');
#3096 = ADVANCED_BREP_SHAPE_REPRESENTATION('',(#11,#3097),#4515);
#3097 = MANIFOLD_SOLID_BREP('',#3098);
#3098 = CLOSED_SHELL('',(#3099,#3784,#4007,#4258,#4343,#4388,#4473,#4498
    ,#4507,#4511));
#3099 = ADVANCED_FACE('',(#3100),#3152,.F.);
#3100 = FACE_BOUND('',#3101,.F.);
#3101 = EDGE_LOOP('',(#3102,#3331,#3357,#3501,#3527,#3671));
#3102 = ORIENTED_EDGE('',*,*,#3103,.F.);
#3103 = EDGE_CURVE('',#3104,#3106,#3108,.T.);
#3104 = VERTEX_POINT('',#3105);
#3105 = CARTESIAN_POINT('',(14.2875,1.33226762955E-14,302.41875));
#3106 = VERTEX_POINT('',#3107);
#3107 = CARTESIAN_POINT('',(-3.984934475119,-13.72050756881,
    333.75656817542));
#3108 = SURFACE_CURVE('',#3109,(#3151,#3241),.PCURVE_S1.);
#3109 = B_SPLINE_CURVE_WITH_KNOTS('',10,(#3110,#3111,#3112,#3113,#3114,
    #3115,#3116,#3117,#3118,#3119,#3120,#3121,#3122,#3123,#3124,#3125,
    #3126,#3127,#3128,#3129,#3130,#3131,#3132,#3133,#3134,#3135,#3136,
    #3137,#3138,#3139,#3140,#3141,#3142,#3143,#3144,#3145,#3146,#3147,
    #3148,#3149,#3150),.UNSPECIFIED.,.F.,.F.,(11,10,10,10,11),(0.,
    38.478754549872,76.957509099745,115.43626364961,153.91501819948),
  .PIECEWISE_BEZIER_KNOTS.);
#3110 = CARTESIAN_POINT('',(14.2875,-7.105427357601E-15,302.41875));
#3111 = CARTESIAN_POINT('',(14.287544051491,7.694690266662,
    306.22858993859));
#3112 = CARTESIAN_POINT('',(9.683699185522,15.390427724272,
    310.0391983002));
#3113 = CARTESIAN_POINT('',(0.469026632868,19.97742467984,
    313.84795447307));
#3114 = CARTESIAN_POINT('',(-10.93606190217,18.400690439862,
    317.65942465919));
#3115 = CARTESIAN_POINT('',(-19.88110132407,9.574569801396,
    321.46864539199));
#3116 = CARTESIAN_POINT('',(-21.20474267591,-2.923098478654,
    325.27821524048));
#3117 = CARTESIAN_POINT('',(-15.32668695714,-12.82198626841,
    329.08937831005));
#3118 = CARTESIAN_POINT('',(-5.994916343958,-17.16701488122,
    332.89837062982));
#3119 = CARTESIAN_POINT('',(2.892170454833,-15.96795032098,
    336.70882236667));
#3120 = CARTESIAN_POINT('',(8.908110544052,-11.17041730576,
    340.51875000001));
#3121 = CARTESIAN_POINT('',(14.924089108037,-6.372890836884,
    344.32858993855));
#3122 = CARTESIAN_POINT('',(18.070408609926,2.024753842359,
    348.13919830025));
#3123 = CARTESIAN_POINT('',(15.911412875688,12.089020767539,
    351.94795447306));
#3124 = CARTESIAN_POINT('',(7.567716016628,20.022800325809,
    355.75942465908));
#3125 = CARTESIAN_POINT('',(-4.909963823599,21.513317549625,
    359.56864539225));
#3126 = CARTESIAN_POINT('',(-15.5063112263,14.756013310368,
    363.37821524011));
#3127 = CARTESIAN_POINT('',(-19.58066554657,3.988508707166,
    367.1893783104));
#3128 = CARTESIAN_POINT('',(-17.15948189753,-6.016444374397,
    370.99837062957));
#3129 = CARTESIAN_POINT('',(-10.68100748763,-12.21704409593,
    374.8088223668));
#3130 = CARTESIAN_POINT('',(-3.179267843892,-13.92928254531,
    378.61874999996));
#3131 = CARTESIAN_POINT('',(4.322490670246,-15.64155515691,
    382.42858993873));
#3132 = CARTESIAN_POINT('',(12.849731781973,-12.86560098047,
    386.23919829985));
#3133 = CARTESIAN_POINT('',(19.37218068937,-4.902662353477,
    390.04795447368));
#3134 = CARTESIAN_POINT('',(20.372849421657,6.567333175298,
    393.85942465838));
#3135 = CARTESIAN_POINT('',(13.758476581091,17.252098391673,
    397.6686453928));
#3136 = CARTESIAN_POINT('',(1.868688847754,21.323546108651,
    401.47821523987));
#3137 = CARTESIAN_POINT('',(-9.090003606586,17.79557527553,
    405.28937831036));
#3138 = CARTESIAN_POINT('',(-15.40260759267,9.664631459511,
    409.09837062974));
#3139 = CARTESIAN_POINT('',(-16.21116893904,0.733545515572,
    412.90882236664));
#3140 = CARTESIAN_POINT('',(-12.87259270014,-6.199113922618,
    416.71875000005));
#3141 = CARTESIAN_POINT('',(-9.534030307487,-13.13180895528,
    420.52859283356));
#3142 = CARTESIAN_POINT('',(-2.047059868974,-18.06789782206,
    424.3391858902));
#3143 = CARTESIAN_POINT('',(8.245313473041,-18.20253564467,
    428.14798652363));
#3144 = CARTESIAN_POINT('',(17.836788675563,-11.83347942814,
    431.95936396816));
#3145 = CARTESIAN_POINT('',(22.066537663567,-2.884432941954E-04,
    435.76873552087));
#3146 = CARTESIAN_POINT('',(17.8364871069,11.833996616893,
    439.57810708532));
#3147 = CARTESIAN_POINT('',(8.245656712584,18.202227538977,
    443.38948452082));
#3148 = CARTESIAN_POINT('',(-2.047288013621,18.068029129243,
    447.19828515956));
#3149 = CARTESIAN_POINT('',(-9.533968361917,13.131769247729,
    451.00887821385));
#3150 = CARTESIAN_POINT('',(-12.87260367487,6.199109331876,
    454.81872104811));
#3151 = PCURVE('',#3152,#3235);
#3152 = B_SPLINE_SURFACE_WITH_KNOTS('',1,10,(
    (#3153,#3154,#3155,#3156,#3157,#3158,#3159,#3160,#3161,#3162,#3163
      ,#3164,#3165,#3166,#3167,#3168,#3169,#3170,#3171,#3172,#3173,#3174
      ,#3175,#3176,#3177,#3178,#3179,#3180,#3181,#3182,#3183,#3184,#3185
      ,#3186,#3187,#3188,#3189,#3190,#3191,#3192,#3193)
    ,(#3194,#3195,#3196,#3197,#3198,#3199,#3200,#3201,#3202,#3203,#3204
      ,#3205,#3206,#3207,#3208,#3209,#3210,#3211,#3212,#3213,#3214,#3215
      ,#3216,#3217,#3218,#3219,#3220,#3221,#3222,#3223,#3224,#3225,#3226
      ,#3227,#3228,#3229,#3230,#3231,#3232,#3233,#3234
  )),.UNSPECIFIED.,.F.,.F.,.F.,(2,2),(11,10,10,10,11),(0.,17.4625),(0.,
    38.478754549872,76.957509099745,115.43626364961,153.91501819948),
  .PIECEWISE_BEZIER_KNOTS.);
#3153 = CARTESIAN_POINT('',(14.2875,-7.105427357601E-15,302.41875));
#3154 = CARTESIAN_POINT('',(14.287544051491,7.694690266662,
    306.22858993859));
#3155 = CARTESIAN_POINT('',(9.683699185522,15.390427724272,
    310.0391983002));
#3156 = CARTESIAN_POINT('',(0.469026632868,19.97742467984,
    313.84795447307));
#3157 = CARTESIAN_POINT('',(-10.93606190217,18.400690439862,
    317.65942465919));
#3158 = CARTESIAN_POINT('',(-19.88110132407,9.574569801396,
    321.46864539199));
#3159 = CARTESIAN_POINT('',(-21.20474267591,-2.923098478654,
    325.27821524048));
#3160 = CARTESIAN_POINT('',(-15.32668695714,-12.82198626841,
    329.08937831005));
#3161 = CARTESIAN_POINT('',(-5.994916343958,-17.16701488122,
    332.89837062982));
#3162 = CARTESIAN_POINT('',(2.892170454833,-15.96795032098,
    336.70882236667));
#3163 = CARTESIAN_POINT('',(8.908110544052,-11.17041730576,
    340.51875000001));
#3164 = CARTESIAN_POINT('',(14.924089108037,-6.372890836884,
    344.32858993855));
#3165 = CARTESIAN_POINT('',(18.070408609926,2.024753842359,
    348.13919830025));
#3166 = CARTESIAN_POINT('',(15.911412875688,12.089020767539,
    351.94795447306));
#3167 = CARTESIAN_POINT('',(7.567716016628,20.022800325809,
    355.75942465908));
#3168 = CARTESIAN_POINT('',(-4.909963823599,21.513317549625,
    359.56864539225));
#3169 = CARTESIAN_POINT('',(-15.5063112263,14.756013310368,
    363.37821524011));
#3170 = CARTESIAN_POINT('',(-19.58066554657,3.988508707166,
    367.1893783104));
#3171 = CARTESIAN_POINT('',(-17.15948189753,-6.016444374397,
    370.99837062957));
#3172 = CARTESIAN_POINT('',(-10.68100748763,-12.21704409593,
    374.8088223668));
#3173 = CARTESIAN_POINT('',(-3.179267843892,-13.92928254531,
    378.61874999996));
#3174 = CARTESIAN_POINT('',(4.322490670246,-15.64155515691,
    382.42858993873));
#3175 = CARTESIAN_POINT('',(12.849731781973,-12.86560098047,
    386.23919829985));
#3176 = CARTESIAN_POINT('',(19.37218068937,-4.902662353477,
    390.04795447368));
#3177 = CARTESIAN_POINT('',(20.372849421657,6.567333175298,
    393.85942465838));
#3178 = CARTESIAN_POINT('',(13.758476581091,17.252098391673,
    397.6686453928));
#3179 = CARTESIAN_POINT('',(1.868688847754,21.323546108651,
    401.47821523987));
#3180 = CARTESIAN_POINT('',(-9.090003606586,17.79557527553,
    405.28937831036));
#3181 = CARTESIAN_POINT('',(-15.40260759267,9.664631459511,
    409.09837062974));
#3182 = CARTESIAN_POINT('',(-16.21116893904,0.733545515572,
    412.90882236664));
#3183 = CARTESIAN_POINT('',(-12.87259270014,-6.199113922618,
    416.71875000005));
#3184 = CARTESIAN_POINT('',(-9.534030307487,-13.13180895528,
    420.52859283356));
#3185 = CARTESIAN_POINT('',(-2.047059868974,-18.06789782206,
    424.3391858902));
#3186 = CARTESIAN_POINT('',(8.245313473041,-18.20253564467,
    428.14798652363));
#3187 = CARTESIAN_POINT('',(17.836788675563,-11.83347942814,
    431.95936396816));
#3188 = CARTESIAN_POINT('',(22.066537663567,-2.884432941954E-04,
    435.76873552087));
#3189 = CARTESIAN_POINT('',(17.8364871069,11.833996616893,
    439.57810708532));
#3190 = CARTESIAN_POINT('',(8.245656712584,18.202227538977,
    443.38948452082));
#3191 = CARTESIAN_POINT('',(-2.047288013621,18.068029129243,
    447.19828515956));
#3192 = CARTESIAN_POINT('',(-9.533968361917,13.131769247729,
    451.00887821385));
#3193 = CARTESIAN_POINT('',(-12.87260367487,6.199109331876,
    454.81872104811));
#3194 = CARTESIAN_POINT('',(31.75,-8.881784197001E-15,302.41875));
#3195 = CARTESIAN_POINT('',(31.750042660149,17.099210772233,
    306.22891006141));
#3196 = CARTESIAN_POINT('',(21.519549024471,34.201154022083,
    310.03830169997));
#3197 = CARTESIAN_POINT('',(1.041877381299,44.393930960776,
    313.84954552611));
#3198 = CARTESIAN_POINT('',(-24.30178278652,40.890781621778,
    317.65807534277));
#3199 = CARTESIAN_POINT('',(-44.18063280903,21.276567262455,
    321.46885460501));
#3200 = CARTESIAN_POINT('',(-47.1215463362,-6.495594426272,
    325.27928476259));
#3201 = CARTESIAN_POINT('',(-34.05918067004,-28.49334300204,
    329.08812168783));
#3202 = CARTESIAN_POINT('',(-13.32218301029,-38.14890306568,
    332.89912937111));
#3203 = CARTESIAN_POINT('',(6.427063316708,-35.48433090786,
    336.70867763311));
#3204 = CARTESIAN_POINT('',(19.795801209015,-24.82314956835,
    340.51874999998));
#3205 = CARTESIAN_POINT('',(33.164529114265,-14.1619993851,
    344.32891006144));
#3206 = CARTESIAN_POINT('',(40.156758308581,4.499409828749,
    348.13830169995));
#3207 = CARTESIAN_POINT('',(35.358172777631,26.864590680875,
    351.94954552608));
#3208 = CARTESIAN_POINT('',(16.817786680296,44.494884193802,
    355.75807534294));
#3209 = CARTESIAN_POINT('',(-10.91148387148,47.807532352222,
    359.5688546047));
#3210 = CARTESIAN_POINT('',(-34.45826380825,32.791171546343,
    363.37928476298));
#3211 = CARTESIAN_POINT('',(-43.51254440714,8.863230932347,
    367.18812168748));
#3212 = CARTESIAN_POINT('',(-38.13225868384,-13.36974992095,
    370.99912937136));
#3213 = CARTESIAN_POINT('',(-23.73555860417,-27.14899888762,
    374.80867763298));
#3214 = CARTESIAN_POINT('',(-7.065039653125,-30.95396121178,
    378.61875000003));
#3215 = CARTESIAN_POINT('',(9.605448712287,-34.75893515327,
    382.42891006128));
#3216 = CARTESIAN_POINT('',(28.555109537598,-28.59048173694,
    386.23830170026));
#3217 = CARTESIAN_POINT('',(43.049042897396,-10.89433431941,
    390.04954552566));
#3218 = CARTESIAN_POINT('',(45.27321975616,14.593431437608,
    393.85807534334));
#3219 = CARTESIAN_POINT('',(30.574234975351,38.338450484832,
    397.66885460448));
#3220 = CARTESIAN_POINT('',(4.152794187558,47.385516526599,
    401.47928476297));
#3221 = CARTESIAN_POINT('',(-20.20007471144,39.545611197673,
    405.28812168766));
#3222 = CARTESIAN_POINT('',(-34.2279658121,21.477097607487,
    409.09912937113));
#3223 = CARTESIAN_POINT('',(-36.02482077901,1.630083033627,
    412.90867763316));
#3224 = CARTESIAN_POINT('',(-28.60576155588,-13.77580871699,
    416.71874999994));
#3225 = CARTESIAN_POINT('',(-21.18673016029,-29.18168494223,
    420.52890716641));
#3226 = CARTESIAN_POINT('',(-4.549120527512,-40.15115251021,
    424.33831411007));
#3227 = CARTESIAN_POINT('',(18.32310927599,-40.44961604079,
    428.14951347529));
#3228 = CARTESIAN_POINT('',(39.636988131121,-26.29714885581,
    431.95813603425));
#3229 = CARTESIAN_POINT('',(49.036941412039,-3.021811756838E-04,
    435.76876447559));
#3230 = CARTESIAN_POINT('',(39.636701305764,26.297643820058,
    439.57939291824));
#3231 = CARTESIAN_POINT('',(18.323475183025,40.449297670087,
    443.38801547672));
#3232 = CARTESIAN_POINT('',(-4.549326164831,40.15128636488,
    447.19921484155));
#3233 = CARTESIAN_POINT('',(-21.18665185924,29.181657110491,
    451.00862178587));
#3234 = CARTESIAN_POINT('',(-28.60576480922,13.77582015962,
    454.8187789519));
#3235 = DEFINITIONAL_REPRESENTATION('',(#3236),#3240);
#3236 = LINE('',#3237,#3238);
#3237 = CARTESIAN_POINT('',(0.,0.));
#3238 = VECTOR('',#3239,1.);
#3239 = DIRECTION('',(0.,1.));
#3240 = ( GEOMETRIC_REPRESENTATION_CONTEXT(2) 
PARAMETRIC_REPRESENTATION_CONTEXT() REPRESENTATION_CONTEXT('2D SPACE',''
  ) );
#3241 = PCURVE('',#3242,#3325);
#3242 = B_SPLINE_SURFACE_WITH_KNOTS('',1,10,(
    (#3243,#3244,#3245,#3246,#3247,#3248,#3249,#3250,#3251,#3252,#3253
      ,#3254,#3255,#3256,#3257,#3258,#3259,#3260,#3261,#3262,#3263,#3264
      ,#3265,#3266,#3267,#3268,#3269,#3270,#3271,#3272,#3273,#3274,#3275
      ,#3276,#3277,#3278,#3279,#3280,#3281,#3282,#3283)
    ,(#3284,#3285,#3286,#3287,#3288,#3289,#3290,#3291,#3292,#3293,#3294
      ,#3295,#3296,#3297,#3298,#3299,#3300,#3301,#3302,#3303,#3304,#3305
      ,#3306,#3307,#3308,#3309,#3310,#3311,#3312,#3313,#3314,#3315,#3316
      ,#3317,#3318,#3319,#3320,#3321,#3322,#3323,#3324
  )),.UNSPECIFIED.,.F.,.F.,.F.,(2,2),(11,10,10,10,11),(0.,4.7625),(0.,
    38.478754549872,76.957509099745,115.43626364961,153.91501819948),
  .PIECEWISE_BEZIER_KNOTS.);
#3243 = CARTESIAN_POINT('',(14.2875,8.881784197001E-15,307.18125));
#3244 = CARTESIAN_POINT('',(14.287457339851,7.694687248858,
    310.99108993858));
#3245 = CARTESIAN_POINT('',(9.683950991123,15.39043927193,314.8016983));
#3246 = CARTESIAN_POINT('',(0.468560105088,19.977298933717,
    318.61045447391));
#3247 = CARTESIAN_POINT('',(-10.93555057724,18.40098269984,
    322.42192465716));
#3248 = CARTESIAN_POINT('',(-19.88137725103,9.574070812424,
    326.23114539503));
#3249 = CARTESIAN_POINT('',(-21.20473965864,-2.922559380661,
    330.04071523736));
#3250 = CARTESIAN_POINT('',(-15.32653105746,-12.82236994931,
    333.85187831218));
#3251 = CARTESIAN_POINT('',(-5.995021850732,-17.16682828649,
    337.66087062887));
#3252 = CARTESIAN_POINT('',(2.892198390382,-15.96797853072,
    341.47132236688));
#3253 = CARTESIAN_POINT('',(8.908110544056,-11.17041730576,
    345.28125000001));
#3254 = CARTESIAN_POINT('',(14.924032684788,-6.372824924552,
    349.09108993855));
#3255 = CARTESIAN_POINT('',(18.070574636489,2.024564172639,
    352.90169830005));
#3256 = CARTESIAN_POINT('',(15.91102368809,12.089307112229,
    356.7104544739));
#3257 = CARTESIAN_POINT('',(7.568263320549,20.022582777037,
    360.52192465706));
#3258 = CARTESIAN_POINT('',(-4.910525986521,21.513222163363,
    364.33114539529));
#3259 = CARTESIAN_POINT('',(-15.50588786127,14.756347073638,
    368.140715237));
#3260 = CARTESIAN_POINT('',(-19.58086831854,3.98814759859,
    371.95187831252));
#3261 = CARTESIAN_POINT('',(-17.15940179426,-6.016245545841,
    375.76087062863));
#3262 = CARTESIAN_POINT('',(-10.68101212538,-12.21708352537,
    379.57132236701));
#3263 = CARTESIAN_POINT('',(-3.179267843888,-13.92928254529,
    383.38124999996));
#3264 = CARTESIAN_POINT('',(4.322507023246,-15.64146994787,
    387.19108993873));
#3265 = CARTESIAN_POINT('',(12.849687008144,-12.86584904219,
    391.00169829964));
#3266 = CARTESIAN_POINT('',(19.372161908031,-4.902179541684,
    394.81045447454));
#3267 = CARTESIAN_POINT('',(20.37302057378,6.566769636787,
    398.62192465632));
#3268 = CARTESIAN_POINT('',(13.758051502099,17.252478435673,
    402.43114539589));
#3269 = CARTESIAN_POINT('',(1.869213758219,21.32342320672,
    406.24071523671));
#3270 = CARTESIAN_POINT('',(-9.090412358842,17.795508661471,
    410.05187831252));
#3271 = CARTESIAN_POINT('',(-15.40240219877,9.664692799814,
    413.86087062878));
#3272 = CARTESIAN_POINT('',(-16.21120265772,0.733524557689,
    417.67132236685));
#3273 = CARTESIAN_POINT('',(-12.87259270017,-6.199113922634,
    421.48125000005));
#3274 = CARTESIAN_POINT('',(-9.53395491508,-13.13176792832,
    425.29109283356));
#3275 = CARTESIAN_POINT('',(-2.047275628908,-18.06802041772,
    429.10168588999));
#3276 = CARTESIAN_POINT('',(8.245663490041,-18.20221234694,
    432.9104865245));
#3277 = CARTESIAN_POINT('',(17.83648462033,-11.8339789647,
    436.72186396608));
#3278 = CARTESIAN_POINT('',(22.066525469375,3.021811810449E-04,
    440.531235524));
#3279 = CARTESIAN_POINT('',(17.836771445683,11.833484000449,
    444.34060708211));
#3280 = CARTESIAN_POINT('',(8.245297583011,18.202530717656,
    448.15198452305));
#3281 = CARTESIAN_POINT('',(-2.047069991592,18.067886563061,
    451.96078515854));
#3282 = CARTESIAN_POINT('',(-9.534033216129,13.131795760075,
    455.7713782141));
#3283 = CARTESIAN_POINT('',(-12.87258944683,6.199102480005,
    459.58122104809));
#3284 = CARTESIAN_POINT('',(14.2875,1.33226762955E-14,302.41875));
#3285 = CARTESIAN_POINT('',(14.287544051491,7.694690266662,
    306.22858993859));
#3286 = CARTESIAN_POINT('',(9.683699185522,15.390427724272,
    310.0391983002));
#3287 = CARTESIAN_POINT('',(0.469026632869,19.977424679841,
    313.84795447307));
#3288 = CARTESIAN_POINT('',(-10.93606190217,18.40069043986,
    317.65942465919));
#3289 = CARTESIAN_POINT('',(-19.88110132407,9.574569801397,
    321.46864539199));
#3290 = CARTESIAN_POINT('',(-21.20474267591,-2.923098478655,
    325.27821524048));
#3291 = CARTESIAN_POINT('',(-15.32668695714,-12.82198626841,
    329.08937831005));
#3292 = CARTESIAN_POINT('',(-5.994916343958,-17.16701488122,
    332.89837062982));
#3293 = CARTESIAN_POINT('',(2.892170454833,-15.96795032098,
    336.70882236667));
#3294 = CARTESIAN_POINT('',(8.908110544052,-11.17041730576,
    340.51875000001));
#3295 = CARTESIAN_POINT('',(14.924089108037,-6.372890836884,
    344.32858993855));
#3296 = CARTESIAN_POINT('',(18.070408609925,2.024753842359,
    348.13919830025));
#3297 = CARTESIAN_POINT('',(15.911412875689,12.08902076754,
    351.94795447306));
#3298 = CARTESIAN_POINT('',(7.567716016627,20.022800325808,
    355.75942465908));
#3299 = CARTESIAN_POINT('',(-4.909963823598,21.513317549626,
    359.56864539225));
#3300 = CARTESIAN_POINT('',(-15.5063112263,14.756013310367,
    363.37821524011));
#3301 = CARTESIAN_POINT('',(-19.58066554657,3.988508707167,
    367.1893783104));
#3302 = CARTESIAN_POINT('',(-17.15948189753,-6.016444374397,
    370.99837062957));
#3303 = CARTESIAN_POINT('',(-10.68100748763,-12.21704409593,
    374.8088223668));
#3304 = CARTESIAN_POINT('',(-3.179267843892,-13.92928254531,
    378.61874999996));
#3305 = CARTESIAN_POINT('',(4.322490670247,-15.64155515691,
    382.42858993873));
#3306 = CARTESIAN_POINT('',(12.849731781973,-12.86560098047,
    386.23919829985));
#3307 = CARTESIAN_POINT('',(19.372180689371,-4.902662353478,
    390.04795447368));
#3308 = CARTESIAN_POINT('',(20.372849421655,6.5673331753,393.85942465838
    ));
#3309 = CARTESIAN_POINT('',(13.758476581093,17.25209839167,
    397.6686453928));
#3310 = CARTESIAN_POINT('',(1.868688847753,21.323546108653,
    401.47821523987));
#3311 = CARTESIAN_POINT('',(-9.090003606585,17.795575275529,
    405.28937831036));
#3312 = CARTESIAN_POINT('',(-15.40260759267,9.664631459512,
    409.09837062974));
#3313 = CARTESIAN_POINT('',(-16.21116893904,0.733545515572,
    412.90882236664));
#3314 = CARTESIAN_POINT('',(-12.87259270014,-6.199113922618,
    416.71875000005));
#3315 = CARTESIAN_POINT('',(-9.534030307487,-13.13180895528,
    420.52859283356));
#3316 = CARTESIAN_POINT('',(-2.047059868973,-18.06789782207,
    424.3391858902));
#3317 = CARTESIAN_POINT('',(8.24531347304,-18.20253564467,
    428.14798652363));
#3318 = CARTESIAN_POINT('',(17.836788675564,-11.83347942815,
    431.95936396816));
#3319 = CARTESIAN_POINT('',(22.066537663566,-2.884432921135E-04,
    435.76873552087));
#3320 = CARTESIAN_POINT('',(17.836487106901,11.833996616891,
    439.57810708532));
#3321 = CARTESIAN_POINT('',(8.245656712583,18.202227538978,
    443.38948452082));
#3322 = CARTESIAN_POINT('',(-2.047288013621,18.068029129243,
    447.19828515956));
#3323 = CARTESIAN_POINT('',(-9.533968361917,13.131769247729,
    451.00887821385));
#3324 = CARTESIAN_POINT('',(-12.87260367487,6.199109331876,
    454.81872104811));
#3325 = DEFINITIONAL_REPRESENTATION('',(#3326),#3330);
#3326 = LINE('',#3327,#3328);
#3327 = CARTESIAN_POINT('',(4.7625,0.));
#3328 = VECTOR('',#3329,1.);
#3329 = DIRECTION('',(0.,1.));
#3330 = ( GEOMETRIC_REPRESENTATION_CONTEXT(2) 
PARAMETRIC_REPRESENTATION_CONTEXT() REPRESENTATION_CONTEXT('2D SPACE',''
  ) );
#3331 = ORIENTED_EDGE('',*,*,#3332,.T.);
#3332 = EDGE_CURVE('',#3104,#3333,#3335,.T.);
#3333 = VERTEX_POINT('',#3334);
#3334 = CARTESIAN_POINT('',(31.75,-8.881784197001E-15,302.41875));
#3335 = SURFACE_CURVE('',#3336,(#3339,#3346),.PCURVE_S1.);
#3336 = B_SPLINE_CURVE_WITH_KNOTS('',1,(#3337,#3338),.UNSPECIFIED.,.F.,
  .F.,(2,2),(0.,17.4625),.PIECEWISE_BEZIER_KNOTS.);
#3337 = CARTESIAN_POINT('',(14.2875,-7.105427357601E-15,302.41875));
#3338 = CARTESIAN_POINT('',(31.75,-8.881784197001E-15,302.41875));
#3339 = PCURVE('',#3152,#3340);
#3340 = DEFINITIONAL_REPRESENTATION('',(#3341),#3345);
#3341 = LINE('',#3342,#3343);
#3342 = CARTESIAN_POINT('',(0.,0.));
#3343 = VECTOR('',#3344,1.);
#3344 = DIRECTION('',(1.,0.));
#3345 = ( GEOMETRIC_REPRESENTATION_CONTEXT(2) 
PARAMETRIC_REPRESENTATION_CONTEXT() REPRESENTATION_CONTEXT('2D SPACE',''
  ) );
#3346 = PCURVE('',#3347,#3352);
#3347 = PLANE('',#3348);
#3348 = AXIS2_PLACEMENT_3D('',#3349,#3350,#3351);
#3349 = CARTESIAN_POINT('',(23.01875,-1.078502366779E-14,304.8));
#3350 = DIRECTION('',(-5.086204264568E-16,-1.,-2.09139875355E-15));
#3351 = DIRECTION('',(0.,2.09139875355E-15,-1.));
#3352 = DEFINITIONAL_REPRESENTATION('',(#3353),#3356);
#3353 = B_SPLINE_CURVE_WITH_KNOTS('',1,(#3354,#3355),.UNSPECIFIED.,.F.,
  .F.,(2,2),(0.,17.4625),.PIECEWISE_BEZIER_KNOTS.);
#3354 = CARTESIAN_POINT('',(2.38125,-8.73125));
#3355 = CARTESIAN_POINT('',(2.38125,8.73125));
#3356 = ( GEOMETRIC_REPRESENTATION_CONTEXT(2) 
PARAMETRIC_REPRESENTATION_CONTEXT() REPRESENTATION_CONTEXT('2D SPACE',''
  ) );
#3357 = ORIENTED_EDGE('',*,*,#3358,.T.);
#3358 = EDGE_CURVE('',#3333,#3359,#3361,.T.);
#3359 = VERTEX_POINT('',#3360);
#3360 = CARTESIAN_POINT('',(-28.60576480922,13.77582015962,
    454.8187789519));
#3361 = SURFACE_CURVE('',#3362,(#3404,#3411),.PCURVE_S1.);
#3362 = B_SPLINE_CURVE_WITH_KNOTS('',10,(#3363,#3364,#3365,#3366,#3367,
    #3368,#3369,#3370,#3371,#3372,#3373,#3374,#3375,#3376,#3377,#3378,
    #3379,#3380,#3381,#3382,#3383,#3384,#3385,#3386,#3387,#3388,#3389,
    #3390,#3391,#3392,#3393,#3394,#3395,#3396,#3397,#3398,#3399,#3400,
    #3401,#3402,#3403),.UNSPECIFIED.,.F.,.F.,(11,10,10,10,11),(0.,
    38.478754549872,76.957509099745,115.43626364961,153.91501819948),
  .PIECEWISE_BEZIER_KNOTS.);
#3363 = CARTESIAN_POINT('',(31.75,-8.881784197001E-15,302.41875));
#3364 = CARTESIAN_POINT('',(31.750042660149,17.099210772233,
    306.22891006141));
#3365 = CARTESIAN_POINT('',(21.519549024471,34.201154022083,
    310.03830169997));
#3366 = CARTESIAN_POINT('',(1.041877381299,44.393930960776,
    313.84954552611));
#3367 = CARTESIAN_POINT('',(-24.30178278652,40.890781621778,
    317.65807534277));
#3368 = CARTESIAN_POINT('',(-44.18063280903,21.276567262455,
    321.46885460501));
#3369 = CARTESIAN_POINT('',(-47.1215463362,-6.495594426272,
    325.27928476259));
#3370 = CARTESIAN_POINT('',(-34.05918067004,-28.49334300204,
    329.08812168783));
#3371 = CARTESIAN_POINT('',(-13.32218301029,-38.14890306568,
    332.89912937111));
#3372 = CARTESIAN_POINT('',(6.427063316708,-35.48433090786,
    336.70867763311));
#3373 = CARTESIAN_POINT('',(19.795801209015,-24.82314956835,
    340.51874999998));
#3374 = CARTESIAN_POINT('',(33.164529114265,-14.1619993851,
    344.32891006144));
#3375 = CARTESIAN_POINT('',(40.156758308581,4.499409828749,
    348.13830169995));
#3376 = CARTESIAN_POINT('',(35.358172777631,26.864590680875,
    351.94954552608));
#3377 = CARTESIAN_POINT('',(16.817786680296,44.494884193802,
    355.75807534294));
#3378 = CARTESIAN_POINT('',(-10.91148387148,47.807532352222,
    359.5688546047));
#3379 = CARTESIAN_POINT('',(-34.45826380825,32.791171546343,
    363.37928476298));
#3380 = CARTESIAN_POINT('',(-43.51254440714,8.863230932347,
    367.18812168748));
#3381 = CARTESIAN_POINT('',(-38.13225868384,-13.36974992095,
    370.99912937136));
#3382 = CARTESIAN_POINT('',(-23.73555860417,-27.14899888762,
    374.80867763298));
#3383 = CARTESIAN_POINT('',(-7.065039653125,-30.95396121178,
    378.61875000003));
#3384 = CARTESIAN_POINT('',(9.605448712287,-34.75893515327,
    382.42891006128));
#3385 = CARTESIAN_POINT('',(28.555109537598,-28.59048173694,
    386.23830170026));
#3386 = CARTESIAN_POINT('',(43.049042897396,-10.89433431941,
    390.04954552566));
#3387 = CARTESIAN_POINT('',(45.27321975616,14.593431437608,
    393.85807534334));
#3388 = CARTESIAN_POINT('',(30.574234975351,38.338450484832,
    397.66885460448));
#3389 = CARTESIAN_POINT('',(4.152794187558,47.385516526599,
    401.47928476297));
#3390 = CARTESIAN_POINT('',(-20.20007471144,39.545611197673,
    405.28812168766));
#3391 = CARTESIAN_POINT('',(-34.2279658121,21.477097607487,
    409.09912937113));
#3392 = CARTESIAN_POINT('',(-36.02482077901,1.630083033627,
    412.90867763316));
#3393 = CARTESIAN_POINT('',(-28.60576155588,-13.77580871699,
    416.71874999994));
#3394 = CARTESIAN_POINT('',(-21.18673016029,-29.18168494223,
    420.52890716641));
#3395 = CARTESIAN_POINT('',(-4.549120527512,-40.15115251021,
    424.33831411007));
#3396 = CARTESIAN_POINT('',(18.32310927599,-40.44961604079,
    428.14951347529));
#3397 = CARTESIAN_POINT('',(39.636988131121,-26.29714885581,
    431.95813603425));
#3398 = CARTESIAN_POINT('',(49.036941412039,-3.021811756838E-04,
    435.76876447559));
#3399 = CARTESIAN_POINT('',(39.636701305764,26.297643820058,
    439.57939291824));
#3400 = CARTESIAN_POINT('',(18.323475183025,40.449297670087,
    443.38801547672));
#3401 = CARTESIAN_POINT('',(-4.549326164831,40.15128636488,
    447.19921484155));
#3402 = CARTESIAN_POINT('',(-21.18665185924,29.181657110491,
    451.00862178587));
#3403 = CARTESIAN_POINT('',(-28.60576480922,13.77582015962,
    454.8187789519));
#3404 = PCURVE('',#3152,#3405);
#3405 = DEFINITIONAL_REPRESENTATION('',(#3406),#3410);
#3406 = LINE('',#3407,#3408);
#3407 = CARTESIAN_POINT('',(17.4625,0.));
#3408 = VECTOR('',#3409,1.);
#3409 = DIRECTION('',(0.,1.));
#3410 = ( GEOMETRIC_REPRESENTATION_CONTEXT(2) 
PARAMETRIC_REPRESENTATION_CONTEXT() REPRESENTATION_CONTEXT('2D SPACE',''
  ) );
#3411 = PCURVE('',#3412,#3495);
#3412 = B_SPLINE_SURFACE_WITH_KNOTS('',1,10,(
    (#3413,#3414,#3415,#3416,#3417,#3418,#3419,#3420,#3421,#3422,#3423
      ,#3424,#3425,#3426,#3427,#3428,#3429,#3430,#3431,#3432,#3433,#3434
      ,#3435,#3436,#3437,#3438,#3439,#3440,#3441,#3442,#3443,#3444,#3445
      ,#3446,#3447,#3448,#3449,#3450,#3451,#3452,#3453)
    ,(#3454,#3455,#3456,#3457,#3458,#3459,#3460,#3461,#3462,#3463,#3464
      ,#3465,#3466,#3467,#3468,#3469,#3470,#3471,#3472,#3473,#3474,#3475
      ,#3476,#3477,#3478,#3479,#3480,#3481,#3482,#3483,#3484,#3485,#3486
      ,#3487,#3488,#3489,#3490,#3491,#3492,#3493,#3494
  )),.UNSPECIFIED.,.F.,.F.,.F.,(2,2),(11,10,10,10,11),(0.,4.7625),(0.,
    38.478754549872,76.957509099745,115.43626364961,153.91501819948),
  .PIECEWISE_BEZIER_KNOTS.);
#3413 = CARTESIAN_POINT('',(31.75,-8.881784197001E-15,302.41875));
#3414 = CARTESIAN_POINT('',(31.750042660149,17.099210772233,
    306.22891006141));
#3415 = CARTESIAN_POINT('',(21.519549024471,34.201154022082,
    310.03830169997));
#3416 = CARTESIAN_POINT('',(1.0418773813,44.393930960778,313.84954552611
    ));
#3417 = CARTESIAN_POINT('',(-24.30178278652,40.890781621776,
    317.65807534277));
#3418 = CARTESIAN_POINT('',(-44.18063280902,21.276567262458,
    321.46885460501));
#3419 = CARTESIAN_POINT('',(-47.1215463362,-6.495594426275,
    325.27928476259));
#3420 = CARTESIAN_POINT('',(-34.05918067004,-28.49334300204,
    329.08812168783));
#3421 = CARTESIAN_POINT('',(-13.32218301029,-38.14890306568,
    332.89912937111));
#3422 = CARTESIAN_POINT('',(6.427063316708,-35.48433090786,
    336.70867763311));
#3423 = CARTESIAN_POINT('',(19.795801209015,-24.82314956835,
    340.51874999998));
#3424 = CARTESIAN_POINT('',(33.164529114265,-14.1619993851,
    344.32891006144));
#3425 = CARTESIAN_POINT('',(40.15675830858,4.499409828749,
    348.13830169995));
#3426 = CARTESIAN_POINT('',(35.358172777633,26.864590680875,
    351.94954552608));
#3427 = CARTESIAN_POINT('',(16.817786680293,44.494884193801,
    355.75807534294));
#3428 = CARTESIAN_POINT('',(-10.91148387148,47.807532352223,
    359.5688546047));
#3429 = CARTESIAN_POINT('',(-34.45826380826,32.791171546342,
    363.37928476298));
#3430 = CARTESIAN_POINT('',(-43.51254440713,8.863230932348,
    367.18812168748));
#3431 = CARTESIAN_POINT('',(-38.13225868384,-13.36974992095,
    370.99912937136));
#3432 = CARTESIAN_POINT('',(-23.73555860417,-27.14899888762,
    374.80867763298));
#3433 = CARTESIAN_POINT('',(-7.065039653125,-30.95396121178,
    378.61875000003));
#3434 = CARTESIAN_POINT('',(9.605448712287,-34.75893515327,
    382.42891006128));
#3435 = CARTESIAN_POINT('',(28.555109537598,-28.59048173695,
    386.23830170026));
#3436 = CARTESIAN_POINT('',(43.049042897396,-10.89433431941,
    390.04954552566));
#3437 = CARTESIAN_POINT('',(45.27321975616,14.593431437601,
    393.85807534334));
#3438 = CARTESIAN_POINT('',(30.574234975351,38.33845048484,
    397.66885460448));
#3439 = CARTESIAN_POINT('',(4.152794187558,47.385516526593,
    401.47928476297));
#3440 = CARTESIAN_POINT('',(-20.20007471144,39.545611197677,
    405.28812168766));
#3441 = CARTESIAN_POINT('',(-34.2279658121,21.477097607485,
    409.09912937113));
#3442 = CARTESIAN_POINT('',(-36.02482077901,1.630083033628,
    412.90867763316));
#3443 = CARTESIAN_POINT('',(-28.60576155588,-13.77580871699,
    416.71874999994));
#3444 = CARTESIAN_POINT('',(-21.18673016029,-29.18168494223,
    420.52890716641));
#3445 = CARTESIAN_POINT('',(-4.549120527512,-40.15115251021,
    424.33831411007));
#3446 = CARTESIAN_POINT('',(18.323109275991,-40.44961604079,
    428.14951347529));
#3447 = CARTESIAN_POINT('',(39.63698813112,-26.29714885581,
    431.95813603425));
#3448 = CARTESIAN_POINT('',(49.03694141204,-3.021811763659E-04,
    435.76876447559));
#3449 = CARTESIAN_POINT('',(39.636701305764,26.297643820059,
    439.57939291824));
#3450 = CARTESIAN_POINT('',(18.323475183025,40.449297670086,
    443.38801547672));
#3451 = CARTESIAN_POINT('',(-4.549326164831,40.15128636488,
    447.19921484155));
#3452 = CARTESIAN_POINT('',(-21.18665185924,29.181657110491,
    451.00862178587));
#3453 = CARTESIAN_POINT('',(-28.60576480922,13.77582015962,
    454.8187789519));
#3454 = CARTESIAN_POINT('',(31.75,-3.552713678801E-14,307.18125));
#3455 = CARTESIAN_POINT('',(31.749955948509,17.099207754429,
    310.99141006141));
#3456 = CARTESIAN_POINT('',(21.519800830072,34.201165569741,
    314.80080169978));
#3457 = CARTESIAN_POINT('',(1.04141085352,44.393805214654,
    318.61204552696));
#3458 = CARTESIAN_POINT('',(-24.3012714616,40.891073881756,
    322.42057534075));
#3459 = CARTESIAN_POINT('',(-44.18090873599,21.276068273484,
    326.23135460806));
#3460 = CARTESIAN_POINT('',(-47.12154331892,-6.49505532828,
    330.04178475947));
#3461 = CARTESIAN_POINT('',(-34.05902477036,-28.49372668294,
    333.85062168997));
#3462 = CARTESIAN_POINT('',(-13.32228851706,-38.14871647095,
    337.66162937017));
#3463 = CARTESIAN_POINT('',(6.427091252257,-35.4843591176,
    341.47117763332));
#3464 = CARTESIAN_POINT('',(19.795801209019,-24.82314956836,
    345.28124999998));
#3465 = CARTESIAN_POINT('',(33.164472691015,-14.16193347277,
    349.09141006144));
#3466 = CARTESIAN_POINT('',(40.156924335144,4.499220159031,
    352.90080169975));
#3467 = CARTESIAN_POINT('',(35.357783590032,26.864877025562,
    356.71204552692));
#3468 = CARTESIAN_POINT('',(16.818333984218,44.494666645035,
    360.52057534092));
#3469 = CARTESIAN_POINT('',(-10.9120460344,47.807436965955,
    364.33135460775));
#3470 = CARTESIAN_POINT('',(-34.45784044323,32.791505309618,
    368.14178475985));
#3471 = CARTESIAN_POINT('',(-43.51274717911,8.862869823769,
    371.95062168962));
#3472 = CARTESIAN_POINT('',(-38.13217858058,-13.36955109239,
    375.76162937041));
#3473 = CARTESIAN_POINT('',(-23.73556324192,-27.14903831706,
    379.57117763319));
#3474 = CARTESIAN_POINT('',(-7.065039653122,-30.95396121176,
    383.38125000003));
#3475 = CARTESIAN_POINT('',(9.605465065286,-34.75884994422,
    387.19141006128));
#3476 = CARTESIAN_POINT('',(28.555064763769,-28.59072979867,
    391.00080170006));
#3477 = CARTESIAN_POINT('',(43.049024116056,-10.89385150762,
    394.8120455265));
#3478 = CARTESIAN_POINT('',(45.273390908284,14.592867899098,
    398.62057534132));
#3479 = CARTESIAN_POINT('',(30.573809896357,38.338830528832,
    402.43135460752));
#3480 = CARTESIAN_POINT('',(4.153319098025,47.385393624669,
    406.24178475986));
#3481 = CARTESIAN_POINT('',(-20.2004834637,39.545544583614,
    410.05062168979));
#3482 = CARTESIAN_POINT('',(-34.2277604182,21.47715894779,
    413.86162937019));
#3483 = CARTESIAN_POINT('',(-36.02485449769,1.630062075745,
    417.67117763337));
#3484 = CARTESIAN_POINT('',(-28.6057615559,-13.775808717,421.48124999994
    ));
#3485 = CARTESIAN_POINT('',(-21.18665476788,-29.18164391528,
    425.29140716641));
#3486 = CARTESIAN_POINT('',(-4.549336287445,-40.15127510587,
    429.10081410986));
#3487 = CARTESIAN_POINT('',(18.323459292988,-40.44929274306,
    432.91201347617));
#3488 = CARTESIAN_POINT('',(39.636684075892,-26.29764839235,
    436.72063603215));
#3489 = CARTESIAN_POINT('',(49.036929217843,2.884432891861E-04,
    440.53126447873));
#3490 = CARTESIAN_POINT('',(39.636985644549,26.297131203623,
    444.34189291501));
#3491 = CARTESIAN_POINT('',(18.323116053451,40.449600848759,
    448.15051547896));
#3492 = CARTESIAN_POINT('',(-4.549108142802,40.151143798701,
    451.96171484052));
#3493 = CARTESIAN_POINT('',(-21.18671671345,29.181683622836,
    455.77112178613));
#3494 = CARTESIAN_POINT('',(-28.60575058118,13.775813307748,
    459.58127895188));
#3495 = DEFINITIONAL_REPRESENTATION('',(#3496),#3500);
#3496 = LINE('',#3497,#3498);
#3497 = CARTESIAN_POINT('',(0.,0.));
#3498 = VECTOR('',#3499,1.);
#3499 = DIRECTION('',(0.,1.));
#3500 = ( GEOMETRIC_REPRESENTATION_CONTEXT(2) 
PARAMETRIC_REPRESENTATION_CONTEXT() REPRESENTATION_CONTEXT('2D SPACE',''
  ) );
#3501 = ORIENTED_EDGE('',*,*,#3502,.F.);
#3502 = EDGE_CURVE('',#3503,#3359,#3505,.T.);
#3503 = VERTEX_POINT('',#3504);
#3504 = CARTESIAN_POINT('',(-12.87260367487,6.199109331876,
    454.81872104811));
#3505 = SURFACE_CURVE('',#3506,(#3509,#3516),.PCURVE_S1.);
#3506 = B_SPLINE_CURVE_WITH_KNOTS('',1,(#3507,#3508),.UNSPECIFIED.,.F.,
  .F.,(2,2),(0.,17.4625),.PIECEWISE_BEZIER_KNOTS.);
#3507 = CARTESIAN_POINT('',(-12.87260367487,6.199109331876,
    454.81872104811));
#3508 = CARTESIAN_POINT('',(-28.60576480922,13.77582015962,
    454.8187789519));
#3509 = PCURVE('',#3152,#3510);
#3510 = DEFINITIONAL_REPRESENTATION('',(#3511),#3515);
#3511 = LINE('',#3512,#3513);
#3512 = CARTESIAN_POINT('',(0.,153.91501819948));
#3513 = VECTOR('',#3514,1.);
#3514 = DIRECTION('',(1.,0.));
#3515 = ( GEOMETRIC_REPRESENTATION_CONTEXT(2) 
PARAMETRIC_REPRESENTATION_CONTEXT() REPRESENTATION_CONTEXT('2D SPACE',''
  ) );
#3516 = PCURVE('',#3517,#3522);
#3517 = PLANE('',#3518);
#3518 = AXIS2_PLACEMENT_3D('',#3519,#3520,#3521);
#3519 = CARTESIAN_POINT('',(-20.73917712802,9.987461319812,457.2));
#3520 = DIRECTION('',(0.433884657282,0.900968425737,-2.38896042869E-12)
  );
#3521 = DIRECTION('',(0.900968425737,-0.433884657282,0.));
#3522 = DEFINITIONAL_REPRESENTATION('',(#3523),#3526);
#3523 = B_SPLINE_CURVE_WITH_KNOTS('',1,(#3524,#3525),.UNSPECIFIED.,.F.,
  .F.,(2,2),(0.,17.4625),.PIECEWISE_BEZIER_KNOTS.);
#3524 = CARTESIAN_POINT('',(8.73124210398,2.381278951883));
#3525 = CARTESIAN_POINT('',(-8.731257895924,2.381221048091));
#3526 = ( GEOMETRIC_REPRESENTATION_CONTEXT(2) 
PARAMETRIC_REPRESENTATION_CONTEXT() REPRESENTATION_CONTEXT('2D SPACE',''
  ) );
#3527 = ORIENTED_EDGE('',*,*,#3528,.F.);
#3528 = EDGE_CURVE('',#3529,#3503,#3531,.T.);
#3529 = VERTEX_POINT('',#3530);
#3530 = CARTESIAN_POINT('',(3.98489086053,-13.720574209,337.75588155648)
  );
#3531 = SURFACE_CURVE('',#3532,(#3574,#3581),.PCURVE_S1.);
#3532 = B_SPLINE_CURVE_WITH_KNOTS('',10,(#3533,#3534,#3535,#3536,#3537,
    #3538,#3539,#3540,#3541,#3542,#3543,#3544,#3545,#3546,#3547,#3548,
    #3549,#3550,#3551,#3552,#3553,#3554,#3555,#3556,#3557,#3558,#3559,
    #3560,#3561,#3562,#3563,#3564,#3565,#3566,#3567,#3568,#3569,#3570,
    #3571,#3572,#3573),.UNSPECIFIED.,.F.,.F.,(11,10,10,10,11),(0.,
    38.478754549872,76.957509099745,115.43626364961,153.91501819948),
  .PIECEWISE_BEZIER_KNOTS.);
#3533 = CARTESIAN_POINT('',(14.2875,-7.105427357601E-15,302.41875));
#3534 = CARTESIAN_POINT('',(14.287544051491,7.694690266662,
    306.22858993859));
#3535 = CARTESIAN_POINT('',(9.683699185522,15.390427724272,
    310.0391983002));
#3536 = CARTESIAN_POINT('',(0.469026632868,19.97742467984,
    313.84795447307));
#3537 = CARTESIAN_POINT('',(-10.93606190217,18.400690439862,
    317.65942465919));
#3538 = CARTESIAN_POINT('',(-19.88110132407,9.574569801396,
    321.46864539199));
#3539 = CARTESIAN_POINT('',(-21.20474267591,-2.923098478654,
    325.27821524048));
#3540 = CARTESIAN_POINT('',(-15.32668695714,-12.82198626841,
    329.08937831005));
#3541 = CARTESIAN_POINT('',(-5.994916343958,-17.16701488122,
    332.89837062982));
#3542 = CARTESIAN_POINT('',(2.892170454833,-15.96795032098,
    336.70882236667));
#3543 = CARTESIAN_POINT('',(8.908110544052,-11.17041730576,
    340.51875000001));
#3544 = CARTESIAN_POINT('',(14.924089108037,-6.372890836884,
    344.32858993855));
#3545 = CARTESIAN_POINT('',(18.070408609926,2.024753842359,
    348.13919830025));
#3546 = CARTESIAN_POINT('',(15.911412875688,12.089020767539,
    351.94795447306));
#3547 = CARTESIAN_POINT('',(7.567716016628,20.022800325809,
    355.75942465908));
#3548 = CARTESIAN_POINT('',(-4.909963823599,21.513317549625,
    359.56864539225));
#3549 = CARTESIAN_POINT('',(-15.5063112263,14.756013310368,
    363.37821524011));
#3550 = CARTESIAN_POINT('',(-19.58066554657,3.988508707166,
    367.1893783104));
#3551 = CARTESIAN_POINT('',(-17.15948189753,-6.016444374397,
    370.99837062957));
#3552 = CARTESIAN_POINT('',(-10.68100748763,-12.21704409593,
    374.8088223668));
#3553 = CARTESIAN_POINT('',(-3.179267843892,-13.92928254531,
    378.61874999996));
#3554 = CARTESIAN_POINT('',(4.322490670246,-15.64155515691,
    382.42858993873));
#3555 = CARTESIAN_POINT('',(12.849731781973,-12.86560098047,
    386.23919829985));
#3556 = CARTESIAN_POINT('',(19.37218068937,-4.902662353477,
    390.04795447368));
#3557 = CARTESIAN_POINT('',(20.372849421657,6.567333175298,
    393.85942465838));
#3558 = CARTESIAN_POINT('',(13.758476581091,17.252098391673,
    397.6686453928));
#3559 = CARTESIAN_POINT('',(1.868688847754,21.323546108651,
    401.47821523987));
#3560 = CARTESIAN_POINT('',(-9.090003606586,17.79557527553,
    405.28937831036));
#3561 = CARTESIAN_POINT('',(-15.40260759267,9.664631459511,
    409.09837062974));
#3562 = CARTESIAN_POINT('',(-16.21116893904,0.733545515572,
    412.90882236664));
#3563 = CARTESIAN_POINT('',(-12.87259270014,-6.199113922618,
    416.71875000005));
#3564 = CARTESIAN_POINT('',(-9.534030307487,-13.13180895528,
    420.52859283356));
#3565 = CARTESIAN_POINT('',(-2.047059868974,-18.06789782206,
    424.3391858902));
#3566 = CARTESIAN_POINT('',(8.245313473041,-18.20253564467,
    428.14798652363));
#3567 = CARTESIAN_POINT('',(17.836788675563,-11.83347942814,
    431.95936396816));
#3568 = CARTESIAN_POINT('',(22.066537663567,-2.884432941954E-04,
    435.76873552087));
#3569 = CARTESIAN_POINT('',(17.8364871069,11.833996616893,
    439.57810708532));
#3570 = CARTESIAN_POINT('',(8.245656712584,18.202227538977,
    443.38948452082));
#3571 = CARTESIAN_POINT('',(-2.047288013621,18.068029129243,
    447.19828515956));
#3572 = CARTESIAN_POINT('',(-9.533968361917,13.131769247729,
    451.00887821385));
#3573 = CARTESIAN_POINT('',(-12.87260367487,6.199109331876,
    454.81872104811));
#3574 = PCURVE('',#3152,#3575);
#3575 = DEFINITIONAL_REPRESENTATION('',(#3576),#3580);
#3576 = LINE('',#3577,#3578);
#3577 = CARTESIAN_POINT('',(0.,0.));
#3578 = VECTOR('',#3579,1.);
#3579 = DIRECTION('',(0.,1.));
#3580 = ( GEOMETRIC_REPRESENTATION_CONTEXT(2) 
PARAMETRIC_REPRESENTATION_CONTEXT() REPRESENTATION_CONTEXT('2D SPACE',''
  ) );
#3581 = PCURVE('',#3582,#3665);
#3582 = B_SPLINE_SURFACE_WITH_KNOTS('',1,10,(
    (#3583,#3584,#3585,#3586,#3587,#3588,#3589,#3590,#3591,#3592,#3593
      ,#3594,#3595,#3596,#3597,#3598,#3599,#3600,#3601,#3602,#3603,#3604
      ,#3605,#3606,#3607,#3608,#3609,#3610,#3611,#3612,#3613,#3614,#3615
      ,#3616,#3617,#3618,#3619,#3620,#3621,#3622,#3623)
    ,(#3624,#3625,#3626,#3627,#3628,#3629,#3630,#3631,#3632,#3633,#3634
      ,#3635,#3636,#3637,#3638,#3639,#3640,#3641,#3642,#3643,#3644,#3645
      ,#3646,#3647,#3648,#3649,#3650,#3651,#3652,#3653,#3654,#3655,#3656
      ,#3657,#3658,#3659,#3660,#3661,#3662,#3663,#3664
  )),.UNSPECIFIED.,.F.,.F.,.F.,(2,2),(11,10,10,10,11),(0.,4.7625),(0.,
    38.478754549872,76.957509099745,115.43626364961,153.91501819948),
  .PIECEWISE_BEZIER_KNOTS.);
#3583 = CARTESIAN_POINT('',(14.2875,8.881784197001E-15,307.18125));
#3584 = CARTESIAN_POINT('',(14.287457339851,7.694687248858,
    310.99108993858));
#3585 = CARTESIAN_POINT('',(9.683950991123,15.39043927193,314.8016983));
#3586 = CARTESIAN_POINT('',(0.468560105088,19.977298933717,
    318.61045447391));
#3587 = CARTESIAN_POINT('',(-10.93555057724,18.40098269984,
    322.42192465716));
#3588 = CARTESIAN_POINT('',(-19.88137725103,9.574070812424,
    326.23114539503));
#3589 = CARTESIAN_POINT('',(-21.20473965864,-2.922559380661,
    330.04071523736));
#3590 = CARTESIAN_POINT('',(-15.32653105746,-12.82236994931,
    333.85187831218));
#3591 = CARTESIAN_POINT('',(-5.995021850732,-17.16682828649,
    337.66087062887));
#3592 = CARTESIAN_POINT('',(2.892198390382,-15.96797853072,
    341.47132236688));
#3593 = CARTESIAN_POINT('',(8.908110544056,-11.17041730576,
    345.28125000001));
#3594 = CARTESIAN_POINT('',(14.924032684788,-6.372824924552,
    349.09108993855));
#3595 = CARTESIAN_POINT('',(18.070574636489,2.024564172639,
    352.90169830005));
#3596 = CARTESIAN_POINT('',(15.91102368809,12.089307112229,
    356.7104544739));
#3597 = CARTESIAN_POINT('',(7.568263320549,20.022582777037,
    360.52192465706));
#3598 = CARTESIAN_POINT('',(-4.910525986521,21.513222163363,
    364.33114539529));
#3599 = CARTESIAN_POINT('',(-15.50588786127,14.756347073638,
    368.140715237));
#3600 = CARTESIAN_POINT('',(-19.58086831854,3.98814759859,
    371.95187831252));
#3601 = CARTESIAN_POINT('',(-17.15940179426,-6.016245545841,
    375.76087062863));
#3602 = CARTESIAN_POINT('',(-10.68101212538,-12.21708352537,
    379.57132236701));
#3603 = CARTESIAN_POINT('',(-3.179267843888,-13.92928254529,
    383.38124999996));
#3604 = CARTESIAN_POINT('',(4.322507023246,-15.64146994787,
    387.19108993873));
#3605 = CARTESIAN_POINT('',(12.849687008144,-12.86584904219,
    391.00169829964));
#3606 = CARTESIAN_POINT('',(19.372161908031,-4.902179541684,
    394.81045447454));
#3607 = CARTESIAN_POINT('',(20.37302057378,6.566769636787,
    398.62192465632));
#3608 = CARTESIAN_POINT('',(13.758051502099,17.252478435673,
    402.43114539589));
#3609 = CARTESIAN_POINT('',(1.869213758219,21.32342320672,
    406.24071523671));
#3610 = CARTESIAN_POINT('',(-9.090412358842,17.795508661471,
    410.05187831252));
#3611 = CARTESIAN_POINT('',(-15.40240219877,9.664692799814,
    413.86087062878));
#3612 = CARTESIAN_POINT('',(-16.21120265772,0.733524557689,
    417.67132236685));
#3613 = CARTESIAN_POINT('',(-12.87259270017,-6.199113922634,
    421.48125000005));
#3614 = CARTESIAN_POINT('',(-9.53395491508,-13.13176792832,
    425.29109283356));
#3615 = CARTESIAN_POINT('',(-2.047275628908,-18.06802041772,
    429.10168588999));
#3616 = CARTESIAN_POINT('',(8.245663490041,-18.20221234694,
    432.9104865245));
#3617 = CARTESIAN_POINT('',(17.83648462033,-11.8339789647,
    436.72186396608));
#3618 = CARTESIAN_POINT('',(22.066525469375,3.021811810449E-04,
    440.531235524));
#3619 = CARTESIAN_POINT('',(17.836771445683,11.833484000449,
    444.34060708211));
#3620 = CARTESIAN_POINT('',(8.245297583011,18.202530717656,
    448.15198452305));
#3621 = CARTESIAN_POINT('',(-2.047069991592,18.067886563061,
    451.96078515854));
#3622 = CARTESIAN_POINT('',(-9.534033216129,13.131795760075,
    455.7713782141));
#3623 = CARTESIAN_POINT('',(-12.87258944683,6.199102480005,
    459.58122104809));
#3624 = CARTESIAN_POINT('',(14.2875,1.33226762955E-14,302.41875));
#3625 = CARTESIAN_POINT('',(14.287544051491,7.694690266662,
    306.22858993859));
#3626 = CARTESIAN_POINT('',(9.683699185522,15.390427724272,
    310.0391983002));
#3627 = CARTESIAN_POINT('',(0.469026632869,19.977424679841,
    313.84795447307));
#3628 = CARTESIAN_POINT('',(-10.93606190217,18.40069043986,
    317.65942465919));
#3629 = CARTESIAN_POINT('',(-19.88110132407,9.574569801397,
    321.46864539199));
#3630 = CARTESIAN_POINT('',(-21.20474267591,-2.923098478655,
    325.27821524048));
#3631 = CARTESIAN_POINT('',(-15.32668695714,-12.82198626841,
    329.08937831005));
#3632 = CARTESIAN_POINT('',(-5.994916343958,-17.16701488122,
    332.89837062982));
#3633 = CARTESIAN_POINT('',(2.892170454833,-15.96795032098,
    336.70882236667));
#3634 = CARTESIAN_POINT('',(8.908110544052,-11.17041730576,
    340.51875000001));
#3635 = CARTESIAN_POINT('',(14.924089108037,-6.372890836884,
    344.32858993855));
#3636 = CARTESIAN_POINT('',(18.070408609925,2.024753842359,
    348.13919830025));
#3637 = CARTESIAN_POINT('',(15.911412875689,12.08902076754,
    351.94795447306));
#3638 = CARTESIAN_POINT('',(7.567716016627,20.022800325808,
    355.75942465908));
#3639 = CARTESIAN_POINT('',(-4.909963823598,21.513317549626,
    359.56864539225));
#3640 = CARTESIAN_POINT('',(-15.5063112263,14.756013310367,
    363.37821524011));
#3641 = CARTESIAN_POINT('',(-19.58066554657,3.988508707167,
    367.1893783104));
#3642 = CARTESIAN_POINT('',(-17.15948189753,-6.016444374397,
    370.99837062957));
#3643 = CARTESIAN_POINT('',(-10.68100748763,-12.21704409593,
    374.8088223668));
#3644 = CARTESIAN_POINT('',(-3.179267843892,-13.92928254531,
    378.61874999996));
#3645 = CARTESIAN_POINT('',(4.322490670247,-15.64155515691,
    382.42858993873));
#3646 = CARTESIAN_POINT('',(12.849731781973,-12.86560098047,
    386.23919829985));
#3647 = CARTESIAN_POINT('',(19.372180689371,-4.902662353478,
    390.04795447368));
#3648 = CARTESIAN_POINT('',(20.372849421655,6.5673331753,393.85942465838
    ));
#3649 = CARTESIAN_POINT('',(13.758476581093,17.25209839167,
    397.6686453928));
#3650 = CARTESIAN_POINT('',(1.868688847753,21.323546108653,
    401.47821523987));
#3651 = CARTESIAN_POINT('',(-9.090003606585,17.795575275529,
    405.28937831036));
#3652 = CARTESIAN_POINT('',(-15.40260759267,9.664631459512,
    409.09837062974));
#3653 = CARTESIAN_POINT('',(-16.21116893904,0.733545515572,
    412.90882236664));
#3654 = CARTESIAN_POINT('',(-12.87259270014,-6.199113922618,
    416.71875000005));
#3655 = CARTESIAN_POINT('',(-9.534030307487,-13.13180895528,
    420.52859283356));
#3656 = CARTESIAN_POINT('',(-2.047059868973,-18.06789782207,
    424.3391858902));
#3657 = CARTESIAN_POINT('',(8.24531347304,-18.20253564467,
    428.14798652363));
#3658 = CARTESIAN_POINT('',(17.836788675564,-11.83347942815,
    431.95936396816));
#3659 = CARTESIAN_POINT('',(22.066537663566,-2.884432921135E-04,
    435.76873552087));
#3660 = CARTESIAN_POINT('',(17.836487106901,11.833996616891,
    439.57810708532));
#3661 = CARTESIAN_POINT('',(8.245656712583,18.202227538978,
    443.38948452082));
#3662 = CARTESIAN_POINT('',(-2.047288013621,18.068029129243,
    447.19828515956));
#3663 = CARTESIAN_POINT('',(-9.533968361917,13.131769247729,
    451.00887821385));
#3664 = CARTESIAN_POINT('',(-12.87260367487,6.199109331876,
    454.81872104811));
#3665 = DEFINITIONAL_REPRESENTATION('',(#3666),#3670);
#3666 = LINE('',#3667,#3668);
#3667 = CARTESIAN_POINT('',(4.7625,0.));
#3668 = VECTOR('',#3669,1.);
#3669 = DIRECTION('',(0.,1.));
#3670 = ( GEOMETRIC_REPRESENTATION_CONTEXT(2) 
PARAMETRIC_REPRESENTATION_CONTEXT() REPRESENTATION_CONTEXT('2D SPACE',''
  ) );
#3671 = ORIENTED_EDGE('',*,*,#3672,.T.);
#3672 = EDGE_CURVE('',#3529,#3106,#3673,.T.);
#3673 = SURFACE_CURVE('',#3674,(#3707,#3743),.PCURVE_S1.);
#3674 = B_SPLINE_CURVE_WITH_KNOTS('',7,(#3675,#3676,#3677,#3678,#3679,
    #3680,#3681,#3682,#3683,#3684,#3685,#3686,#3687,#3688,#3689,#3690,
    #3691,#3692,#3693,#3694,#3695,#3696,#3697,#3698,#3699,#3700,#3701,
    #3702,#3703,#3704,#3705,#3706),.UNSPECIFIED.,.F.,.F.,(8,6,6,6,6,8),(
    0.,0.19755832089,0.3638623713,0.700250477922,0.801372540681,1.),
  .UNSPECIFIED.);
#3675 = CARTESIAN_POINT('',(3.98489086053,-13.720574209,337.75588155648)
  );
#3676 = CARTESIAN_POINT('',(3.845259979613,-13.93391699629,
    337.66002312991));
#3677 = CARTESIAN_POINT('',(3.69143244567,-14.13986939176,
    337.56103242385));
#3678 = CARTESIAN_POINT('',(3.523718313866,-14.3373035506,
    337.45911124012));
#3679 = CARTESIAN_POINT('',(3.342550797765,-14.52504972033,
    337.35445394205));
#3680 = CARTESIAN_POINT('',(3.148508844217,-14.70191843727,337.247253333
    ));
#3681 = CARTESIAN_POINT('',(2.942342430182,-14.86673190793,
    337.13771004265));
#3682 = CARTESIAN_POINT('',(2.542042811807,-15.14600853716,
    336.93204645007));
#3683 = CARTESIAN_POINT('',(2.351159536275,-15.26431684685,
    336.83654101483));
#3684 = CARTESIAN_POINT('',(2.152929783391,-15.37260747953,
    336.73966809975));
#3685 = CARTESIAN_POINT('',(1.948019765911,-15.47024221994,
    336.64156960139));
#3686 = CARTESIAN_POINT('',(1.737184932354,-15.55663873086,
    336.54239327997));
#3687 = CARTESIAN_POINT('',(1.521273005186,-15.63128973781,
    336.44229822649));
#3688 = CARTESIAN_POINT('',(0.85613649663,-15.82020909874,
    336.13750014608));
#3689 = CARTESIAN_POINT('',(0.393491135392,-15.89709457396,
    335.93021361233));
#3690 = CARTESIAN_POINT('',(-7.804572924628E-02,-15.92056790346,
    335.72149366647));
#3691 = CARTESIAN_POINT('',(-0.54957991451,-15.88950710192,
    335.51284141373));
#3692 = CARTESIAN_POINT('',(-1.012452476387,-15.80482687799,
    335.30565074013));
#3693 = CARTESIAN_POINT('',(-1.458442597854,-15.66937066891,
    335.10135037979));
#3694 = CARTESIAN_POINT('',(-2.006980072136,-15.43366642839,
    334.84155645249));
#3695 = CARTESIAN_POINT('',(-2.131615715146,-15.37503385345,
    334.78190164688));
#3696 = CARTESIAN_POINT('',(-2.253921899588,-15.31236939574,
    334.72267399074));
#3697 = CARTESIAN_POINT('',(-2.373731189773,-15.24580496844,
    334.66390709309));
#3698 = CARTESIAN_POINT('',(-2.490889460616,-15.1754805677,
    334.60563302256));
#3699 = CARTESIAN_POINT('',(-2.605255431696,-15.10154263178,
    334.5478827424));
#3700 = CARTESIAN_POINT('',(-2.935603879103,-14.87211018326,
    334.37833979373));
#3701 = CARTESIAN_POINT('',(-3.14323504129,-14.70672093659,
    334.26813176621));
#3702 = CARTESIAN_POINT('',(-3.338624591285,-14.52911764951,
    334.16028788444));
#3703 = CARTESIAN_POINT('',(-3.521007278513,-14.34049747049,
    334.05501220485));
#3704 = CARTESIAN_POINT('',(-3.689792907006,-14.14206986868,
    333.95250071343));
#3705 = CARTESIAN_POINT('',(-3.844540364939,-13.93502432729,
    333.85295098042));
#3706 = CARTESIAN_POINT('',(-3.984934475119,-13.72050756881,
    333.75656817542));
#3707 = PCURVE('',#3152,#3708);
#3708 = DEFINITIONAL_REPRESENTATION('',(#3709),#3742);
#3709 = B_SPLINE_CURVE_WITH_KNOTS('',7,(#3710,#3711,#3712,#3713,#3714,
    #3715,#3716,#3717,#3718,#3719,#3720,#3721,#3722,#3723,#3724,#3725,
    #3726,#3727,#3728,#3729,#3730,#3731,#3732,#3733,#3734,#3735,#3736,
    #3737,#3738,#3739,#3740,#3741),.UNSPECIFIED.,.F.,.F.,(8,6,6,6,6,8),(
    0.,0.19755832089,0.3638623713,0.700250477922,0.801372540681,1.),
  .UNSPECIFIED.);
#3710 = CARTESIAN_POINT('',(0.,35.688427858293));
#3711 = CARTESIAN_POINT('',(0.165933518197,35.591617231997));
#3712 = CARTESIAN_POINT('',(0.323870952108,35.491643162538));
#3713 = CARTESIAN_POINT('',(0.47332510944,35.388709451565));
#3714 = CARTESIAN_POINT('',(0.613787755694,35.283012389729));
#3715 = CARTESIAN_POINT('',(0.744739824574,35.174746693897));
#3716 = CARTESIAN_POINT('',(0.865664214547,35.064114986703));
#3717 = CARTESIAN_POINT('',(1.068993025926,34.856407834186));
#3718 = CARTESIAN_POINT('',(1.154468237439,34.759953380401));
#3719 = CARTESIAN_POINT('',(1.232180902192,34.662117823048));
#3720 = CARTESIAN_POINT('',(1.301847150645,34.563044469868));
#3721 = CARTESIAN_POINT('',(1.363207015889,34.462882551185));
#3722 = CARTESIAN_POINT('',(1.416031953275,34.361792741121));
#3723 = CARTESIAN_POINT('',(1.549352635779,34.05396546082));
#3724 = CARTESIAN_POINT('',(1.603022988032,33.844618726508));
#3725 = CARTESIAN_POINT('',(1.619260324407,33.633824244915));
#3726 = CARTESIAN_POINT('',(1.59767916507,33.423098064569));
#3727 = CARTESIAN_POINT('',(1.538683057713,33.21384794512));
#3728 = CARTESIAN_POINT('',(1.44345239704,33.007516837186));
#3729 = CARTESIAN_POINT('',(1.275573043567,32.745140530835));
#3730 = CARTESIAN_POINT('',(1.233699532127,32.6848927484));
#3731 = CARTESIAN_POINT('',(1.188809543018,32.62507635991));
#3732 = CARTESIAN_POINT('',(1.140962095915,32.565725308765));
#3733 = CARTESIAN_POINT('',(1.090219621252,32.506871982659));
#3734 = CARTESIAN_POINT('',(1.036647300683,32.448547652899));
#3735 = CARTESIAN_POINT('',(0.869657458538,32.277319411561));
#3736 = CARTESIAN_POINT('',(0.748344806514,32.166015891626));
#3737 = CARTESIAN_POINT('',(0.616882044416,32.05710001812));
#3738 = CARTESIAN_POINT('',(0.475794842467,31.950777877636));
#3739 = CARTESIAN_POINT('',(0.325611070229,31.84724740598));
#3740 = CARTESIAN_POINT('',(0.166847629777,31.746708138998));
#3741 = CARTESIAN_POINT('',(0.,31.649367287409));
#3742 = ( GEOMETRIC_REPRESENTATION_CONTEXT(2) 
PARAMETRIC_REPRESENTATION_CONTEXT() REPRESENTATION_CONTEXT('2D SPACE',''
  ) );
#3743 = PCURVE('',#3744,#3749);
#3744 = CYLINDRICAL_SURFACE('',#3745,4.7625);
#3745 = AXIS2_PLACEMENT_3D('',#3746,#3747,#3748);
#3746 = CARTESIAN_POINT('',(-1.233735336115E-15,-11.1125,304.8));
#3747 = DIRECTION('',(0.,-0.,-1.));
#3748 = DIRECTION('',(1.110223024625E-16,1.,0.));
#3749 = DEFINITIONAL_REPRESENTATION('',(#3750),#3783);
#3750 = B_SPLINE_CURVE_WITH_KNOTS('',7,(#3751,#3752,#3753,#3754,#3755,
    #3756,#3757,#3758,#3759,#3760,#3761,#3762,#3763,#3764,#3765,#3766,
    #3767,#3768,#3769,#3770,#3771,#3772,#3773,#3774,#3775,#3776,#3777,
    #3778,#3779,#3780,#3781,#3782),.UNSPECIFIED.,.F.,.F.,(8,6,6,6,6,8),(
    0.,0.19755832089,0.3638623713,0.700250477922,0.801372540681,1.),
  .UNSPECIFIED.);
#3751 = CARTESIAN_POINT('',(-4.132863292851,-32.95588155648));
#3752 = CARTESIAN_POINT('',(-4.079325368035,-32.86002312991));
#3753 = CARTESIAN_POINT('',(-4.025453439804,-32.76103242385));
#3754 = CARTESIAN_POINT('',(-3.971230583593,-32.65911124012));
#3755 = CARTESIAN_POINT('',(-3.916647584795,-32.55445394205));
#3756 = CARTESIAN_POINT('',(-3.861701562647,-32.447253333));
#3757 = CARTESIAN_POINT('',(-3.80639746956,-32.33771004265));
#3758 = CARTESIAN_POINT('',(-3.703910655014,-32.13204645007));
#3759 = CARTESIAN_POINT('',(-3.656825646702,-32.03654101483));
#3760 = CARTESIAN_POINT('',(-3.60951116497,-31.93966809975));
#3761 = CARTESIAN_POINT('',(-3.561983028311,-31.84156960139));
#3762 = CARTESIAN_POINT('',(-3.514260113388,-31.74239327997));
#3763 = CARTESIAN_POINT('',(-3.466366577403,-31.64229822649));
#3764 = CARTESIAN_POINT('',(-3.321181137102,-31.33750014608));
#3765 = CARTESIAN_POINT('',(-3.223323132179,-31.13021361233));
#3766 = CARTESIAN_POINT('',(-3.125235385605,-30.92149366647));
#3767 = CARTESIAN_POINT('',(-3.027184474556,-30.71284141373));
#3768 = CARTESIAN_POINT('',(-2.929406193008,-30.50565074013));
#3769 = CARTESIAN_POINT('',(-2.832137977745,-30.30135037979));
#3770 = CARTESIAN_POINT('',(-2.706776463522,-30.04155645249));
#3771 = CARTESIAN_POINT('',(-2.677871646115,-29.98190164688));
#3772 = CARTESIAN_POINT('',(-2.649042243931,-29.92267399074));
#3773 = CARTESIAN_POINT('',(-2.620292660461,-29.86390709309));
#3774 = CARTESIAN_POINT('',(-2.591626535643,-29.80563302256));
#3775 = CARTESIAN_POINT('',(-2.563046908016,-29.7478827424));
#3776 = CARTESIAN_POINT('',(-2.478594288472,-29.57833979373));
#3777 = CARTESIAN_POINT('',(-2.422976416446,-29.46813176621));
#3778 = CARTESIAN_POINT('',(-2.367720458698,-29.36028788444));
#3779 = CARTESIAN_POINT('',(-2.312831580158,-29.25501220485));
#3780 = CARTESIAN_POINT('',(-2.258306937614,-29.15250071343));
#3781 = CARTESIAN_POINT('',(-2.204137232438,-29.05295098042));
#3782 = CARTESIAN_POINT('',(-2.150305291205,-28.95656817542));
#3783 = ( GEOMETRIC_REPRESENTATION_CONTEXT(2) 
PARAMETRIC_REPRESENTATION_CONTEXT() REPRESENTATION_CONTEXT('2D SPACE',''
  ) );
#3784 = ADVANCED_FACE('',(#3785),#3242,.F.);
#3785 = FACE_BOUND('',#3786,.F.);
#3786 = EDGE_LOOP('',(#3787,#3933,#3952,#3953));
#3787 = ORIENTED_EDGE('',*,*,#3788,.F.);
#3788 = EDGE_CURVE('',#3789,#3791,#3793,.T.);
#3789 = VERTEX_POINT('',#3790);
#3790 = CARTESIAN_POINT('',(14.2875,8.881784197001E-15,307.18125));
#3791 = VERTEX_POINT('',#3792);
#3792 = CARTESIAN_POINT('',(-3.984941534769,-13.72049678191,
    338.51906411935));
#3793 = SURFACE_CURVE('',#3794,(#3836,#3843),.PCURVE_S1.);
#3794 = B_SPLINE_CURVE_WITH_KNOTS('',10,(#3795,#3796,#3797,#3798,#3799,
    #3800,#3801,#3802,#3803,#3804,#3805,#3806,#3807,#3808,#3809,#3810,
    #3811,#3812,#3813,#3814,#3815,#3816,#3817,#3818,#3819,#3820,#3821,
    #3822,#3823,#3824,#3825,#3826,#3827,#3828,#3829,#3830,#3831,#3832,
    #3833,#3834,#3835),.UNSPECIFIED.,.F.,.F.,(11,10,10,10,11),(0.,
    38.478754549872,76.957509099745,115.43626364961,153.91501819948),
  .PIECEWISE_BEZIER_KNOTS.);
#3795 = CARTESIAN_POINT('',(14.2875,-1.50990331349E-14,307.18125));
#3796 = CARTESIAN_POINT('',(14.287457339851,7.694687248858,
    310.99108993858));
#3797 = CARTESIAN_POINT('',(9.683950991123,15.39043927193,314.8016983));
#3798 = CARTESIAN_POINT('',(0.468560105088,19.977298933717,
    318.61045447391));
#3799 = CARTESIAN_POINT('',(-10.93555057724,18.40098269984,
    322.42192465716));
#3800 = CARTESIAN_POINT('',(-19.88137725103,9.574070812425,
    326.23114539503));
#3801 = CARTESIAN_POINT('',(-21.20473965864,-2.922559380662,
    330.04071523736));
#3802 = CARTESIAN_POINT('',(-15.32653105746,-12.8223699493,
    333.85187831218));
#3803 = CARTESIAN_POINT('',(-5.995021850733,-17.16682828649,
    337.66087062887));
#3804 = CARTESIAN_POINT('',(2.892198390382,-15.96797853072,
    341.47132236688));
#3805 = CARTESIAN_POINT('',(8.908110544056,-11.17041730576,
    345.28125000001));
#3806 = CARTESIAN_POINT('',(14.924032684788,-6.372824924552,
    349.09108993855));
#3807 = CARTESIAN_POINT('',(18.070574636489,2.02456417264,
    352.90169830005));
#3808 = CARTESIAN_POINT('',(15.911023688089,12.089307112228,
    356.7104544739));
#3809 = CARTESIAN_POINT('',(7.568263320551,20.02258277704,
    360.52192465706));
#3810 = CARTESIAN_POINT('',(-4.910525986524,21.51322216336,
    364.33114539529));
#3811 = CARTESIAN_POINT('',(-15.50588786127,14.756347073642,
    368.140715237));
#3812 = CARTESIAN_POINT('',(-19.58086831854,3.988147598588,
    371.95187831252));
#3813 = CARTESIAN_POINT('',(-17.15940179426,-6.01624554584,
    375.76087062863));
#3814 = CARTESIAN_POINT('',(-10.68101212538,-12.21708352537,
    379.57132236701));
#3815 = CARTESIAN_POINT('',(-3.179267843888,-13.92928254529,
    383.38124999996));
#3816 = CARTESIAN_POINT('',(4.322507023246,-15.64146994786,
    387.19108993873));
#3817 = CARTESIAN_POINT('',(12.849687008144,-12.86584904219,
    391.00169829964));
#3818 = CARTESIAN_POINT('',(19.372161908031,-4.902179541683,
    394.81045447454));
#3819 = CARTESIAN_POINT('',(20.37302057378,6.566769636785,
    398.62192465632));
#3820 = CARTESIAN_POINT('',(13.758051502098,17.252478435676,
    402.43114539589));
#3821 = CARTESIAN_POINT('',(1.86921375822,21.323423206717,
    406.24071523671));
#3822 = CARTESIAN_POINT('',(-9.090412358843,17.795508661473,
    410.05187831252));
#3823 = CARTESIAN_POINT('',(-15.40240219877,9.664692799813,
    413.86087062878));
#3824 = CARTESIAN_POINT('',(-16.21120265772,0.73352455769,
    417.67132236685));
#3825 = CARTESIAN_POINT('',(-12.87259270017,-6.199113922634,
    421.48125000005));
#3826 = CARTESIAN_POINT('',(-9.53395491508,-13.13176792832,
    425.29109283356));
#3827 = CARTESIAN_POINT('',(-2.047275628908,-18.06802041772,
    429.10168588999));
#3828 = CARTESIAN_POINT('',(8.245663490041,-18.20221234694,
    432.9104865245));
#3829 = CARTESIAN_POINT('',(17.83648462033,-11.83397896469,
    436.72186396608));
#3830 = CARTESIAN_POINT('',(22.066525469375,3.021811780677E-04,
    440.531235524));
#3831 = CARTESIAN_POINT('',(17.836771445682,11.833484000451,
    444.34060708211));
#3832 = CARTESIAN_POINT('',(8.245297583011,18.202530717654,
    448.15198452305));
#3833 = CARTESIAN_POINT('',(-2.047069991592,18.067886563062,
    451.96078515854));
#3834 = CARTESIAN_POINT('',(-9.534033216129,13.131795760075,
    455.7713782141));
#3835 = CARTESIAN_POINT('',(-12.87258944683,6.199102480005,
    459.58122104809));
#3836 = PCURVE('',#3242,#3837);
#3837 = DEFINITIONAL_REPRESENTATION('',(#3838),#3842);
#3838 = LINE('',#3839,#3840);
#3839 = CARTESIAN_POINT('',(0.,0.));
#3840 = VECTOR('',#3841,1.);
#3841 = DIRECTION('',(0.,1.));
#3842 = ( GEOMETRIC_REPRESENTATION_CONTEXT(2) 
PARAMETRIC_REPRESENTATION_CONTEXT() REPRESENTATION_CONTEXT('2D SPACE',''
  ) );
#3843 = PCURVE('',#3844,#3927);
#3844 = B_SPLINE_SURFACE_WITH_KNOTS('',1,10,(
    (#3845,#3846,#3847,#3848,#3849,#3850,#3851,#3852,#3853,#3854,#3855
      ,#3856,#3857,#3858,#3859,#3860,#3861,#3862,#3863,#3864,#3865,#3866
      ,#3867,#3868,#3869,#3870,#3871,#3872,#3873,#3874,#3875,#3876,#3877
      ,#3878,#3879,#3880,#3881,#3882,#3883,#3884,#3885)
    ,(#3886,#3887,#3888,#3889,#3890,#3891,#3892,#3893,#3894,#3895,#3896
      ,#3897,#3898,#3899,#3900,#3901,#3902,#3903,#3904,#3905,#3906,#3907
      ,#3908,#3909,#3910,#3911,#3912,#3913,#3914,#3915,#3916,#3917,#3918
      ,#3919,#3920,#3921,#3922,#3923,#3924,#3925,#3926
  )),.UNSPECIFIED.,.F.,.F.,.F.,(2,2),(11,10,10,10,11),(0.,17.4625),(0.,
    38.478754549872,76.957509099745,115.43626364961,153.91501819948),
  .PIECEWISE_BEZIER_KNOTS.);
#3845 = CARTESIAN_POINT('',(31.75,-1.7763568394E-14,307.18125));
#3846 = CARTESIAN_POINT('',(31.749955948509,17.099207754429,
    310.99141006141));
#3847 = CARTESIAN_POINT('',(21.519800830073,34.201165569741,
    314.80080169978));
#3848 = CARTESIAN_POINT('',(1.041410853518,44.393805214653,
    318.61204552696));
#3849 = CARTESIAN_POINT('',(-24.30127146159,40.891073881756,
    322.42057534075));
#3850 = CARTESIAN_POINT('',(-44.18090873599,21.276068273483,
    326.23135460806));
#3851 = CARTESIAN_POINT('',(-47.12154331892,-6.49505532828,
    330.04178475947));
#3852 = CARTESIAN_POINT('',(-34.05902477037,-28.49372668294,
    333.85062168997));
#3853 = CARTESIAN_POINT('',(-13.32228851706,-38.14871647095,
    337.66162937017));
#3854 = CARTESIAN_POINT('',(6.427091252257,-35.4843591176,
    341.47117763332));
#3855 = CARTESIAN_POINT('',(19.795801209019,-24.82314956836,
    345.28124999998));
#3856 = CARTESIAN_POINT('',(33.164472691015,-14.16193347277,
    349.09141006144));
#3857 = CARTESIAN_POINT('',(40.156924335145,4.49922015903,
    352.90080169975));
#3858 = CARTESIAN_POINT('',(35.35778359003,26.864877025562,
    356.71204552692));
#3859 = CARTESIAN_POINT('',(16.818333984222,44.494666645034,
    360.52057534092));
#3860 = CARTESIAN_POINT('',(-10.91204603441,47.807436965956,
    364.33135460775));
#3861 = CARTESIAN_POINT('',(-34.45784044322,32.791505309617,
    368.14178475985));
#3862 = CARTESIAN_POINT('',(-43.51274717911,8.86286982377,
    371.95062168962));
#3863 = CARTESIAN_POINT('',(-38.13217858057,-13.36955109239,
    375.76162937041));
#3864 = CARTESIAN_POINT('',(-23.73556324192,-27.14903831706,
    379.57117763319));
#3865 = CARTESIAN_POINT('',(-7.065039653122,-30.95396121176,
    383.38125000003));
#3866 = CARTESIAN_POINT('',(9.605465065286,-34.75884994422,
    387.19141006128));
#3867 = CARTESIAN_POINT('',(28.55506476377,-28.59072979867,
    391.00080170006));
#3868 = CARTESIAN_POINT('',(43.049024116055,-10.89385150762,
    394.8120455265));
#3869 = CARTESIAN_POINT('',(45.273390908285,14.592867899097,
    398.62057534132));
#3870 = CARTESIAN_POINT('',(30.573809896356,38.338830528832,
    402.43135460752));
#3871 = CARTESIAN_POINT('',(4.153319098026,47.385393624669,
    406.24178475986));
#3872 = CARTESIAN_POINT('',(-20.2004834637,39.545544583614,
    410.05062168979));
#3873 = CARTESIAN_POINT('',(-34.2277604182,21.477158947791,
    413.86162937019));
#3874 = CARTESIAN_POINT('',(-36.02485449769,1.630062075745,
    417.67117763337));
#3875 = CARTESIAN_POINT('',(-28.6057615559,-13.775808717,421.48124999994
    ));
#3876 = CARTESIAN_POINT('',(-21.18665476788,-29.18164391528,
    425.29140716641));
#3877 = CARTESIAN_POINT('',(-4.549336287445,-40.15127510587,
    429.10081410986));
#3878 = CARTESIAN_POINT('',(18.323459292988,-40.44929274306,
    432.91201347617));
#3879 = CARTESIAN_POINT('',(39.636684075891,-26.29764839236,
    436.72063603215));
#3880 = CARTESIAN_POINT('',(49.036929217844,2.884432922485E-04,
    440.53126447873));
#3881 = CARTESIAN_POINT('',(39.636985644549,26.29713120362,
    444.34189291501));
#3882 = CARTESIAN_POINT('',(18.323116053452,40.449600848761,
    448.15051547896));
#3883 = CARTESIAN_POINT('',(-4.549108142802,40.1511437987,
    451.96171484052));
#3884 = CARTESIAN_POINT('',(-21.18671671345,29.181683622836,
    455.77112178613));
#3885 = CARTESIAN_POINT('',(-28.60575058118,13.775813307748,
    459.58127895188));
#3886 = CARTESIAN_POINT('',(14.2875,-1.50990331349E-14,307.18125));
#3887 = CARTESIAN_POINT('',(14.287457339851,7.694687248858,
    310.99108993858));
#3888 = CARTESIAN_POINT('',(9.683950991123,15.39043927193,314.8016983));
#3889 = CARTESIAN_POINT('',(0.468560105088,19.977298933717,
    318.61045447391));
#3890 = CARTESIAN_POINT('',(-10.93555057724,18.40098269984,
    322.42192465716));
#3891 = CARTESIAN_POINT('',(-19.88137725103,9.574070812425,
    326.23114539503));
#3892 = CARTESIAN_POINT('',(-21.20473965864,-2.922559380662,
    330.04071523736));
#3893 = CARTESIAN_POINT('',(-15.32653105746,-12.8223699493,
    333.85187831218));
#3894 = CARTESIAN_POINT('',(-5.995021850733,-17.16682828649,
    337.66087062887));
#3895 = CARTESIAN_POINT('',(2.892198390382,-15.96797853072,
    341.47132236688));
#3896 = CARTESIAN_POINT('',(8.908110544056,-11.17041730576,
    345.28125000001));
#3897 = CARTESIAN_POINT('',(14.924032684788,-6.372824924552,
    349.09108993855));
#3898 = CARTESIAN_POINT('',(18.070574636489,2.02456417264,
    352.90169830005));
#3899 = CARTESIAN_POINT('',(15.911023688089,12.089307112228,
    356.7104544739));
#3900 = CARTESIAN_POINT('',(7.568263320551,20.02258277704,
    360.52192465706));
#3901 = CARTESIAN_POINT('',(-4.910525986524,21.51322216336,
    364.33114539529));
#3902 = CARTESIAN_POINT('',(-15.50588786127,14.756347073642,
    368.140715237));
#3903 = CARTESIAN_POINT('',(-19.58086831854,3.988147598588,
    371.95187831252));
#3904 = CARTESIAN_POINT('',(-17.15940179426,-6.01624554584,
    375.76087062863));
#3905 = CARTESIAN_POINT('',(-10.68101212538,-12.21708352537,
    379.57132236701));
#3906 = CARTESIAN_POINT('',(-3.179267843888,-13.92928254529,
    383.38124999996));
#3907 = CARTESIAN_POINT('',(4.322507023246,-15.64146994786,
    387.19108993873));
#3908 = CARTESIAN_POINT('',(12.849687008144,-12.86584904219,
    391.00169829964));
#3909 = CARTESIAN_POINT('',(19.372161908031,-4.902179541683,
    394.81045447454));
#3910 = CARTESIAN_POINT('',(20.37302057378,6.566769636785,
    398.62192465632));
#3911 = CARTESIAN_POINT('',(13.758051502098,17.252478435676,
    402.43114539589));
#3912 = CARTESIAN_POINT('',(1.86921375822,21.323423206717,
    406.24071523671));
#3913 = CARTESIAN_POINT('',(-9.090412358843,17.795508661473,
    410.05187831252));
#3914 = CARTESIAN_POINT('',(-15.40240219877,9.664692799813,
    413.86087062878));
#3915 = CARTESIAN_POINT('',(-16.21120265772,0.73352455769,
    417.67132236685));
#3916 = CARTESIAN_POINT('',(-12.87259270017,-6.199113922634,
    421.48125000005));
#3917 = CARTESIAN_POINT('',(-9.53395491508,-13.13176792832,
    425.29109283356));
#3918 = CARTESIAN_POINT('',(-2.047275628908,-18.06802041772,
    429.10168588999));
#3919 = CARTESIAN_POINT('',(8.245663490041,-18.20221234694,
    432.9104865245));
#3920 = CARTESIAN_POINT('',(17.83648462033,-11.83397896469,
    436.72186396608));
#3921 = CARTESIAN_POINT('',(22.066525469375,3.021811780677E-04,
    440.531235524));
#3922 = CARTESIAN_POINT('',(17.836771445682,11.833484000451,
    444.34060708211));
#3923 = CARTESIAN_POINT('',(8.245297583011,18.202530717654,
    448.15198452305));
#3924 = CARTESIAN_POINT('',(-2.047069991592,18.067886563062,
    451.96078515854));
#3925 = CARTESIAN_POINT('',(-9.534033216129,13.131795760075,
    455.7713782141));
#3926 = CARTESIAN_POINT('',(-12.87258944683,6.199102480005,
    459.58122104809));
#3927 = DEFINITIONAL_REPRESENTATION('',(#3928),#3932);
#3928 = LINE('',#3929,#3930);
#3929 = CARTESIAN_POINT('',(17.4625,0.));
#3930 = VECTOR('',#3931,1.);
#3931 = DIRECTION('',(0.,1.));
#3932 = ( GEOMETRIC_REPRESENTATION_CONTEXT(2) 
PARAMETRIC_REPRESENTATION_CONTEXT() REPRESENTATION_CONTEXT('2D SPACE',''
  ) );
#3933 = ORIENTED_EDGE('',*,*,#3934,.T.);
#3934 = EDGE_CURVE('',#3789,#3104,#3935,.T.);
#3935 = SURFACE_CURVE('',#3936,(#3939,#3946),.PCURVE_S1.);
#3936 = B_SPLINE_CURVE_WITH_KNOTS('',1,(#3937,#3938),.UNSPECIFIED.,.F.,
  .F.,(2,2),(0.,4.7625),.PIECEWISE_BEZIER_KNOTS.);
#3937 = CARTESIAN_POINT('',(14.2875,8.881784197001E-15,307.18125));
#3938 = CARTESIAN_POINT('',(14.2875,1.33226762955E-14,302.41875));
#3939 = PCURVE('',#3242,#3940);
#3940 = DEFINITIONAL_REPRESENTATION('',(#3941),#3945);
#3941 = LINE('',#3942,#3943);
#3942 = CARTESIAN_POINT('',(0.,0.));
#3943 = VECTOR('',#3944,1.);
#3944 = DIRECTION('',(1.,0.));
#3945 = ( GEOMETRIC_REPRESENTATION_CONTEXT(2) 
PARAMETRIC_REPRESENTATION_CONTEXT() REPRESENTATION_CONTEXT('2D SPACE',''
  ) );
#3946 = PCURVE('',#3347,#3947);
#3947 = DEFINITIONAL_REPRESENTATION('',(#3948),#3951);
#3948 = B_SPLINE_CURVE_WITH_KNOTS('',1,(#3949,#3950),.UNSPECIFIED.,.F.,
  .F.,(2,2),(0.,4.7625),.PIECEWISE_BEZIER_KNOTS.);
#3949 = CARTESIAN_POINT('',(-2.38125,-8.73125));
#3950 = CARTESIAN_POINT('',(2.38125,-8.73125));
#3951 = ( GEOMETRIC_REPRESENTATION_CONTEXT(2) 
PARAMETRIC_REPRESENTATION_CONTEXT() REPRESENTATION_CONTEXT('2D SPACE',''
  ) );
#3952 = ORIENTED_EDGE('',*,*,#3103,.T.);
#3953 = ORIENTED_EDGE('',*,*,#3954,.T.);
#3954 = EDGE_CURVE('',#3106,#3791,#3955,.T.);
#3955 = SURFACE_CURVE('',#3956,(#3971,#3989),.PCURVE_S1.);
#3956 = B_SPLINE_CURVE_WITH_KNOTS('',4,(#3957,#3958,#3959,#3960,#3961,
    #3962,#3963,#3964,#3965,#3966,#3967,#3968,#3969,#3970),
  .UNSPECIFIED.,.F.,.F.,(5,3,3,3,5),(0.,0.25,0.5,0.75,1.),
  .UNSPECIFIED.);
#3957 = CARTESIAN_POINT('',(-3.984934475119,-13.72050756881,
    333.75656817542));
#3958 = CARTESIAN_POINT('',(-3.984934916349,-13.72050689463,
    334.05422417191));
#3959 = CARTESIAN_POINT('',(-3.984935357579,-13.72050622045,
    334.35188016841));
#3960 = CARTESIAN_POINT('',(-3.984935798808,-13.72050554627,
    334.64953616491));
#3961 = CARTESIAN_POINT('',(-3.984936681266,-13.7205041979,
    335.2448481579));
#3962 = CARTESIAN_POINT('',(-3.984937122494,-13.72050352372,
    335.54250415439));
#3963 = CARTESIAN_POINT('',(-3.984937563723,-13.72050284954,
    335.84016015089));
#3964 = CARTESIAN_POINT('',(-3.984938446179,-13.72050150118,
    336.43547214388));
#3965 = CARTESIAN_POINT('',(-3.984938887407,-13.720500827,
    336.73312814038));
#3966 = CARTESIAN_POINT('',(-3.984939328634,-13.72050015281,
    337.03078413687));
#3967 = CARTESIAN_POINT('',(-3.984940211089,-13.72049880445,
    337.62609612986));
#3968 = CARTESIAN_POINT('',(-3.984940652316,-13.72049813027,
    337.92375212636));
#3969 = CARTESIAN_POINT('',(-3.984941093543,-13.72049745609,
    338.22140812286));
#3970 = CARTESIAN_POINT('',(-3.984941534769,-13.72049678191,
    338.51906411935));
#3971 = PCURVE('',#3242,#3972);
#3972 = DEFINITIONAL_REPRESENTATION('',(#3973),#3988);
#3973 = B_SPLINE_CURVE_WITH_KNOTS('',4,(#3974,#3975,#3976,#3977,#3978,
    #3979,#3980,#3981,#3982,#3983,#3984,#3985,#3986,#3987),
  .UNSPECIFIED.,.F.,.F.,(5,3,3,3,5),(0.,0.25,0.5,0.75,1.),
  .UNSPECIFIED.);
#3974 = CARTESIAN_POINT('',(4.7625,31.649367287409));
#3975 = CARTESIAN_POINT('',(4.46484375,31.649367031384));
#3976 = CARTESIAN_POINT('',(4.1671875,31.64936677536));
#3977 = CARTESIAN_POINT('',(3.86953125,31.649366519335));
#3978 = CARTESIAN_POINT('',(3.27421875,31.649366007286));
#3979 = CARTESIAN_POINT('',(2.9765625,31.649365751262));
#3980 = CARTESIAN_POINT('',(2.67890625,31.649365495237));
#3981 = CARTESIAN_POINT('',(2.08359375,31.649364983189));
#3982 = CARTESIAN_POINT('',(1.7859375,31.649364727165));
#3983 = CARTESIAN_POINT('',(1.48828125,31.649364471141));
#3984 = CARTESIAN_POINT('',(0.89296875,31.649363959093));
#3985 = CARTESIAN_POINT('',(0.5953125,31.649363703069));
#3986 = CARTESIAN_POINT('',(0.29765625,31.649363447045));
#3987 = CARTESIAN_POINT('',(0.,31.649363191022));
#3988 = ( GEOMETRIC_REPRESENTATION_CONTEXT(2) 
PARAMETRIC_REPRESENTATION_CONTEXT() REPRESENTATION_CONTEXT('2D SPACE',''
  ) );
#3989 = PCURVE('',#3744,#3990);
#3990 = DEFINITIONAL_REPRESENTATION('',(#3991),#4006);
#3991 = B_SPLINE_CURVE_WITH_KNOTS('',4,(#3992,#3993,#3994,#3995,#3996,
    #3997,#3998,#3999,#4000,#4001,#4002,#4003,#4004,#4005),
  .UNSPECIFIED.,.F.,.F.,(5,3,3,3,5),(0.,0.25,0.5,0.75,1.),
  .UNSPECIFIED.);
#3992 = CARTESIAN_POINT('',(-2.150305291205,-28.95656817542));
#3993 = CARTESIAN_POINT('',(-2.150305122023,-29.25422417191));
#3994 = CARTESIAN_POINT('',(-2.15030495284,-29.55188016841));
#3995 = CARTESIAN_POINT('',(-2.150304783657,-29.84953616491));
#3996 = CARTESIAN_POINT('',(-2.150304445292,-30.4448481579));
#3997 = CARTESIAN_POINT('',(-2.15030427611,-30.74250415439));
#3998 = CARTESIAN_POINT('',(-2.150304106927,-31.04016015089));
#3999 = CARTESIAN_POINT('',(-2.150303768562,-31.63547214388));
#4000 = CARTESIAN_POINT('',(-2.15030359938,-31.93312814038));
#4001 = CARTESIAN_POINT('',(-2.150303430198,-32.23078413687));
#4002 = CARTESIAN_POINT('',(-2.150303091833,-32.82609612986));
#4003 = CARTESIAN_POINT('',(-2.150302922651,-33.12375212636));
#4004 = CARTESIAN_POINT('',(-2.150302753469,-33.42140812286));
#4005 = CARTESIAN_POINT('',(-2.150302584287,-33.71906411935));
#4006 = ( GEOMETRIC_REPRESENTATION_CONTEXT(2) 
PARAMETRIC_REPRESENTATION_CONTEXT() REPRESENTATION_CONTEXT('2D SPACE',''
  ) );
#4007 = ADVANCED_FACE('',(#4008,#4090),#3744,.T.);
#4008 = FACE_BOUND('',#4009,.F.);
#4009 = EDGE_LOOP('',(#4010,#4039,#4062,#4089));
#4010 = ORIENTED_EDGE('',*,*,#4011,.F.);
#4011 = EDGE_CURVE('',#4012,#4012,#4014,.T.);
#4012 = VERTEX_POINT('',#4013);
#4013 = CARTESIAN_POINT('',(-7.04991620637E-16,-6.35,304.8));
#4014 = SURFACE_CURVE('',#4015,(#4020,#4027),.PCURVE_S1.);
#4015 = CIRCLE('',#4016,4.7625);
#4016 = AXIS2_PLACEMENT_3D('',#4017,#4018,#4019);
#4017 = CARTESIAN_POINT('',(-1.233735336115E-15,-11.1125,304.8));
#4018 = DIRECTION('',(0.,-0.,1.));
#4019 = DIRECTION('',(1.110223024625E-16,1.,0.));
#4020 = PCURVE('',#3744,#4021);
#4021 = DEFINITIONAL_REPRESENTATION('',(#4022),#4026);
#4022 = LINE('',#4023,#4024);
#4023 = CARTESIAN_POINT('',(-0.,0.));
#4024 = VECTOR('',#4025,1.);
#4025 = DIRECTION('',(-1.,0.));
#4026 = ( GEOMETRIC_REPRESENTATION_CONTEXT(2) 
PARAMETRIC_REPRESENTATION_CONTEXT() REPRESENTATION_CONTEXT('2D SPACE',''
  ) );
#4027 = PCURVE('',#4028,#4033);
#4028 = PLANE('',#4029);
#4029 = AXIS2_PLACEMENT_3D('',#4030,#4031,#4032);
#4030 = CARTESIAN_POINT('',(-1.900702267799E-15,-11.1125,304.8));
#4031 = DIRECTION('',(0.,0.,1.));
#4032 = DIRECTION('',(1.110223024625E-16,1.,0.));
#4033 = DEFINITIONAL_REPRESENTATION('',(#4034),#4038);
#4034 = CIRCLE('',#4035,4.7625);
#4035 = AXIS2_PLACEMENT_2D('',#4036,#4037);
#4036 = CARTESIAN_POINT('',(7.40482044219E-32,-6.669669316838E-16));
#4037 = DIRECTION('',(1.,0.));
#4038 = ( GEOMETRIC_REPRESENTATION_CONTEXT(2) 
PARAMETRIC_REPRESENTATION_CONTEXT() REPRESENTATION_CONTEXT('2D SPACE',''
  ) );
#4039 = ORIENTED_EDGE('',*,*,#4040,.T.);
#4040 = EDGE_CURVE('',#4012,#4041,#4043,.T.);
#4041 = VERTEX_POINT('',#4042);
#4042 = CARTESIAN_POINT('',(-7.04991620637E-16,-6.35,355.6));
#4043 = SEAM_CURVE('',#4044,(#4048,#4055),.PCURVE_S1.);
#4044 = LINE('',#4045,#4046);
#4045 = CARTESIAN_POINT('',(-7.04991620637E-16,-6.35,304.8));
#4046 = VECTOR('',#4047,1.);
#4047 = DIRECTION('',(0.,0.,1.));
#4048 = PCURVE('',#3744,#4049);
#4049 = DEFINITIONAL_REPRESENTATION('',(#4050),#4054);
#4050 = LINE('',#4051,#4052);
#4051 = CARTESIAN_POINT('',(-6.28318530718,0.));
#4052 = VECTOR('',#4053,1.);
#4053 = DIRECTION('',(-0.,-1.));
#4054 = ( GEOMETRIC_REPRESENTATION_CONTEXT(2) 
PARAMETRIC_REPRESENTATION_CONTEXT() REPRESENTATION_CONTEXT('2D SPACE',''
  ) );
#4055 = PCURVE('',#3744,#4056);
#4056 = DEFINITIONAL_REPRESENTATION('',(#4057),#4061);
#4057 = LINE('',#4058,#4059);
#4058 = CARTESIAN_POINT('',(-0.,0.));
#4059 = VECTOR('',#4060,1.);
#4060 = DIRECTION('',(-0.,-1.));
#4061 = ( GEOMETRIC_REPRESENTATION_CONTEXT(2) 
PARAMETRIC_REPRESENTATION_CONTEXT() REPRESENTATION_CONTEXT('2D SPACE',''
  ) );
#4062 = ORIENTED_EDGE('',*,*,#4063,.T.);
#4063 = EDGE_CURVE('',#4041,#4041,#4064,.T.);
#4064 = SURFACE_CURVE('',#4065,(#4070,#4077),.PCURVE_S1.);
#4065 = CIRCLE('',#4066,4.7625);
#4066 = AXIS2_PLACEMENT_3D('',#4067,#4068,#4069);
#4067 = CARTESIAN_POINT('',(-1.233735336115E-15,-11.1125,355.6));
#4068 = DIRECTION('',(0.,-0.,1.));
#4069 = DIRECTION('',(1.110223024625E-16,1.,0.));
#4070 = PCURVE('',#3744,#4071);
#4071 = DEFINITIONAL_REPRESENTATION('',(#4072),#4076);
#4072 = LINE('',#4073,#4074);
#4073 = CARTESIAN_POINT('',(-0.,-50.8));
#4074 = VECTOR('',#4075,1.);
#4075 = DIRECTION('',(-1.,0.));
#4076 = ( GEOMETRIC_REPRESENTATION_CONTEXT(2) 
PARAMETRIC_REPRESENTATION_CONTEXT() REPRESENTATION_CONTEXT('2D SPACE',''
  ) );
#4077 = PCURVE('',#4078,#4083);
#4078 = PLANE('',#4079);
#4079 = AXIS2_PLACEMENT_3D('',#4080,#4081,#4082);
#4080 = CARTESIAN_POINT('',(-1.900702267799E-15,-11.1125,355.6));
#4081 = DIRECTION('',(0.,0.,1.));
#4082 = DIRECTION('',(1.110223024625E-16,1.,0.));
#4083 = DEFINITIONAL_REPRESENTATION('',(#4084),#4088);
#4084 = CIRCLE('',#4085,4.7625);
#4085 = AXIS2_PLACEMENT_2D('',#4086,#4087);
#4086 = CARTESIAN_POINT('',(7.40482044219E-32,-6.669669316838E-16));
#4087 = DIRECTION('',(1.,0.));
#4088 = ( GEOMETRIC_REPRESENTATION_CONTEXT(2) 
PARAMETRIC_REPRESENTATION_CONTEXT() REPRESENTATION_CONTEXT('2D SPACE',''
  ) );
#4089 = ORIENTED_EDGE('',*,*,#4040,.F.);
#4090 = FACE_BOUND('',#4091,.F.);
#4091 = EDGE_LOOP('',(#4092,#4093,#4149,#4257));
#4092 = ORIENTED_EDGE('',*,*,#3672,.F.);
#4093 = ORIENTED_EDGE('',*,*,#4094,.T.);
#4094 = EDGE_CURVE('',#3529,#4095,#4097,.T.);
#4095 = VERTEX_POINT('',#4096);
#4096 = CARTESIAN_POINT('',(3.98489492548,-13.72056799813,
    342.51838326291));
#4097 = SURFACE_CURVE('',#4098,(#4113,#4131),.PCURVE_S1.);
#4098 = B_SPLINE_CURVE_WITH_KNOTS('',4,(#4099,#4100,#4101,#4102,#4103,
    #4104,#4105,#4106,#4107,#4108,#4109,#4110,#4111,#4112),
  .UNSPECIFIED.,.F.,.F.,(5,3,3,3,5),(0.,0.25,0.5,0.75,1.),
  .UNSPECIFIED.);
#4099 = CARTESIAN_POINT('',(3.98489086053,-13.720574209,337.75588155648)
  );
#4100 = CARTESIAN_POINT('',(3.98489111459,-13.72057382082,
    338.05353791313));
#4101 = CARTESIAN_POINT('',(3.98489136865,-13.72057343264,
    338.35119426979));
#4102 = CARTESIAN_POINT('',(3.98489162271,-13.72057304446,
    338.64885062644));
#4103 = CARTESIAN_POINT('',(3.98489213083,-13.7205722681,339.24416333974
    ));
#4104 = CARTESIAN_POINT('',(3.98489238489,-13.72057187992,
    339.54181969639));
#4105 = CARTESIAN_POINT('',(3.984892638949,-13.72057149174,
    339.83947605305));
#4106 = CARTESIAN_POINT('',(3.984893147068,-13.72057071538,
    340.43478876635));
#4107 = CARTESIAN_POINT('',(3.984893401127,-13.7205703272,340.732445123)
  );
#4108 = CARTESIAN_POINT('',(3.984893655187,-13.72056993902,
    341.03010147965));
#4109 = CARTESIAN_POINT('',(3.984894163304,-13.72056916266,
    341.62541419296));
#4110 = CARTESIAN_POINT('',(3.984894417363,-13.72056877449,
    341.92307054961));
#4111 = CARTESIAN_POINT('',(3.984894671422,-13.72056838631,
    342.22072690626));
#4112 = CARTESIAN_POINT('',(3.98489492548,-13.72056799813,
    342.51838326291));
#4113 = PCURVE('',#3744,#4114);
#4114 = DEFINITIONAL_REPRESENTATION('',(#4115),#4130);
#4115 = B_SPLINE_CURVE_WITH_KNOTS('',4,(#4116,#4117,#4118,#4119,#4120,
    #4121,#4122,#4123,#4124,#4125,#4126,#4127,#4128,#4129),
  .UNSPECIFIED.,.F.,.F.,(5,3,3,3,5),(0.,0.25,0.5,0.75,1.),
  .UNSPECIFIED.);
#4116 = CARTESIAN_POINT('',(-4.132863292851,-32.95588155648));
#4117 = CARTESIAN_POINT('',(-4.132863390264,-33.25353791313));
#4118 = CARTESIAN_POINT('',(-4.132863487677,-33.55119426979));
#4119 = CARTESIAN_POINT('',(-4.13286358509,-33.84885062644));
#4120 = CARTESIAN_POINT('',(-4.132863779916,-34.44416333974));
#4121 = CARTESIAN_POINT('',(-4.132863877328,-34.74181969639));
#4122 = CARTESIAN_POINT('',(-4.132863974741,-35.03947605305));
#4123 = CARTESIAN_POINT('',(-4.132864169567,-35.63478876635));
#4124 = CARTESIAN_POINT('',(-4.132864266979,-35.932445123));
#4125 = CARTESIAN_POINT('',(-4.132864364392,-36.23010147965));
#4126 = CARTESIAN_POINT('',(-4.132864559217,-36.82541419296));
#4127 = CARTESIAN_POINT('',(-4.13286465663,-37.12307054961));
#4128 = CARTESIAN_POINT('',(-4.132864754043,-37.42072690626));
#4129 = CARTESIAN_POINT('',(-4.132864851455,-37.71838326291));
#4130 = ( GEOMETRIC_REPRESENTATION_CONTEXT(2) 
PARAMETRIC_REPRESENTATION_CONTEXT() REPRESENTATION_CONTEXT('2D SPACE',''
  ) );
#4131 = PCURVE('',#3582,#4132);
#4132 = DEFINITIONAL_REPRESENTATION('',(#4133),#4148);
#4133 = B_SPLINE_CURVE_WITH_KNOTS('',4,(#4134,#4135,#4136,#4137,#4138,
    #4139,#4140,#4141,#4142,#4143,#4144,#4145,#4146,#4147),
  .UNSPECIFIED.,.F.,.F.,(5,3,3,3,5),(0.,0.25,0.5,0.75,1.),
  .UNSPECIFIED.);
#4134 = CARTESIAN_POINT('',(4.7625,35.688427858293));
#4135 = CARTESIAN_POINT('',(4.46484375,35.688427966004));
#4136 = CARTESIAN_POINT('',(4.1671875,35.688428073716));
#4137 = CARTESIAN_POINT('',(3.86953125,35.688428181427));
#4138 = CARTESIAN_POINT('',(3.27421875,35.688428396849));
#4139 = CARTESIAN_POINT('',(2.9765625,35.68842850456));
#4140 = CARTESIAN_POINT('',(2.67890625,35.688428612271));
#4141 = CARTESIAN_POINT('',(2.08359375,35.688428827693));
#4142 = CARTESIAN_POINT('',(1.7859375,35.688428935404));
#4143 = CARTESIAN_POINT('',(1.48828125,35.688429043115));
#4144 = CARTESIAN_POINT('',(0.89296875,35.688429258536));
#4145 = CARTESIAN_POINT('',(0.5953125,35.688429366246));
#4146 = CARTESIAN_POINT('',(0.29765625,35.688429473957));
#4147 = CARTESIAN_POINT('',(0.,35.688429581667));
#4148 = ( GEOMETRIC_REPRESENTATION_CONTEXT(2) 
PARAMETRIC_REPRESENTATION_CONTEXT() REPRESENTATION_CONTEXT('2D SPACE',''
  ) );
#4149 = ORIENTED_EDGE('',*,*,#4150,.F.);
#4150 = EDGE_CURVE('',#3791,#4095,#4151,.T.);
#4151 = SURFACE_CURVE('',#4152,(#4185,#4221),.PCURVE_S1.);
#4152 = B_SPLINE_CURVE_WITH_KNOTS('',7,(#4153,#4154,#4155,#4156,#4157,
    #4158,#4159,#4160,#4161,#4162,#4163,#4164,#4165,#4166,#4167,#4168,
    #4169,#4170,#4171,#4172,#4173,#4174,#4175,#4176,#4177,#4178,#4179,
    #4180,#4181,#4182,#4183,#4184),.UNSPECIFIED.,.F.,.F.,(8,6,6,6,6,8),(
    0.,0.197553402722,0.363851971453,0.700103709319,0.801271633613,1.),
  .UNSPECIFIED.);
#4153 = CARTESIAN_POINT('',(-3.984941534769,-13.72049678191,
    338.51906411935));
#4154 = CARTESIAN_POINT('',(-3.84531793192,-13.9338374954,
    338.61491828026));
#4155 = CARTESIAN_POINT('',(-3.691498067797,-14.13978857994,
    338.71390466147));
#4156 = CARTESIAN_POINT('',(-3.523791917954,-14.33722224056,
    338.81582149627));
#4157 = CARTESIAN_POINT('',(-3.342632612449,-14.52496876034,
    338.92047445474));
#4158 = CARTESIAN_POINT('',(-3.148599015444,-14.70183869641,
    339.02767076435));
#4159 = CARTESIAN_POINT('',(-2.94244102744,-14.86665426313,
    339.13720982199));
#4160 = CARTESIAN_POINT('',(-2.542158413991,-15.14593533645,
    339.34286501941));
#4161 = CARTESIAN_POINT('',(-2.351283841769,-15.26424589112,
    339.43836624371));
#4162 = CARTESIAN_POINT('',(-2.153062870317,-15.37253955619,
    339.53523500027));
#4163 = CARTESIAN_POINT('',(-1.948161658637,-15.4701781299,
    339.63332940668));
#4164 = CARTESIAN_POINT('',(-1.737335598911,-15.55657928675,
    339.73250171586));
#4165 = CARTESIAN_POINT('',(-1.521432354067,-15.63123576087,
    339.83259284887));
#4166 = CARTESIAN_POINT('',(-0.856487385565,-15.82012705078,
    340.13730342787));
#4167 = CARTESIAN_POINT('',(-0.394038077744,-15.89701828039,
    340.34450394744));
#4168 = CARTESIAN_POINT('',(7.730066640633E-02,-15.92054228179,
    340.55313812591));
#4169 = CARTESIAN_POINT('',(0.548645682542,-15.88957705074,
    340.76170659814));
#4170 = CARTESIAN_POINT('',(1.01134819335,-15.80503425793,
    340.96881702087));
#4171 = CARTESIAN_POINT('',(1.457196454759,-15.66975148674,341.173042256
    ));
#4172 = CARTESIAN_POINT('',(2.005704128282,-15.43426090173,
    341.43279939609));
#4173 = CARTESIAN_POINT('',(2.13041603184,-15.37563709178,
    341.49248529084));
#4174 = CARTESIAN_POINT('',(2.252797571544,-15.31297683674,
    341.55174391445));
#4175 = CARTESIAN_POINT('',(2.372681020421,-15.24641217804,
    341.61054160519));
#4176 = CARTESIAN_POINT('',(2.489911983917,-15.1760832618,
    341.66884624452));
#4177 = CARTESIAN_POINT('',(2.604348933611,-15.10213669428,
    341.72662682113));
#4178 = CARTESIAN_POINT('',(2.934913956147,-14.8726587166,
    341.89626475128));
#4179 = CARTESIAN_POINT('',(3.142683933622,-14.70721987466,
    342.0065363151));
#4180 = CARTESIAN_POINT('',(3.338201719231,-14.52955192471,
    342.11444188123));
#4181 = CARTESIAN_POINT('',(3.520700621739,-14.34085375947,
    342.21977705936));
#4182 = CARTESIAN_POINT('',(3.68958935862,-14.14233666274,
    342.32234554656));
#4183 = CARTESIAN_POINT('',(3.844426030678,-13.93519192146,
    342.42194945048));
#4184 = CARTESIAN_POINT('',(3.98489492548,-13.72056799813,
    342.51838326291));
#4185 = PCURVE('',#3744,#4186);
#4186 = DEFINITIONAL_REPRESENTATION('',(#4187),#4220);
#4187 = B_SPLINE_CURVE_WITH_KNOTS('',7,(#4188,#4189,#4190,#4191,#4192,
    #4193,#4194,#4195,#4196,#4197,#4198,#4199,#4200,#4201,#4202,#4203,
    #4204,#4205,#4206,#4207,#4208,#4209,#4210,#4211,#4212,#4213,#4214,
    #4215,#4216,#4217,#4218,#4219),.UNSPECIFIED.,.F.,.F.,(8,6,6,6,6,8),(
    0.,0.197553402722,0.363851971453,0.700103709319,0.801271633613,1.),
  .UNSPECIFIED.);
#4188 = CARTESIAN_POINT('',(-2.150302584287,-33.71906411935));
#4189 = CARTESIAN_POINT('',(-2.203839307881,-33.81491828026));
#4190 = CARTESIAN_POINT('',(-2.257710058901,-33.91390466147));
#4191 = CARTESIAN_POINT('',(-2.3119317615,-34.01582149627));
#4192 = CARTESIAN_POINT('',(-2.366513628477,-34.12047445474));
#4193 = CARTESIAN_POINT('',(-2.421458537255,-34.22767076435));
#4194 = CARTESIAN_POINT('',(-2.476761530162,-34.33720982199));
#4195 = CARTESIAN_POINT('',(-2.579245950326,-34.54286501941));
#4196 = CARTESIAN_POINT('',(-2.626329659475,-34.63836624371));
#4197 = CARTESIAN_POINT('',(-2.673642837761,-34.73523500027));
#4198 = CARTESIAN_POINT('',(-2.721169662372,-34.83332940668));
#4199 = CARTESIAN_POINT('',(-2.768891252518,-34.93250171586));
#4200 = CARTESIAN_POINT('',(-2.816783447116,-35.03259284887));
#4201 = CARTESIAN_POINT('',(-2.96192858899,-35.33730342787));
#4202 = CARTESIAN_POINT('',(-3.059746921264,-35.54450394744));
#4203 = CARTESIAN_POINT('',(-3.157794940002,-35.75313812591));
#4204 = CARTESIAN_POINT('',(-3.255806326584,-35.96170659814));
#4205 = CARTESIAN_POINT('',(-3.353545530181,-36.16881702087));
#4206 = CARTESIAN_POINT('',(-3.450775353507,-36.373042256));
#4207 = CARTESIAN_POINT('',(-3.576113413455,-36.63279939609));
#4208 = CARTESIAN_POINT('',(-3.605031914568,-36.69248529084));
#4209 = CARTESIAN_POINT('',(-3.63387496006,-36.75174391445));
#4210 = CARTESIAN_POINT('',(-3.662638138351,-36.81054160519));
#4211 = CARTESIAN_POINT('',(-3.691317802739,-36.86884624452));
#4212 = CARTESIAN_POINT('',(-3.71991090882,-36.92662682113));
#4213 = CARTESIAN_POINT('',(-3.804406334239,-37.09626475128));
#4214 = CARTESIAN_POINT('',(-3.86005330496,-37.2065363151));
#4215 = CARTESIAN_POINT('',(-3.915338027462,-37.31444188123));
#4216 = CARTESIAN_POINT('',(-3.970255324343,-37.41977705936));
#4217 = CARTESIAN_POINT('',(-4.024808039906,-37.52234554656));
#4218 = CARTESIAN_POINT('',(-4.079005483178,-37.62194945048));
#4219 = CARTESIAN_POINT('',(-4.132864851455,-37.71838326291));
#4220 = ( GEOMETRIC_REPRESENTATION_CONTEXT(2) 
PARAMETRIC_REPRESENTATION_CONTEXT() REPRESENTATION_CONTEXT('2D SPACE',''
  ) );
#4221 = PCURVE('',#3844,#4222);
#4222 = DEFINITIONAL_REPRESENTATION('',(#4223),#4256);
#4223 = B_SPLINE_CURVE_WITH_KNOTS('',7,(#4224,#4225,#4226,#4227,#4228,
    #4229,#4230,#4231,#4232,#4233,#4234,#4235,#4236,#4237,#4238,#4239,
    #4240,#4241,#4242,#4243,#4244,#4245,#4246,#4247,#4248,#4249,#4250,
    #4251,#4252,#4253,#4254,#4255),.UNSPECIFIED.,.F.,.F.,(8,6,6,6,6,8),(
    0.,0.197553402722,0.363851971453,0.700103709319,0.801271633613,1.),
  .UNSPECIFIED.);
#4224 = CARTESIAN_POINT('',(17.4625,31.649363191022));
#4225 = CARTESIAN_POINT('',(17.296566889768,31.746170143777));
#4226 = CARTESIAN_POINT('',(17.138629656194,31.846140459154));
#4227 = CARTESIAN_POINT('',(16.989175536525,31.949070363144));
#4228 = CARTESIAN_POINT('',(16.848712809934,32.054763592472));
#4229 = CARTESIAN_POINT('',(16.717760580341,32.163025456757));
#4230 = CARTESIAN_POINT('',(16.596835973403,32.273653357089));
#4231 = CARTESIAN_POINT('',(16.393507416817,32.481352810618));
#4232 = CARTESIAN_POINT('',(16.308032570755,32.577803336334));
#4233 = CARTESIAN_POINT('',(16.230320109695,32.675634985787));
#4234 = CARTESIAN_POINT('',(16.160653886873,32.774704464986));
#4235 = CARTESIAN_POINT('',(16.09929383998,32.874862556864));
#4236 = CARTESIAN_POINT('',(16.046468472826,32.975948599645));
#4237 = CARTESIAN_POINT('',(15.913178819223,33.283687990142));
#4238 = CARTESIAN_POINT('',(15.859512646453,33.492948043303));
#4239 = CARTESIAN_POINT('',(15.843249073489,33.703655959517));
#4240 = CARTESIAN_POINT('',(15.864773279815,33.914297452779));
#4241 = CARTESIAN_POINT('',(15.923682409158,34.123466319206));
#4242 = CARTESIAN_POINT('',(16.018797942477,34.329721213931));
#4243 = CARTESIAN_POINT('',(16.186529753253,34.592059747654));
#4244 = CARTESIAN_POINT('',(16.228397849185,34.652338772636));
#4245 = CARTESIAN_POINT('',(16.273285446782,34.712186268523));
#4246 = CARTESIAN_POINT('',(16.321133462481,34.77156823871));
#4247 = CARTESIAN_POINT('',(16.371879394196,34.830452245198));
#4248 = CARTESIAN_POINT('',(16.425457982325,34.888806968319));
#4249 = CARTESIAN_POINT('',(16.592480516997,35.060130495075));
#4250 = CARTESIAN_POINT('',(16.71382855083,35.17149771344));
#4251 = CARTESIAN_POINT('',(16.845337672199,35.280475371733));
#4252 = CARTESIAN_POINT('',(16.986481460745,35.386857049279));
#4253 = CARTESIAN_POINT('',(17.136731291835,35.490444494928));
#4254 = CARTESIAN_POINT('',(17.295569530029,35.591037853984));
#4255 = CARTESIAN_POINT('',(17.4625,35.688429581667));
#4256 = ( GEOMETRIC_REPRESENTATION_CONTEXT(2) 
PARAMETRIC_REPRESENTATION_CONTEXT() REPRESENTATION_CONTEXT('2D SPACE',''
  ) );
#4257 = ORIENTED_EDGE('',*,*,#3954,.F.);
#4258 = ADVANCED_FACE('',(#4259),#3582,.F.);
#4259 = FACE_BOUND('',#4260,.F.);
#4260 = EDGE_LOOP('',(#4261,#4322,#4323,#4324));
#4261 = ORIENTED_EDGE('',*,*,#4262,.F.);
#4262 = EDGE_CURVE('',#4095,#4263,#4265,.T.);
#4263 = VERTEX_POINT('',#4264);
#4264 = CARTESIAN_POINT('',(-12.87258944683,6.199102480005,
    459.58122104809));
#4265 = SURFACE_CURVE('',#4266,(#4308,#4315),.PCURVE_S1.);
#4266 = B_SPLINE_CURVE_WITH_KNOTS('',10,(#4267,#4268,#4269,#4270,#4271,
    #4272,#4273,#4274,#4275,#4276,#4277,#4278,#4279,#4280,#4281,#4282,
    #4283,#4284,#4285,#4286,#4287,#4288,#4289,#4290,#4291,#4292,#4293,
    #4294,#4295,#4296,#4297,#4298,#4299,#4300,#4301,#4302,#4303,#4304,
    #4305,#4306,#4307),.UNSPECIFIED.,.F.,.F.,(11,10,10,10,11),(0.,
    38.478754549872,76.957509099745,115.43626364961,153.91501819948),
  .PIECEWISE_BEZIER_KNOTS.);
#4267 = CARTESIAN_POINT('',(14.2875,-1.50990331349E-14,307.18125));
#4268 = CARTESIAN_POINT('',(14.287457339851,7.694687248858,
    310.99108993858));
#4269 = CARTESIAN_POINT('',(9.683950991123,15.39043927193,314.8016983));
#4270 = CARTESIAN_POINT('',(0.468560105088,19.977298933717,
    318.61045447391));
#4271 = CARTESIAN_POINT('',(-10.93555057724,18.40098269984,
    322.42192465716));
#4272 = CARTESIAN_POINT('',(-19.88137725103,9.574070812425,
    326.23114539503));
#4273 = CARTESIAN_POINT('',(-21.20473965864,-2.922559380662,
    330.04071523736));
#4274 = CARTESIAN_POINT('',(-15.32653105746,-12.8223699493,
    333.85187831218));
#4275 = CARTESIAN_POINT('',(-5.995021850733,-17.16682828649,
    337.66087062887));
#4276 = CARTESIAN_POINT('',(2.892198390382,-15.96797853072,
    341.47132236688));
#4277 = CARTESIAN_POINT('',(8.908110544056,-11.17041730576,
    345.28125000001));
#4278 = CARTESIAN_POINT('',(14.924032684788,-6.372824924552,
    349.09108993855));
#4279 = CARTESIAN_POINT('',(18.070574636489,2.02456417264,
    352.90169830005));
#4280 = CARTESIAN_POINT('',(15.911023688089,12.089307112228,
    356.7104544739));
#4281 = CARTESIAN_POINT('',(7.568263320551,20.02258277704,
    360.52192465706));
#4282 = CARTESIAN_POINT('',(-4.910525986524,21.51322216336,
    364.33114539529));
#4283 = CARTESIAN_POINT('',(-15.50588786127,14.756347073642,
    368.140715237));
#4284 = CARTESIAN_POINT('',(-19.58086831854,3.988147598588,
    371.95187831252));
#4285 = CARTESIAN_POINT('',(-17.15940179426,-6.01624554584,
    375.76087062863));
#4286 = CARTESIAN_POINT('',(-10.68101212538,-12.21708352537,
    379.57132236701));
#4287 = CARTESIAN_POINT('',(-3.179267843888,-13.92928254529,
    383.38124999996));
#4288 = CARTESIAN_POINT('',(4.322507023246,-15.64146994786,
    387.19108993873));
#4289 = CARTESIAN_POINT('',(12.849687008144,-12.86584904219,
    391.00169829964));
#4290 = CARTESIAN_POINT('',(19.372161908031,-4.902179541683,
    394.81045447454));
#4291 = CARTESIAN_POINT('',(20.37302057378,6.566769636785,
    398.62192465632));
#4292 = CARTESIAN_POINT('',(13.758051502098,17.252478435676,
    402.43114539589));
#4293 = CARTESIAN_POINT('',(1.86921375822,21.323423206717,
    406.24071523671));
#4294 = CARTESIAN_POINT('',(-9.090412358843,17.795508661473,
    410.05187831252));
#4295 = CARTESIAN_POINT('',(-15.40240219877,9.664692799813,
    413.86087062878));
#4296 = CARTESIAN_POINT('',(-16.21120265772,0.73352455769,
    417.67132236685));
#4297 = CARTESIAN_POINT('',(-12.87259270017,-6.199113922634,
    421.48125000005));
#4298 = CARTESIAN_POINT('',(-9.53395491508,-13.13176792832,
    425.29109283356));
#4299 = CARTESIAN_POINT('',(-2.047275628908,-18.06802041772,
    429.10168588999));
#4300 = CARTESIAN_POINT('',(8.245663490041,-18.20221234694,
    432.9104865245));
#4301 = CARTESIAN_POINT('',(17.83648462033,-11.83397896469,
    436.72186396608));
#4302 = CARTESIAN_POINT('',(22.066525469375,3.021811780677E-04,
    440.531235524));
#4303 = CARTESIAN_POINT('',(17.836771445682,11.833484000451,
    444.34060708211));
#4304 = CARTESIAN_POINT('',(8.245297583011,18.202530717654,
    448.15198452305));
#4305 = CARTESIAN_POINT('',(-2.047069991592,18.067886563062,
    451.96078515854));
#4306 = CARTESIAN_POINT('',(-9.534033216129,13.131795760075,
    455.7713782141));
#4307 = CARTESIAN_POINT('',(-12.87258944683,6.199102480005,
    459.58122104809));
#4308 = PCURVE('',#3582,#4309);
#4309 = DEFINITIONAL_REPRESENTATION('',(#4310),#4314);
#4310 = LINE('',#4311,#4312);
#4311 = CARTESIAN_POINT('',(0.,0.));
#4312 = VECTOR('',#4313,1.);
#4313 = DIRECTION('',(0.,1.));
#4314 = ( GEOMETRIC_REPRESENTATION_CONTEXT(2) 
PARAMETRIC_REPRESENTATION_CONTEXT() REPRESENTATION_CONTEXT('2D SPACE',''
  ) );
#4315 = PCURVE('',#3844,#4316);
#4316 = DEFINITIONAL_REPRESENTATION('',(#4317),#4321);
#4317 = LINE('',#4318,#4319);
#4318 = CARTESIAN_POINT('',(17.4625,0.));
#4319 = VECTOR('',#4320,1.);
#4320 = DIRECTION('',(0.,1.));
#4321 = ( GEOMETRIC_REPRESENTATION_CONTEXT(2) 
PARAMETRIC_REPRESENTATION_CONTEXT() REPRESENTATION_CONTEXT('2D SPACE',''
  ) );
#4322 = ORIENTED_EDGE('',*,*,#4094,.F.);
#4323 = ORIENTED_EDGE('',*,*,#3528,.T.);
#4324 = ORIENTED_EDGE('',*,*,#4325,.F.);
#4325 = EDGE_CURVE('',#4263,#3503,#4326,.T.);
#4326 = SURFACE_CURVE('',#4327,(#4330,#4337),.PCURVE_S1.);
#4327 = B_SPLINE_CURVE_WITH_KNOTS('',1,(#4328,#4329),.UNSPECIFIED.,.F.,
  .F.,(2,2),(0.,4.7625),.PIECEWISE_BEZIER_KNOTS.);
#4328 = CARTESIAN_POINT('',(-12.87258944683,6.199102480005,
    459.58122104809));
#4329 = CARTESIAN_POINT('',(-12.87260367487,6.199109331876,
    454.81872104811));
#4330 = PCURVE('',#3582,#4331);
#4331 = DEFINITIONAL_REPRESENTATION('',(#4332),#4336);
#4332 = LINE('',#4333,#4334);
#4333 = CARTESIAN_POINT('',(0.,153.91501819948));
#4334 = VECTOR('',#4335,1.);
#4335 = DIRECTION('',(1.,0.));
#4336 = ( GEOMETRIC_REPRESENTATION_CONTEXT(2) 
PARAMETRIC_REPRESENTATION_CONTEXT() REPRESENTATION_CONTEXT('2D SPACE',''
  ) );
#4337 = PCURVE('',#3517,#4338);
#4338 = DEFINITIONAL_REPRESENTATION('',(#4339),#4342);
#4339 = B_SPLINE_CURVE_WITH_KNOTS('',1,(#4340,#4341),.UNSPECIFIED.,.F.,
  .F.,(2,2),(0.,4.7625),.PIECEWISE_BEZIER_KNOTS.);
#4340 = CARTESIAN_POINT('',(8.731257895924,-2.381221048091));
#4341 = CARTESIAN_POINT('',(8.73124210398,2.381278951883));
#4342 = ( GEOMETRIC_REPRESENTATION_CONTEXT(2) 
PARAMETRIC_REPRESENTATION_CONTEXT() REPRESENTATION_CONTEXT('2D SPACE',''
  ) );
#4343 = ADVANCED_FACE('',(#4344),#3517,.F.);
#4344 = FACE_BOUND('',#4345,.F.);
#4345 = EDGE_LOOP('',(#4346,#4347,#4368,#4387));
#4346 = ORIENTED_EDGE('',*,*,#3502,.T.);
#4347 = ORIENTED_EDGE('',*,*,#4348,.T.);
#4348 = EDGE_CURVE('',#3359,#4349,#4351,.T.);
#4349 = VERTEX_POINT('',#4350);
#4350 = CARTESIAN_POINT('',(-28.60575058118,13.775813307748,
    459.58127895188));
#4351 = SURFACE_CURVE('',#4352,(#4355,#4361),.PCURVE_S1.);
#4352 = B_SPLINE_CURVE_WITH_KNOTS('',1,(#4353,#4354),.UNSPECIFIED.,.F.,
  .F.,(2,2),(0.,4.7625),.PIECEWISE_BEZIER_KNOTS.);
#4353 = CARTESIAN_POINT('',(-28.60576480922,13.77582015962,
    454.8187789519));
#4354 = CARTESIAN_POINT('',(-28.60575058118,13.775813307748,
    459.58127895188));
#4355 = PCURVE('',#3517,#4356);
#4356 = DEFINITIONAL_REPRESENTATION('',(#4357),#4360);
#4357 = B_SPLINE_CURVE_WITH_KNOTS('',1,(#4358,#4359),.UNSPECIFIED.,.F.,
  .F.,(2,2),(0.,4.7625),.PIECEWISE_BEZIER_KNOTS.);
#4358 = CARTESIAN_POINT('',(-8.731257895924,2.381221048091));
#4359 = CARTESIAN_POINT('',(-8.73124210398,-2.381278951883));
#4360 = ( GEOMETRIC_REPRESENTATION_CONTEXT(2) 
PARAMETRIC_REPRESENTATION_CONTEXT() REPRESENTATION_CONTEXT('2D SPACE',''
  ) );
#4361 = PCURVE('',#3412,#4362);
#4362 = DEFINITIONAL_REPRESENTATION('',(#4363),#4367);
#4363 = LINE('',#4364,#4365);
#4364 = CARTESIAN_POINT('',(0.,153.91501819948));
#4365 = VECTOR('',#4366,1.);
#4366 = DIRECTION('',(1.,0.));
#4367 = ( GEOMETRIC_REPRESENTATION_CONTEXT(2) 
PARAMETRIC_REPRESENTATION_CONTEXT() REPRESENTATION_CONTEXT('2D SPACE',''
  ) );
#4368 = ORIENTED_EDGE('',*,*,#4369,.T.);
#4369 = EDGE_CURVE('',#4349,#4263,#4370,.T.);
#4370 = SURFACE_CURVE('',#4371,(#4374,#4380),.PCURVE_S1.);
#4371 = B_SPLINE_CURVE_WITH_KNOTS('',1,(#4372,#4373),.UNSPECIFIED.,.F.,
  .F.,(2,2),(0.,17.4625),.PIECEWISE_BEZIER_KNOTS.);
#4372 = CARTESIAN_POINT('',(-28.60575058118,13.775813307748,
    459.58127895188));
#4373 = CARTESIAN_POINT('',(-12.87258944683,6.199102480005,
    459.58122104809));
#4374 = PCURVE('',#3517,#4375);
#4375 = DEFINITIONAL_REPRESENTATION('',(#4376),#4379);
#4376 = B_SPLINE_CURVE_WITH_KNOTS('',1,(#4377,#4378),.UNSPECIFIED.,.F.,
  .F.,(2,2),(0.,17.4625),.PIECEWISE_BEZIER_KNOTS.);
#4377 = CARTESIAN_POINT('',(-8.73124210398,-2.381278951883));
#4378 = CARTESIAN_POINT('',(8.731257895924,-2.381221048091));
#4379 = ( GEOMETRIC_REPRESENTATION_CONTEXT(2) 
PARAMETRIC_REPRESENTATION_CONTEXT() REPRESENTATION_CONTEXT('2D SPACE',''
  ) );
#4380 = PCURVE('',#3844,#4381);
#4381 = DEFINITIONAL_REPRESENTATION('',(#4382),#4386);
#4382 = LINE('',#4383,#4384);
#4383 = CARTESIAN_POINT('',(0.,153.91501819948));
#4384 = VECTOR('',#4385,1.);
#4385 = DIRECTION('',(1.,0.));
#4386 = ( GEOMETRIC_REPRESENTATION_CONTEXT(2) 
PARAMETRIC_REPRESENTATION_CONTEXT() REPRESENTATION_CONTEXT('2D SPACE',''
  ) );
#4387 = ORIENTED_EDGE('',*,*,#4325,.T.);
#4388 = ADVANCED_FACE('',(#4389),#3412,.F.);
#4389 = FACE_BOUND('',#4390,.F.);
#4390 = EDGE_LOOP('',(#4391,#4392,#4413,#4472));
#4391 = ORIENTED_EDGE('',*,*,#3358,.F.);
#4392 = ORIENTED_EDGE('',*,*,#4393,.T.);
#4393 = EDGE_CURVE('',#3333,#4394,#4396,.T.);
#4394 = VERTEX_POINT('',#4395);
#4395 = CARTESIAN_POINT('',(31.75,-1.7763568394E-14,307.18125));
#4396 = SURFACE_CURVE('',#4397,(#4400,#4407),.PCURVE_S1.);
#4397 = B_SPLINE_CURVE_WITH_KNOTS('',1,(#4398,#4399),.UNSPECIFIED.,.F.,
  .F.,(2,2),(0.,4.7625),.PIECEWISE_BEZIER_KNOTS.);
#4398 = CARTESIAN_POINT('',(31.75,-8.881784197001E-15,302.41875));
#4399 = CARTESIAN_POINT('',(31.75,-3.552713678801E-14,307.18125));
#4400 = PCURVE('',#3412,#4401);
#4401 = DEFINITIONAL_REPRESENTATION('',(#4402),#4406);
#4402 = LINE('',#4403,#4404);
#4403 = CARTESIAN_POINT('',(0.,0.));
#4404 = VECTOR('',#4405,1.);
#4405 = DIRECTION('',(1.,0.));
#4406 = ( GEOMETRIC_REPRESENTATION_CONTEXT(2) 
PARAMETRIC_REPRESENTATION_CONTEXT() REPRESENTATION_CONTEXT('2D SPACE',''
  ) );
#4407 = PCURVE('',#3347,#4408);
#4408 = DEFINITIONAL_REPRESENTATION('',(#4409),#4412);
#4409 = B_SPLINE_CURVE_WITH_KNOTS('',1,(#4410,#4411),.UNSPECIFIED.,.F.,
  .F.,(2,2),(0.,4.7625),.PIECEWISE_BEZIER_KNOTS.);
#4410 = CARTESIAN_POINT('',(2.38125,8.73125));
#4411 = CARTESIAN_POINT('',(-2.38125,8.73125));
#4412 = ( GEOMETRIC_REPRESENTATION_CONTEXT(2) 
PARAMETRIC_REPRESENTATION_CONTEXT() REPRESENTATION_CONTEXT('2D SPACE',''
  ) );
#4413 = ORIENTED_EDGE('',*,*,#4414,.T.);
#4414 = EDGE_CURVE('',#4394,#4349,#4415,.T.);
#4415 = SURFACE_CURVE('',#4416,(#4458,#4465),.PCURVE_S1.);
#4416 = B_SPLINE_CURVE_WITH_KNOTS('',10,(#4417,#4418,#4419,#4420,#4421,
    #4422,#4423,#4424,#4425,#4426,#4427,#4428,#4429,#4430,#4431,#4432,
    #4433,#4434,#4435,#4436,#4437,#4438,#4439,#4440,#4441,#4442,#4443,
    #4444,#4445,#4446,#4447,#4448,#4449,#4450,#4451,#4452,#4453,#4454,
    #4455,#4456,#4457),.UNSPECIFIED.,.F.,.F.,(11,10,10,10,11),(0.,
    38.478754549872,76.957509099745,115.43626364961,153.91501819948),
  .PIECEWISE_BEZIER_KNOTS.);
#4417 = CARTESIAN_POINT('',(31.75,-3.552713678801E-14,307.18125));
#4418 = CARTESIAN_POINT('',(31.749955948509,17.099207754429,
    310.99141006141));
#4419 = CARTESIAN_POINT('',(21.519800830072,34.201165569741,
    314.80080169978));
#4420 = CARTESIAN_POINT('',(1.04141085352,44.393805214654,
    318.61204552696));
#4421 = CARTESIAN_POINT('',(-24.3012714616,40.891073881756,
    322.42057534075));
#4422 = CARTESIAN_POINT('',(-44.18090873599,21.276068273484,
    326.23135460806));
#4423 = CARTESIAN_POINT('',(-47.12154331892,-6.49505532828,
    330.04178475947));
#4424 = CARTESIAN_POINT('',(-34.05902477036,-28.49372668294,
    333.85062168997));
#4425 = CARTESIAN_POINT('',(-13.32228851706,-38.14871647095,
    337.66162937017));
#4426 = CARTESIAN_POINT('',(6.427091252257,-35.4843591176,
    341.47117763332));
#4427 = CARTESIAN_POINT('',(19.795801209019,-24.82314956836,
    345.28124999998));
#4428 = CARTESIAN_POINT('',(33.164472691015,-14.16193347277,
    349.09141006144));
#4429 = CARTESIAN_POINT('',(40.156924335144,4.499220159031,
    352.90080169975));
#4430 = CARTESIAN_POINT('',(35.357783590032,26.864877025562,
    356.71204552692));
#4431 = CARTESIAN_POINT('',(16.818333984218,44.494666645035,
    360.52057534092));
#4432 = CARTESIAN_POINT('',(-10.9120460344,47.807436965955,
    364.33135460775));
#4433 = CARTESIAN_POINT('',(-34.45784044323,32.791505309618,
    368.14178475985));
#4434 = CARTESIAN_POINT('',(-43.51274717911,8.862869823769,
    371.95062168962));
#4435 = CARTESIAN_POINT('',(-38.13217858058,-13.36955109239,
    375.76162937041));
#4436 = CARTESIAN_POINT('',(-23.73556324192,-27.14903831706,
    379.57117763319));
#4437 = CARTESIAN_POINT('',(-7.065039653122,-30.95396121176,
    383.38125000003));
#4438 = CARTESIAN_POINT('',(9.605465065286,-34.75884994422,
    387.19141006128));
#4439 = CARTESIAN_POINT('',(28.555064763769,-28.59072979867,
    391.00080170006));
#4440 = CARTESIAN_POINT('',(43.049024116056,-10.89385150762,
    394.8120455265));
#4441 = CARTESIAN_POINT('',(45.273390908284,14.592867899098,
    398.62057534132));
#4442 = CARTESIAN_POINT('',(30.573809896357,38.338830528832,
    402.43135460752));
#4443 = CARTESIAN_POINT('',(4.153319098025,47.385393624669,
    406.24178475986));
#4444 = CARTESIAN_POINT('',(-20.2004834637,39.545544583614,
    410.05062168979));
#4445 = CARTESIAN_POINT('',(-34.2277604182,21.47715894779,
    413.86162937019));
#4446 = CARTESIAN_POINT('',(-36.02485449769,1.630062075745,
    417.67117763337));
#4447 = CARTESIAN_POINT('',(-28.6057615559,-13.775808717,421.48124999994
    ));
#4448 = CARTESIAN_POINT('',(-21.18665476788,-29.18164391528,
    425.29140716641));
#4449 = CARTESIAN_POINT('',(-4.549336287445,-40.15127510587,
    429.10081410986));
#4450 = CARTESIAN_POINT('',(18.323459292988,-40.44929274306,
    432.91201347617));
#4451 = CARTESIAN_POINT('',(39.636684075892,-26.29764839235,
    436.72063603215));
#4452 = CARTESIAN_POINT('',(49.036929217843,2.884432891861E-04,
    440.53126447873));
#4453 = CARTESIAN_POINT('',(39.636985644549,26.297131203623,
    444.34189291501));
#4454 = CARTESIAN_POINT('',(18.323116053451,40.449600848759,
    448.15051547896));
#4455 = CARTESIAN_POINT('',(-4.549108142802,40.151143798701,
    451.96171484052));
#4456 = CARTESIAN_POINT('',(-21.18671671345,29.181683622836,
    455.77112178613));
#4457 = CARTESIAN_POINT('',(-28.60575058118,13.775813307748,
    459.58127895188));
#4458 = PCURVE('',#3412,#4459);
#4459 = DEFINITIONAL_REPRESENTATION('',(#4460),#4464);
#4460 = LINE('',#4461,#4462);
#4461 = CARTESIAN_POINT('',(4.7625,0.));
#4462 = VECTOR('',#4463,1.);
#4463 = DIRECTION('',(0.,1.));
#4464 = ( GEOMETRIC_REPRESENTATION_CONTEXT(2) 
PARAMETRIC_REPRESENTATION_CONTEXT() REPRESENTATION_CONTEXT('2D SPACE',''
  ) );
#4465 = PCURVE('',#3844,#4466);
#4466 = DEFINITIONAL_REPRESENTATION('',(#4467),#4471);
#4467 = LINE('',#4468,#4469);
#4468 = CARTESIAN_POINT('',(0.,0.));
#4469 = VECTOR('',#4470,1.);
#4470 = DIRECTION('',(0.,1.));
#4471 = ( GEOMETRIC_REPRESENTATION_CONTEXT(2) 
PARAMETRIC_REPRESENTATION_CONTEXT() REPRESENTATION_CONTEXT('2D SPACE',''
  ) );
#4472 = ORIENTED_EDGE('',*,*,#4348,.F.);
#4473 = ADVANCED_FACE('',(#4474),#3347,.T.);
#4474 = FACE_BOUND('',#4475,.T.);
#4475 = EDGE_LOOP('',(#4476,#4477,#4478,#4497));
#4476 = ORIENTED_EDGE('',*,*,#3332,.T.);
#4477 = ORIENTED_EDGE('',*,*,#4393,.T.);
#4478 = ORIENTED_EDGE('',*,*,#4479,.T.);
#4479 = EDGE_CURVE('',#4394,#3789,#4480,.T.);
#4480 = SURFACE_CURVE('',#4481,(#4484,#4490),.PCURVE_S1.);
#4481 = B_SPLINE_CURVE_WITH_KNOTS('',1,(#4482,#4483),.UNSPECIFIED.,.F.,
  .F.,(2,2),(0.,17.4625),.PIECEWISE_BEZIER_KNOTS.);
#4482 = CARTESIAN_POINT('',(31.75,-1.7763568394E-14,307.18125));
#4483 = CARTESIAN_POINT('',(14.2875,-1.50990331349E-14,307.18125));
#4484 = PCURVE('',#3347,#4485);
#4485 = DEFINITIONAL_REPRESENTATION('',(#4486),#4489);
#4486 = B_SPLINE_CURVE_WITH_KNOTS('',1,(#4487,#4488),.UNSPECIFIED.,.F.,
  .F.,(2,2),(0.,17.4625),.PIECEWISE_BEZIER_KNOTS.);
#4487 = CARTESIAN_POINT('',(-2.38125,8.73125));
#4488 = CARTESIAN_POINT('',(-2.38125,-8.73125));
#4489 = ( GEOMETRIC_REPRESENTATION_CONTEXT(2) 
PARAMETRIC_REPRESENTATION_CONTEXT() REPRESENTATION_CONTEXT('2D SPACE',''
  ) );
#4490 = PCURVE('',#3844,#4491);
#4491 = DEFINITIONAL_REPRESENTATION('',(#4492),#4496);
#4492 = LINE('',#4493,#4494);
#4493 = CARTESIAN_POINT('',(0.,0.));
#4494 = VECTOR('',#4495,1.);
#4495 = DIRECTION('',(1.,0.));
#4496 = ( GEOMETRIC_REPRESENTATION_CONTEXT(2) 
PARAMETRIC_REPRESENTATION_CONTEXT() REPRESENTATION_CONTEXT('2D SPACE',''
  ) );
#4497 = ORIENTED_EDGE('',*,*,#3934,.T.);
#4498 = ADVANCED_FACE('',(#4499),#3844,.F.);
#4499 = FACE_BOUND('',#4500,.F.);
#4500 = EDGE_LOOP('',(#4501,#4502,#4503,#4504,#4505,#4506));
#4501 = ORIENTED_EDGE('',*,*,#4414,.F.);
#4502 = ORIENTED_EDGE('',*,*,#4479,.T.);
#4503 = ORIENTED_EDGE('',*,*,#3788,.T.);
#4504 = ORIENTED_EDGE('',*,*,#4150,.T.);
#4505 = ORIENTED_EDGE('',*,*,#4262,.T.);
#4506 = ORIENTED_EDGE('',*,*,#4369,.F.);
#4507 = ADVANCED_FACE('',(#4508),#4028,.F.);
#4508 = FACE_BOUND('',#4509,.F.);
#4509 = EDGE_LOOP('',(#4510));
#4510 = ORIENTED_EDGE('',*,*,#4011,.T.);
#4511 = ADVANCED_FACE('',(#4512),#4078,.T.);
#4512 = FACE_BOUND('',#4513,.T.);
#4513 = EDGE_LOOP('',(#4514));
#4514 = ORIENTED_EDGE('',*,*,#4063,.T.);
#4515 = ( GEOMETRIC_REPRESENTATION_CONTEXT(3) 
GLOBAL_UNCERTAINTY_ASSIGNED_CONTEXT((#4519)) 
GLOBAL_UNIT_ASSIGNED_CONTEXT((#4516,#4517,#4518)) REPRESENTATION_CONTEXT
('Context #1','3D Context with UNIT and UNCERTAINTY') );
#4516 = ( LENGTH_UNIT() NAMED_UNIT(*) SI_UNIT(.MILLI.,.METRE.) );
#4517 = ( NAMED_UNIT(*) PLANE_ANGLE_UNIT() SI_UNIT($,.RADIAN.) );
#4518 = ( NAMED_UNIT(*) SI_UNIT($,.STERADIAN.) SOLID_ANGLE_UNIT() );
#4519 = UNCERTAINTY_MEASURE_WITH_UNIT(LENGTH_MEASURE(5.E-05),#4516,
  'distance_accuracy_value','confusion accuracy');
#4520 = CONTEXT_DEPENDENT_SHAPE_REPRESENTATION(#4521,#4523);
#4521 = ( REPRESENTATION_RELATIONSHIP('','',#3096,#10) 
REPRESENTATION_RELATIONSHIP_WITH_TRANSFORMATION(#4522) 
SHAPE_REPRESENTATION_RELATIONSHIP() );
#4522 = ITEM_DEFINED_TRANSFORMATION('','',#11,#23);
#4523 = PRODUCT_DEFINITION_SHAPE('Placement','Placement of an item',
  #4524);
#4524 = NEXT_ASSEMBLY_USAGE_OCCURRENCE('3','','',#5,#3091,$);
#4525 = PRODUCT_RELATED_PRODUCT_CATEGORY('part',$,(#3093));
#4526 = SHAPE_DEFINITION_REPRESENTATION(#4527,#4533);
#4527 = PRODUCT_DEFINITION_SHAPE('','',#4528);
#4528 = PRODUCT_DEFINITION('design','',#4529,#4532);
#4529 = PRODUCT_DEFINITION_FORMATION('','',#4530);
#4530 = PRODUCT('Open CASCADE STEP translator 7.8 1.4',
  'Open CASCADE STEP translator 7.8 1.4','',(#4531));
#4531 = PRODUCT_CONTEXT('',#2,'mechanical');
#4532 = PRODUCT_DEFINITION_CONTEXT('part definition',#2,'design');
#4533 = ADVANCED_BREP_SHAPE_REPRESENTATION('',(#11,#4534),#7895);
#4534 = MANIFOLD_SOLID_BREP('',#4535);
#4535 = CLOSED_SHELL('',(#4536,#6539,#7059,#7357,#7621,#7628,#7673,#7857
    ,#7882,#7891));
#4536 = ADVANCED_FACE('',(#4537),#4688,.F.);
#4537 = FACE_BOUND('',#4538,.F.);
#4538 = EDGE_LOOP('',(#4539,#5263,#5289,#5730,#5756,#6197,#6231,#6271,
    #6431));
#4539 = ORIENTED_EDGE('',*,*,#4540,.F.);
#4540 = EDGE_CURVE('',#4541,#4543,#4545,.T.);
#4541 = VERTEX_POINT('',#4542);
#4542 = CARTESIAN_POINT('',(14.2875,-7.105427357601E-15,-2.38125));
#4543 = VERTEX_POINT('',#4544);
#4544 = CARTESIAN_POINT('',(-13.72053790201,3.984914622885,
    170.81542530596));
#4545 = SURFACE_CURVE('',#4546,(#4687,#4975),.PCURVE_S1.);
#4546 = B_SPLINE_CURVE_WITH_KNOTS('',9,(#4547,#4548,#4549,#4550,#4551,
    #4552,#4553,#4554,#4555,#4556,#4557,#4558,#4559,#4560,#4561,#4562,
    #4563,#4564,#4565,#4566,#4567,#4568,#4569,#4570,#4571,#4572,#4573,
    #4574,#4575,#4576,#4577,#4578,#4579,#4580,#4581,#4582,#4583,#4584,
    #4585,#4586,#4587,#4588,#4589,#4590,#4591,#4592,#4593,#4594,#4595,
    #4596,#4597,#4598,#4599,#4600,#4601,#4602,#4603,#4604,#4605,#4606,
    #4607,#4608,#4609,#4610,#4611,#4612,#4613,#4614,#4615,#4616,#4617,
    #4618,#4619,#4620,#4621,#4622,#4623,#4624,#4625,#4626,#4627,#4628,
    #4629,#4630,#4631,#4632,#4633,#4634,#4635,#4636,#4637,#4638,#4639,
    #4640,#4641,#4642,#4643,#4644,#4645,#4646,#4647,#4648,#4649,#4650,
    #4651,#4652,#4653,#4654,#4655,#4656,#4657,#4658,#4659,#4660,#4661,
    #4662,#4663,#4664,#4665,#4666,#4667,#4668,#4669,#4670,#4671,#4672,
    #4673,#4674,#4675,#4676,#4677,#4678,#4679,#4680,#4681,#4682,#4683,
    #4684,#4685,#4686),.UNSPECIFIED.,.F.,.F.,(10,9,9,8,9,8,9,8,9,9,9,9,9
    ,8,9,8,10),(0.,19.419442070708,38.838884141415,58.258326212123,
    77.67776828283,97.097210353538,116.51665242424,135.93609449495,
    155.35553656566,174.77497863636,194.19442070707,213.61386277778,
    233.03330484849,252.45274691919,271.8721889899,291.29163106061,
    310.71107313132),.UNSPECIFIED.);
#4547 = CARTESIAN_POINT('',(14.2875,-7.105427357601E-15,-2.38125));
#4548 = CARTESIAN_POINT('',(14.287507099701,5.984741366049,
    -0.264608564459));
#4549 = CARTESIAN_POINT('',(11.467181901984,11.969758678877,
    1.852161379643));
#4550 = CARTESIAN_POINT('',(5.82707123,16.433641890132,3.968573194052));
#4551 = CARTESIAN_POINT('',(-1.680043738758,17.868593434576,
    6.085663590945));
#4552 = CARTESIAN_POINT('',(-9.143723574348,15.443466660706,
    8.201835013609));
#4553 = CARTESIAN_POINT('',(-14.37361943688,9.870058987747,
    10.318911366655));
#4554 = CARTESIAN_POINT('',(-16.3128192901,2.943479496733,
    12.435344859707));
#4555 = CARTESIAN_POINT('',(-15.07656900259,-3.556225793955,
    14.552093896204));
#4556 = CARTESIAN_POINT('',(-11.55883030711,-8.397981792065,
    16.668750000179));
#4557 = CARTESIAN_POINT('',(-8.041093546787,-13.23974288698,
    18.785389751689));
#4558 = CARTESIAN_POINT('',(-2.241496548843,-16.4239808622,
    20.902168307434));
#4559 = CARTESIAN_POINT('',(4.945250579602,-16.72015655291,
    23.018556227529));
#4560 = CARTESIAN_POINT('',(11.862083383491,-13.46850066712,
    25.135693690545));
#4561 = CARTESIAN_POINT('',(16.474864565664,-7.119467592086,
    27.251793686966));
#4562 = CARTESIAN_POINT('',(17.429983127917,0.463541299627,
    29.368956510655));
#4563 = CARTESIAN_POINT('',(14.927476942796,7.207122617255,
    31.485305280797));
#4564 = CARTESIAN_POINT('',(10.106906913247,11.738822953934,
    33.602121596816));
#4565 = CARTESIAN_POINT('',(4.415078421488,13.58822493242,35.71873485452
    ));
#4566 = CARTESIAN_POINT('',(-1.276719116718,15.43757454466,
    37.835492285017));
#4567 = CARTESIAN_POINT('',(-7.840448912166,14.604913380799,
    39.951861970937));
#4568 = CARTESIAN_POINT('',(-13.82850477222,10.61994400704,
    42.06910579949));
#4569 = CARTESIAN_POINT('',(-17.51337494066,3.924111717366,
    44.185036339542));
#4570 = CARTESIAN_POINT('',(-17.51305712019,-3.92406193305,
    46.302341154448));
#4571 = CARTESIAN_POINT('',(-13.82871679483,-10.62005138828,
    48.418635847888));
#4572 = CARTESIAN_POINT('',(-7.840357650059,-14.60483349861,
    50.535436156277));
#4573 = CARTESIAN_POINT('',(-1.276738472375,-15.43760481518,
    52.652082480328));
#4574 = CARTESIAN_POINT('',(10.10690036892,-11.73883606333,
    56.885411145052));
#4575 = CARTESIAN_POINT('',(14.927484061721,-7.207106509201,
    59.002067274287));
#4576 = CARTESIAN_POINT('',(17.430008181953,-0.463508944663,
    61.118833789244));
#4577 = CARTESIAN_POINT('',(16.474782026172,7.119351610831,
    63.235200247681));
#4578 = CARTESIAN_POINT('',(11.862208350394,13.468669659401,
    65.352392283526));
#4579 = CARTESIAN_POINT('',(4.945128063797,16.720017754812,
    67.468461908566));
#4580 = CARTESIAN_POINT('',(-2.24142854239,16.424052173353,
    69.585568025559));
#4581 = CARTESIAN_POINT('',(-8.041110982001,13.239722062555,
    71.702047739236));
#4582 = CARTESIAN_POINT('',(-11.55883560305,8.397981530224,
    73.81873485471));
#4583 = CARTESIAN_POINT('',(-15.0765337708,3.556240850801,
    75.935492284473));
#4584 = CARTESIAN_POINT('',(-16.3129299978,-2.943543592645,
    78.051861971748));
#4585 = CARTESIAN_POINT('',(-14.37340993235,-9.869946396546,
    80.169105798643));
#4586 = CARTESIAN_POINT('',(-9.143982504698,-15.44359215139,
    82.285036340204));
#4587 = CARTESIAN_POINT('',(-1.679827602,-17.86850891852,84.402341154062
    ));
#4588 = CARTESIAN_POINT('',(5.826960576276,-16.43366757991,
    86.518635848051));
#4589 = CARTESIAN_POINT('',(11.467218312404,-11.96976498425,
    88.635436156223));
#4590 = CARTESIAN_POINT('',(14.287500770141,-5.984732684088,
    90.752082480348));
#4591 = CARTESIAN_POINT('',(14.287500506198,5.984733617642,
    94.985411145011));
#4592 = CARTESIAN_POINT('',(11.467211867587,11.969762597247,
    97.102067274487));
#4593 = CARTESIAN_POINT('',(5.826991942331,16.433690719424,
    99.21883378877));
#4594 = CARTESIAN_POINT('',(-1.67991811621,17.868449437448,
    101.33520024845));
#4595 = CARTESIAN_POINT('',(-9.143842074793,15.443678365392,
    103.45239228257));
#4596 = CARTESIAN_POINT('',(-14.37355322679,9.869865901745,
    105.56846190948));
#4597 = CARTESIAN_POINT('',(-16.31284135495,2.943586016799,
    107.68556802485));
#4598 = CARTESIAN_POINT('',(-15.07656388854,-3.556251879402,
    109.80204773969));
#4599 = CARTESIAN_POINT('',(-11.5588316946,-8.39798690988,
    111.91873485442));
#4600 = CARTESIAN_POINT('',(-8.041091195702,-13.23969682034,
    114.03549231814));
#4601 = CARTESIAN_POINT('',(-2.24149624297,-16.4241233944,
    116.15186183486));
#4602 = CARTESIAN_POINT('',(4.945248802459,-16.7199062836,
    118.26910613267));
#4603 = CARTESIAN_POINT('',(11.862083133179,-13.46877668832,
    120.38503574847));
#4604 = CARTESIAN_POINT('',(16.474866329253,-7.119283751581,
    122.50234196598));
#4605 = CARTESIAN_POINT('',(17.429976741808,0.463486094335,
    124.61863496139));
#4606 = CARTESIAN_POINT('',(14.927488095791,7.207112049856,
    126.73543693347));
#4607 = CARTESIAN_POINT('',(10.106899722016,11.738836498649,
    128.85208193638));
#4608 = CARTESIAN_POINT('',(-1.276739775522,15.437605070775,
    133.08541228379));
#4609 = CARTESIAN_POINT('',(-7.840355569864,14.604825454045,
    135.20206112694));
#4610 = CARTESIAN_POINT('',(-13.82873382006,10.620091448922,
    137.31884986378));
#4611 = CARTESIAN_POINT('',(-17.5130199393,3.923951858933,139.4351709659
    ));
#4612 = CARTESIAN_POINT('',(-17.51342547636,-3.923943716561,
    141.55243301372));
#4613 = CARTESIAN_POINT('',(-13.82845936634,-10.62011374566,
    143.66841710177));
#4614 = CARTESIAN_POINT('',(-7.840473426028,-14.60480841166,
    145.78560746528));
#4615 = CARTESIAN_POINT('',(-1.276709827227,-15.43761189573,
    147.90202007402));
#4616 = CARTESIAN_POINT('',(4.415080307416,-13.58821997675,
    150.01874999904));
#4617 = CARTESIAN_POINT('',(10.106909564261,-11.73883994891,
    152.13539084157));
#4618 = CARTESIAN_POINT('',(14.927471943464,-7.207079181728,
    154.25216383379));
#4619 = CARTESIAN_POINT('',(17.429984118836,-0.463599539883,
    156.36856716554));
#4620 = CARTESIAN_POINT('',(16.474883923116,7.119515762536,
    158.4856743111));
#4621 = CARTESIAN_POINT('',(11.862038458527,13.468491286948,
    160.60182027322));
#4622 = CARTESIAN_POINT('',(4.945296878475,16.720140668711,
    162.71892747714));
#4623 = CARTESIAN_POINT('',(-2.241527969826,16.423998027709,
    164.83533073778));
#4624 = CARTESIAN_POINT('',(-8.041084299205,13.239735158083,
    166.95210377491));
#4625 = CARTESIAN_POINT('',(-11.55883219484,8.397981698791,
    169.06874460145));
#4626 = CARTESIAN_POINT('',(-15.07657515177,3.556228795556,
    171.18540070071));
#4627 = CARTESIAN_POINT('',(-16.31279825557,-2.943498567457,
    173.30214976556));
#4628 = CARTESIAN_POINT('',(-14.37364474564,-9.870027434158,
    175.41858320618));
#4629 = CARTESIAN_POINT('',(-9.143719807744,-15.44350328654,
    177.53565960156));
#4630 = CARTESIAN_POINT('',(-1.680006446508,-17.86856944431,
    179.65183103462));
#4631 = CARTESIAN_POINT('',(5.827020801293,-16.43365060656,
    181.76892136778));
#4632 = CARTESIAN_POINT('',(11.467218893361,-11.96975640663,
    183.88533325612));
#4633 = CARTESIAN_POINT('',(14.287494716952,-5.98473998601,
    186.00210315334));
#4634 = CARTESIAN_POINT('',(14.287501471011,1.184098116231E-06,
    188.11874460632));
#4635 = CARTESIAN_POINT('',(14.287504347999,5.984738993331,
    190.23540072218));
#4636 = CARTESIAN_POINT('',(11.467185994381,11.969762624761,
    192.35214968927));
#4637 = CARTESIAN_POINT('',(5.827066249921,16.433636277808,
    194.46858331168));
#4638 = CARTESIAN_POINT('',(-1.680038692462,17.868600351598,
    196.58565955557));
#4639 = CARTESIAN_POINT('',(-9.143727886642,15.443459264438,
    198.70183096587));
#4640 = CARTESIAN_POINT('',(-14.37361629416,9.870065801008,
    200.81892149945));
#4641 = CARTESIAN_POINT('',(-16.31282126242,2.943474162694,
    202.93533315284));
#4642 = CARTESIAN_POINT('',(-15.07656793292,-3.556222317881,
    205.05210319647));
#4643 = CARTESIAN_POINT('',(-11.558830802,-8.397983617366,
    207.16874459827));
#4644 = CARTESIAN_POINT('',(-8.041092642069,-13.23973954945,
    209.28539962901));
#4645 = CARTESIAN_POINT('',(-2.241497840601,-16.42398562947,
    211.40215419997));
#4646 = CARTESIAN_POINT('',(4.945252051682,-16.72015111647,213.518572311
    ));
#4647 = CARTESIAN_POINT('',(11.862082037094,-13.46850564405,
    215.6356789743));
#4648 = CARTESIAN_POINT('',(16.474865545604,-7.119463965815,
    217.75180440074));
#4649 = CARTESIAN_POINT('',(17.429982575755,0.463539254085,
    219.86895047342));
#4650 = CARTESIAN_POINT('',(14.927477168229,7.207123453299,
    221.98530774527));
#4651 = CARTESIAN_POINT('',(10.106906858479,11.738822750478,
    224.10212099819));
#4652 = CARTESIAN_POINT('',(4.415078421454,13.588224932511,
    226.21873485424));
#4653 = CARTESIAN_POINT('',(-1.276719116674,15.437574544418,
    228.33549228571));
#4654 = CARTESIAN_POINT('',(-7.840448912094,14.604913381191,
    230.45186196997));
#4655 = CARTESIAN_POINT('',(-13.82850477247,10.61994400658,
    232.56910580042));
#4656 = CARTESIAN_POINT('',(-17.51337494033,3.924111717755,
    234.68503633885));
#4657 = CARTESIAN_POINT('',(-17.51305712044,-3.924061933277,
    236.8023411548));
#4658 = CARTESIAN_POINT('',(-13.82871679472,-10.62005138819,
    238.91863584777));
#4659 = CARTESIAN_POINT('',(-7.840357650088,-14.60483349863,
    241.03543615627));
#4660 = CARTESIAN_POINT('',(-1.276738472371,-15.43760481518,
    243.15208248034));
#4661 = CARTESIAN_POINT('',(10.10690036891,-11.73883606333,
    247.38541114502));
#4662 = CARTESIAN_POINT('',(14.927484061783,-7.207106509186,
    249.50206727445));
#4663 = CARTESIAN_POINT('',(17.430008181767,-0.463508944727,
    251.61883378875));
#4664 = CARTESIAN_POINT('',(16.474782026557,7.119351610978,
    253.73520024865));
#4665 = CARTESIAN_POINT('',(11.862208349815,13.468669659194,
    255.85239228205));
#4666 = CARTESIAN_POINT('',(4.945128064458,16.720017754996,
    257.9684619103));
#4667 = CARTESIAN_POINT('',(-2.241428542965,16.424052173261,
    260.08556802397));
#4668 = CARTESIAN_POINT('',(-8.04111098163,13.239722062582,
    262.20204774029));
#4669 = CARTESIAN_POINT('',(-11.5588356032,8.397981530215,
    264.31873485429));
#4670 = CARTESIAN_POINT('',(-15.07653376542,3.556240869099,
    266.43549233993));
#4671 = CARTESIAN_POINT('',(-16.31293001886,-2.943543667861,
    268.55186174659));
#4672 = CARTESIAN_POINT('',(-14.37340988159,-9.869946212166,
    270.66910634776));
#4673 = CARTESIAN_POINT('',(-9.143982594139,-15.44359247894,
    272.78503536758));
#4674 = CARTESIAN_POINT('',(-1.679827479576,-17.86850846829,
    274.9023424886));
#4675 = CARTESIAN_POINT('',(5.826960442715,-16.43366807209,
    277.01863439063));
#4676 = CARTESIAN_POINT('',(11.467218429452,-11.96976455259,
    279.13543743383));
#4677 = CARTESIAN_POINT('',(14.287500688229,-5.984732986226,
    281.2520815862));
#4678 = CARTESIAN_POINT('',(14.287500677681,5.984734250171,
    285.48541301692));
#4679 = CARTESIAN_POINT('',(11.467210941847,11.969759182639,
    287.60205716922));
#4680 = CARTESIAN_POINT('',(5.826994363052,16.433699648189,
    289.71886021273));
#4681 = CARTESIAN_POINT('',(-1.679922525877,17.86843317261,
    291.83515211397));
#4682 = CARTESIAN_POINT('',(-9.143835941075,15.443700989339,
    293.95245923632));
#4683 = CARTESIAN_POINT('',(-14.37355997434,9.869841013454,
    296.06838825458));
#4684 = CARTESIAN_POINT('',(-16.31283541571,2.943607923874,
    298.18563285708));
#4685 = CARTESIAN_POINT('',(-15.0765680546,-3.556267246201,
    300.30200226288));
#4686 = CARTESIAN_POINT('',(-11.55882941405,-8.397978497914,
    302.41875974898));
#4687 = PCURVE('',#4688,#4969);
#4688 = B_SPLINE_SURFACE_WITH_KNOTS('',1,9,(
    (#4689,#4690,#4691,#4692,#4693,#4694,#4695,#4696,#4697,#4698,#4699
      ,#4700,#4701,#4702,#4703,#4704,#4705,#4706,#4707,#4708,#4709,#4710
      ,#4711,#4712,#4713,#4714,#4715,#4716,#4717,#4718,#4719,#4720,#4721
      ,#4722,#4723,#4724,#4725,#4726,#4727,#4728,#4729,#4730,#4731,#4732
      ,#4733,#4734,#4735,#4736,#4737,#4738,#4739,#4740,#4741,#4742,#4743
      ,#4744,#4745,#4746,#4747,#4748,#4749,#4750,#4751,#4752,#4753,#4754
      ,#4755,#4756,#4757,#4758,#4759,#4760,#4761,#4762,#4763,#4764,#4765
      ,#4766,#4767,#4768,#4769,#4770,#4771,#4772,#4773,#4774,#4775,#4776
      ,#4777,#4778,#4779,#4780,#4781,#4782,#4783,#4784,#4785,#4786,#4787
      ,#4788,#4789,#4790,#4791,#4792,#4793,#4794,#4795,#4796,#4797,#4798
      ,#4799,#4800,#4801,#4802,#4803,#4804,#4805,#4806,#4807,#4808,#4809
      ,#4810,#4811,#4812,#4813,#4814,#4815,#4816,#4817,#4818,#4819,#4820
      ,#4821,#4822,#4823,#4824,#4825,#4826,#4827,#4828)
    ,(#4829,#4830,#4831,#4832,#4833,#4834,#4835,#4836,#4837,#4838,#4839
      ,#4840,#4841,#4842,#4843,#4844,#4845,#4846,#4847,#4848,#4849,#4850
      ,#4851,#4852,#4853,#4854,#4855,#4856,#4857,#4858,#4859,#4860,#4861
      ,#4862,#4863,#4864,#4865,#4866,#4867,#4868,#4869,#4870,#4871,#4872
      ,#4873,#4874,#4875,#4876,#4877,#4878,#4879,#4880,#4881,#4882,#4883
      ,#4884,#4885,#4886,#4887,#4888,#4889,#4890,#4891,#4892,#4893,#4894
      ,#4895,#4896,#4897,#4898,#4899,#4900,#4901,#4902,#4903,#4904,#4905
      ,#4906,#4907,#4908,#4909,#4910,#4911,#4912,#4913,#4914,#4915,#4916
      ,#4917,#4918,#4919,#4920,#4921,#4922,#4923,#4924,#4925,#4926,#4927
      ,#4928,#4929,#4930,#4931,#4932,#4933,#4934,#4935,#4936,#4937,#4938
      ,#4939,#4940,#4941,#4942,#4943,#4944,#4945,#4946,#4947,#4948,#4949
      ,#4950,#4951,#4952,#4953,#4954,#4955,#4956,#4957,#4958,#4959,#4960
      ,#4961,#4962,#4963,#4964,#4965,#4966,#4967,#4968
  )),.UNSPECIFIED.,.F.,.F.,.F.,(2,2),(10,9,9,8,9,8,9,8,9,9,9,9,9,8,9,8,
    10),(0.,17.4625),(0.,19.419442070708,38.838884141415,58.258326212123
    ,77.67776828283,97.097210353538,116.51665242424,135.93609449495,
    155.35553656566,174.77497863636,194.19442070707,213.61386277778,
    233.03330484849,252.45274691919,271.8721889899,291.29163106061,
    310.71107313132),.UNSPECIFIED.);
#4689 = CARTESIAN_POINT('',(14.2875,-7.105427357601E-15,-2.38125));
#4690 = CARTESIAN_POINT('',(14.287507099701,5.984741366049,
    -0.264608564459));
#4691 = CARTESIAN_POINT('',(11.467181901984,11.969758678877,
    1.852161379643));
#4692 = CARTESIAN_POINT('',(5.82707123,16.433641890132,3.968573194052));
#4693 = CARTESIAN_POINT('',(-1.680043738758,17.868593434576,
    6.085663590945));
#4694 = CARTESIAN_POINT('',(-9.143723574348,15.443466660706,
    8.201835013609));
#4695 = CARTESIAN_POINT('',(-14.37361943688,9.870058987747,
    10.318911366655));
#4696 = CARTESIAN_POINT('',(-16.3128192901,2.943479496733,
    12.435344859707));
#4697 = CARTESIAN_POINT('',(-15.07656900259,-3.556225793955,
    14.552093896204));
#4698 = CARTESIAN_POINT('',(-11.55883030711,-8.397981792065,
    16.668750000179));
#4699 = CARTESIAN_POINT('',(-8.041093546787,-13.23974288698,
    18.785389751689));
#4700 = CARTESIAN_POINT('',(-2.241496548843,-16.4239808622,
    20.902168307434));
#4701 = CARTESIAN_POINT('',(4.945250579602,-16.72015655291,
    23.018556227529));
#4702 = CARTESIAN_POINT('',(11.862083383491,-13.46850066712,
    25.135693690545));
#4703 = CARTESIAN_POINT('',(16.474864565664,-7.119467592086,
    27.251793686966));
#4704 = CARTESIAN_POINT('',(17.429983127917,0.463541299627,
    29.368956510655));
#4705 = CARTESIAN_POINT('',(14.927476942796,7.207122617255,
    31.485305280797));
#4706 = CARTESIAN_POINT('',(10.106906913247,11.738822953934,
    33.602121596816));
#4707 = CARTESIAN_POINT('',(4.415078421488,13.58822493242,35.71873485452
    ));
#4708 = CARTESIAN_POINT('',(-1.276719116718,15.43757454466,
    37.835492285017));
#4709 = CARTESIAN_POINT('',(-7.840448912166,14.604913380799,
    39.951861970937));
#4710 = CARTESIAN_POINT('',(-13.82850477222,10.61994400704,
    42.06910579949));
#4711 = CARTESIAN_POINT('',(-17.51337494066,3.924111717366,
    44.185036339542));
#4712 = CARTESIAN_POINT('',(-17.51305712019,-3.92406193305,
    46.302341154448));
#4713 = CARTESIAN_POINT('',(-13.82871679483,-10.62005138828,
    48.418635847888));
#4714 = CARTESIAN_POINT('',(-7.840357650059,-14.60483349861,
    50.535436156277));
#4715 = CARTESIAN_POINT('',(-1.276738472375,-15.43760481518,
    52.652082480328));
#4716 = CARTESIAN_POINT('',(10.10690036892,-11.73883606333,
    56.885411145052));
#4717 = CARTESIAN_POINT('',(14.927484061721,-7.207106509201,
    59.002067274287));
#4718 = CARTESIAN_POINT('',(17.430008181953,-0.463508944663,
    61.118833789244));
#4719 = CARTESIAN_POINT('',(16.474782026172,7.119351610831,
    63.235200247681));
#4720 = CARTESIAN_POINT('',(11.862208350394,13.468669659401,
    65.352392283526));
#4721 = CARTESIAN_POINT('',(4.945128063797,16.720017754812,
    67.468461908566));
#4722 = CARTESIAN_POINT('',(-2.24142854239,16.424052173353,
    69.585568025559));
#4723 = CARTESIAN_POINT('',(-8.041110982001,13.239722062555,
    71.702047739236));
#4724 = CARTESIAN_POINT('',(-11.55883560305,8.397981530224,
    73.81873485471));
#4725 = CARTESIAN_POINT('',(-15.0765337708,3.556240850801,
    75.935492284473));
#4726 = CARTESIAN_POINT('',(-16.3129299978,-2.943543592645,
    78.051861971748));
#4727 = CARTESIAN_POINT('',(-14.37340993235,-9.869946396546,
    80.169105798643));
#4728 = CARTESIAN_POINT('',(-9.143982504698,-15.44359215139,
    82.285036340204));
#4729 = CARTESIAN_POINT('',(-1.679827602,-17.86850891852,84.402341154062
    ));
#4730 = CARTESIAN_POINT('',(5.826960576276,-16.43366757991,
    86.518635848051));
#4731 = CARTESIAN_POINT('',(11.467218312404,-11.96976498425,
    88.635436156223));
#4732 = CARTESIAN_POINT('',(14.287500770141,-5.984732684088,
    90.752082480348));
#4733 = CARTESIAN_POINT('',(14.287500506198,5.984733617642,
    94.985411145011));
#4734 = CARTESIAN_POINT('',(11.467211867587,11.969762597247,
    97.102067274487));
#4735 = CARTESIAN_POINT('',(5.826991942331,16.433690719424,
    99.21883378877));
#4736 = CARTESIAN_POINT('',(-1.67991811621,17.868449437448,
    101.33520024845));
#4737 = CARTESIAN_POINT('',(-9.143842074793,15.443678365392,
    103.45239228257));
#4738 = CARTESIAN_POINT('',(-14.37355322679,9.869865901745,
    105.56846190948));
#4739 = CARTESIAN_POINT('',(-16.31284135495,2.943586016799,
    107.68556802485));
#4740 = CARTESIAN_POINT('',(-15.07656388854,-3.556251879402,
    109.80204773969));
#4741 = CARTESIAN_POINT('',(-11.5588316946,-8.39798690988,
    111.91873485442));
#4742 = CARTESIAN_POINT('',(-8.041091195702,-13.23969682034,
    114.03549231814));
#4743 = CARTESIAN_POINT('',(-2.24149624297,-16.4241233944,
    116.15186183486));
#4744 = CARTESIAN_POINT('',(4.945248802459,-16.7199062836,
    118.26910613267));
#4745 = CARTESIAN_POINT('',(11.862083133179,-13.46877668832,
    120.38503574847));
#4746 = CARTESIAN_POINT('',(16.474866329253,-7.119283751581,
    122.50234196598));
#4747 = CARTESIAN_POINT('',(17.429976741808,0.463486094335,
    124.61863496139));
#4748 = CARTESIAN_POINT('',(14.927488095791,7.207112049856,
    126.73543693347));
#4749 = CARTESIAN_POINT('',(10.106899722016,11.738836498649,
    128.85208193638));
#4750 = CARTESIAN_POINT('',(-1.276739775522,15.437605070775,
    133.08541228379));
#4751 = CARTESIAN_POINT('',(-7.840355569864,14.604825454045,
    135.20206112694));
#4752 = CARTESIAN_POINT('',(-13.82873382006,10.620091448922,
    137.31884986378));
#4753 = CARTESIAN_POINT('',(-17.5130199393,3.923951858933,139.4351709659
    ));
#4754 = CARTESIAN_POINT('',(-17.51342547636,-3.923943716561,
    141.55243301372));
#4755 = CARTESIAN_POINT('',(-13.82845936634,-10.62011374566,
    143.66841710177));
#4756 = CARTESIAN_POINT('',(-7.840473426028,-14.60480841166,
    145.78560746528));
#4757 = CARTESIAN_POINT('',(-1.276709827227,-15.43761189573,
    147.90202007402));
#4758 = CARTESIAN_POINT('',(4.415080307416,-13.58821997675,
    150.01874999904));
#4759 = CARTESIAN_POINT('',(10.106909564261,-11.73883994891,
    152.13539084157));
#4760 = CARTESIAN_POINT('',(14.927471943464,-7.207079181728,
    154.25216383379));
#4761 = CARTESIAN_POINT('',(17.429984118836,-0.463599539883,
    156.36856716554));
#4762 = CARTESIAN_POINT('',(16.474883923116,7.119515762536,
    158.4856743111));
#4763 = CARTESIAN_POINT('',(11.862038458527,13.468491286948,
    160.60182027322));
#4764 = CARTESIAN_POINT('',(4.945296878475,16.720140668711,
    162.71892747714));
#4765 = CARTESIAN_POINT('',(-2.241527969826,16.423998027709,
    164.83533073778));
#4766 = CARTESIAN_POINT('',(-8.041084299205,13.239735158083,
    166.95210377491));
#4767 = CARTESIAN_POINT('',(-11.55883219484,8.397981698791,
    169.06874460145));
#4768 = CARTESIAN_POINT('',(-15.07657515177,3.556228795556,
    171.18540070071));
#4769 = CARTESIAN_POINT('',(-16.31279825557,-2.943498567457,
    173.30214976556));
#4770 = CARTESIAN_POINT('',(-14.37364474564,-9.870027434158,
    175.41858320618));
#4771 = CARTESIAN_POINT('',(-9.143719807744,-15.44350328654,
    177.53565960156));
#4772 = CARTESIAN_POINT('',(-1.680006446508,-17.86856944431,
    179.65183103462));
#4773 = CARTESIAN_POINT('',(5.827020801293,-16.43365060656,
    181.76892136778));
#4774 = CARTESIAN_POINT('',(11.467218893361,-11.96975640663,
    183.88533325612));
#4775 = CARTESIAN_POINT('',(14.287494716952,-5.98473998601,
    186.00210315334));
#4776 = CARTESIAN_POINT('',(14.287501471011,1.184098116231E-06,
    188.11874460632));
#4777 = CARTESIAN_POINT('',(14.287504347999,5.984738993331,
    190.23540072218));
#4778 = CARTESIAN_POINT('',(11.467185994381,11.969762624761,
    192.35214968927));
#4779 = CARTESIAN_POINT('',(5.827066249921,16.433636277808,
    194.46858331168));
#4780 = CARTESIAN_POINT('',(-1.680038692462,17.868600351598,
    196.58565955557));
#4781 = CARTESIAN_POINT('',(-9.143727886642,15.443459264438,
    198.70183096587));
#4782 = CARTESIAN_POINT('',(-14.37361629416,9.870065801008,
    200.81892149945));
#4783 = CARTESIAN_POINT('',(-16.31282126242,2.943474162694,
    202.93533315284));
#4784 = CARTESIAN_POINT('',(-15.07656793292,-3.556222317881,
    205.05210319647));
#4785 = CARTESIAN_POINT('',(-11.558830802,-8.397983617366,
    207.16874459827));
#4786 = CARTESIAN_POINT('',(-8.041092642069,-13.23973954945,
    209.28539962901));
#4787 = CARTESIAN_POINT('',(-2.241497840601,-16.42398562947,
    211.40215419997));
#4788 = CARTESIAN_POINT('',(4.945252051682,-16.72015111647,213.518572311
    ));
#4789 = CARTESIAN_POINT('',(11.862082037094,-13.46850564405,
    215.6356789743));
#4790 = CARTESIAN_POINT('',(16.474865545604,-7.119463965815,
    217.75180440074));
#4791 = CARTESIAN_POINT('',(17.429982575755,0.463539254085,
    219.86895047342));
#4792 = CARTESIAN_POINT('',(14.927477168229,7.207123453299,
    221.98530774527));
#4793 = CARTESIAN_POINT('',(10.106906858479,11.738822750478,
    224.10212099819));
#4794 = CARTESIAN_POINT('',(4.415078421454,13.588224932511,
    226.21873485424));
#4795 = CARTESIAN_POINT('',(-1.276719116674,15.437574544418,
    228.33549228571));
#4796 = CARTESIAN_POINT('',(-7.840448912094,14.604913381191,
    230.45186196997));
#4797 = CARTESIAN_POINT('',(-13.82850477247,10.61994400658,
    232.56910580042));
#4798 = CARTESIAN_POINT('',(-17.51337494033,3.924111717755,
    234.68503633885));
#4799 = CARTESIAN_POINT('',(-17.51305712044,-3.924061933277,
    236.8023411548));
#4800 = CARTESIAN_POINT('',(-13.82871679472,-10.62005138819,
    238.91863584777));
#4801 = CARTESIAN_POINT('',(-7.840357650088,-14.60483349863,
    241.03543615627));
#4802 = CARTESIAN_POINT('',(-1.276738472371,-15.43760481518,
    243.15208248034));
#4803 = CARTESIAN_POINT('',(10.10690036891,-11.73883606333,
    247.38541114502));
#4804 = CARTESIAN_POINT('',(14.927484061783,-7.207106509186,
    249.50206727445));
#4805 = CARTESIAN_POINT('',(17.430008181767,-0.463508944727,
    251.61883378875));
#4806 = CARTESIAN_POINT('',(16.474782026557,7.119351610978,
    253.73520024865));
#4807 = CARTESIAN_POINT('',(11.862208349815,13.468669659194,
    255.85239228205));
#4808 = CARTESIAN_POINT('',(4.945128064458,16.720017754996,
    257.9684619103));
#4809 = CARTESIAN_POINT('',(-2.241428542965,16.424052173261,
    260.08556802397));
#4810 = CARTESIAN_POINT('',(-8.04111098163,13.239722062582,
    262.20204774029));
#4811 = CARTESIAN_POINT('',(-11.5588356032,8.397981530215,
    264.31873485429));
#4812 = CARTESIAN_POINT('',(-15.07653376542,3.556240869099,
    266.43549233993));
#4813 = CARTESIAN_POINT('',(-16.31293001886,-2.943543667861,
    268.55186174659));
#4814 = CARTESIAN_POINT('',(-14.37340988159,-9.869946212166,
    270.66910634776));
#4815 = CARTESIAN_POINT('',(-9.143982594139,-15.44359247894,
    272.78503536758));
#4816 = CARTESIAN_POINT('',(-1.679827479576,-17.86850846829,
    274.9023424886));
#4817 = CARTESIAN_POINT('',(5.826960442715,-16.43366807209,
    277.01863439063));
#4818 = CARTESIAN_POINT('',(11.467218429452,-11.96976455259,
    279.13543743383));
#4819 = CARTESIAN_POINT('',(14.287500688229,-5.984732986226,
    281.2520815862));
#4820 = CARTESIAN_POINT('',(14.287500677681,5.984734250171,
    285.48541301692));
#4821 = CARTESIAN_POINT('',(11.467210941847,11.969759182639,
    287.60205716922));
#4822 = CARTESIAN_POINT('',(5.826994363052,16.433699648189,
    289.71886021273));
#4823 = CARTESIAN_POINT('',(-1.679922525877,17.86843317261,
    291.83515211397));
#4824 = CARTESIAN_POINT('',(-9.143835941075,15.443700989339,
    293.95245923632));
#4825 = CARTESIAN_POINT('',(-14.37355997434,9.869841013454,
    296.06838825458));
#4826 = CARTESIAN_POINT('',(-16.31283541571,2.943607923874,
    298.18563285708));
#4827 = CARTESIAN_POINT('',(-15.0765680546,-3.556267246201,
    300.30200226288));
#4828 = CARTESIAN_POINT('',(-11.55882941405,-8.397978497914,
    302.41875974898));
#4829 = CARTESIAN_POINT('',(31.75,-1.7763568394E-14,-2.38125));
#4830 = CARTESIAN_POINT('',(31.750007254457,13.299402348029,
    -0.264558102207));
#4831 = CARTESIAN_POINT('',(25.482653452322,26.599520263435,
    1.852005287022));
#4832 = CARTESIAN_POINT('',(12.949000509348,36.519121381474,
    3.968926805956));
#4833 = CARTESIAN_POINT('',(-3.733365398438,39.708028354642,
    6.085169742372));
#4834 = CARTESIAN_POINT('',(-20.31944285973,34.318844425753,
    8.202331653077));
#4835 = CARTESIAN_POINT('',(-31.94133240144,21.933398989614,
    10.318588633333));
#4836 = CARTESIAN_POINT('',(-36.25072793455,6.541114373382,
    12.435488473628));
#4837 = CARTESIAN_POINT('',(-33.50348137994,-7.902734540789,
    14.552072770467));
#4838 = CARTESIAN_POINT('',(-25.68628957134,-18.66218176028,
    16.668749999817));
#4839 = CARTESIAN_POINT('',(-17.86910238307,-29.42162821656,
    18.785443581628));
#4840 = CARTESIAN_POINT('',(-4.98109600431,-36.49779315047,
    20.901998359306));
#4841 = CARTESIAN_POINT('',(10.989444471753,-37.15581809937,
    23.018943772329));
#4842 = CARTESIAN_POINT('',(26.360140700281,-29.93005839411,
    25.13513964295));
#4843 = CARTESIAN_POINT('',(36.610897327727,-15.82105160463,
    27.252372979587));
#4844 = CARTESIAN_POINT('',(38.73319596573,1.03014295035,29.36854348939)
  );
#4845 = CARTESIAN_POINT('',(33.172237118404,16.015778155563,
    31.485528052528));
#4846 = CARTESIAN_POINT('',(22.459766873389,26.086293495298,
    33.602045069852));
#4847 = CARTESIAN_POINT('',(9.811294009898,30.196047293358,
    35.718765145479));
#4848 = CARTESIAN_POINT('',(-2.837234141312,34.305778656075,
    37.835341048198));
#4849 = CARTESIAN_POINT('',(-17.42294784344,32.455172601839,
    39.952304696122));
#4850 = CARTESIAN_POINT('',(-30.73048985171,23.600257096825,
    42.068394199817));
#4851 = CARTESIAN_POINT('',(-38.91805662426,8.719759188228,
    44.185796994563));
#4852 = CARTESIAN_POINT('',(-38.91832202614,-8.719742058086,
    46.301825511664));
#4853 = CARTESIAN_POINT('',(-30.73029378039,-23.60028793005,
    48.418864152357));
#4854 = CARTESIAN_POINT('',(-17.423054701,-32.45514781938,
    50.535397177001));
#4855 = CARTESIAN_POINT('',(-2.837199808411,-34.30578825005,
    52.652084186341));
#4856 = CARTESIAN_POINT('',(22.459778232311,-26.08630184499,
    56.885422188278));
#4857 = CARTESIAN_POINT('',(33.172197064853,-16.01575238413,
    59.002099392356));
#4858 = CARTESIAN_POINT('',(38.733268939187,-1.030236512811,
    61.118666210903));
#4859 = CARTESIAN_POINT('',(36.61082447248,15.821243913166,
    63.235633085294));
#4860 = CARTESIAN_POINT('',(26.360167839155,29.929808131793,
    65.351774383642));
#4861 = CARTESIAN_POINT('',(10.989468621666,37.156022145104,
    67.469038091002));
#4862 = CARTESIAN_POINT('',(-4.981123817144,36.497690218854,
    69.585265307997));
#4863 = CARTESIAN_POINT('',(-17.86908943833,29.421652732799,
    71.702118927385));
#4864 = CARTESIAN_POINT('',(-25.68629095882,18.662186877934,
    73.818765145269));
#4865 = CARTESIAN_POINT('',(-33.50348790417,7.9026985918,75.935341048712
    ));
#4866 = CARTESIAN_POINT('',(-36.25069036619,-6.541008190487,
    78.052304695445));
#4867 = CARTESIAN_POINT('',(-31.94142190774,-21.93355210759,
    80.168394200435));
#4868 = CARTESIAN_POINT('',(-20.31932468155,-34.31871757827,
    82.285796994137));
#4869 = CARTESIAN_POINT('',(-3.733455393782,-39.7080722486,
    84.401825511895));
#4870 = CARTESIAN_POINT('',(12.949024602009,-36.51913619009,
    86.518864152254));
#4871 = CARTESIAN_POINT('',(25.482659824412,-26.59950193829,
    88.635397177046));
#4872 = CARTESIAN_POINT('',(31.750000504627,-13.29940894051,
    90.752084186319));
#4873 = CARTESIAN_POINT('',(31.750000519382,13.299407851888,
    94.985422188323));
#4874 = CARTESIAN_POINT('',(25.482658302169,26.599494513925,
    97.102099392123));
#4875 = CARTESIAN_POINT('',(12.949051498555,36.519167231483,
    99.21866621149));
#4876 = CARTESIAN_POINT('',(-3.73353017915,39.707996422505,
    101.33563308428));
#4877 = CARTESIAN_POINT('',(-20.31919921865,34.318828745568,
    103.45177438491));
#4878 = CARTESIAN_POINT('',(-31.94154441717,21.933448029144,
    105.56903808979));
#4879 = CARTESIAN_POINT('',(-36.25061802314,6.541076268433,
    107.68526530887));
#4880 = CARTESIAN_POINT('',(-33.50350686202,-7.902723253569,
    109.80211892686));
#4881 = CARTESIAN_POINT('',(-25.6862948674,-18.66218149836,
    111.91876514555));
#4882 = CARTESIAN_POINT('',(-17.86906012096,-29.42164231278,
    114.03534101509));
#4883 = CARTESIAN_POINT('',(-4.981210935466,-36.49773802859,
    116.15230483214));
#4884 = CARTESIAN_POINT('',(10.989605505175,-37.15593768452,
    118.2683938667));
#4885 = CARTESIAN_POINT('',(26.360023269086,-29.92989329513,
    120.38579758556));
#4886 = CARTESIAN_POINT('',(36.610919798292,-15.82119595385,
    122.50182470018));
#4887 = CARTESIAN_POINT('',(38.733230995243,1.030220234766,
    124.61886503881));
#4888 = CARTESIAN_POINT('',(33.172204693011,16.015751792002,
    126.73539639981));
#4889 = CARTESIAN_POINT('',(22.459779195371,26.086301316547,
    128.85208473027));
#4890 = CARTESIAN_POINT('',(-2.83719862672,34.305788300317,
    133.08542104954));
#4891 = CARTESIAN_POINT('',(-17.42304887582,32.455142065824,
    135.20210553967));
#4892 = CARTESIAN_POINT('',(-30.73031298958,23.60032836244,
    137.31865013641));
#4893 = CARTESIAN_POINT('',(-38.91827666702,8.719637919875,139.435662367
    ));
#4894 = CARTESIAN_POINT('',(-38.91811850929,-8.719592185676,
    141.55173365351));
#4895 = CARTESIAN_POINT('',(-30.73043430332,-23.60042043387,
    143.66908289771));
#4896 = CARTESIAN_POINT('',(-17.42298532392,-32.45506985675,
    145.78522586833));
#4897 = CARTESIAN_POINT('',(-2.83721998918,-34.30581335967,
    147.90214659255));
#4898 = CARTESIAN_POINT('',(9.811289571297,-30.19604439268,
    150.01875000096));
#4899 = CARTESIAN_POINT('',(22.459775024845,-26.08630974679,
    152.13544249183));
#4900 = CARTESIAN_POINT('',(33.17222027973,-16.01574065421,
    154.2520028326));
#4901 = CARTESIAN_POINT('',(38.733209025146,-1.030200133018,
    156.36893283475));
#4902 = CARTESIAN_POINT('',(36.610906743425,15.821093423119,
    158.48515902231));
#4903 = CARTESIAN_POINT('',(26.360106112135,29.930049688653,
    160.60234639281));
#4904 = CARTESIAN_POINT('',(10.989488975151,37.155799901905,
    162.71857252366));
#4905 = CARTESIAN_POINT('',(-4.981122835772,36.49781129932,
    164.83550259501));
#4906 = CARTESIAN_POINT('',(-17.86909139359,29.42162167173,
    166.95206289193));
#4907 = CARTESIAN_POINT('',(-25.68629006593,18.662183584495,
    169.06875539853));
#4908 = CARTESIAN_POINT('',(-33.5034869374,7.902740044608,
    171.18543263239));
#4909 = CARTESIAN_POINT('',(-36.25070739595,-6.541130748472,
    173.30201690182));
#4910 = CARTESIAN_POINT('',(-31.94135933327,-21.933365029,175.4189167929
    ));
#4911 = CARTESIAN_POINT('',(-20.31944166834,-34.31887957117,
    177.53517373194));
#4912 = CARTESIAN_POINT('',(-3.733331061891,-39.70800404692,
    179.65233563311));
#4913 = CARTESIAN_POINT('',(12.948947354256,-36.51913109397,
    181.76857863058));
#4914 = CARTESIAN_POINT('',(25.482688457215,-26.599519877,
    183.88550007836));
#4915 = CARTESIAN_POINT('',(31.749993879913,-13.29940334331,
    186.0020635129));
#4916 = CARTESIAN_POINT('',(31.750001471007,-1.183984123865E-06,
    188.11875539372));
#4917 = CARTESIAN_POINT('',(31.750004349071,13.299404528631,
    190.23543261165));
#4918 = CARTESIAN_POINT('',(25.482658180282,26.599517110486,
    192.35201697556));
#4919 = CARTESIAN_POINT('',(12.948993963886,36.519125044148,
    194.46891669116));
#4920 = CARTESIAN_POINT('',(-3.733357562963,39.708024906354,
    196.58517377569));
#4921 = CARTESIAN_POINT('',(-20.31945100844,34.318847055739,
    198.70233570066));
#4922 = CARTESIAN_POINT('',(-31.94132507147,21.933397376097,
    200.81857850209));
#4923 = CARTESIAN_POINT('',(-36.25073356856,6.541115160396,
    202.93550017922));
#4924 = CARTESIAN_POINT('',(-33.50347775499,-7.902734843101,
    205.05206347057));
#4925 = CARTESIAN_POINT('',(-25.68629146028,-18.66218166683,
    207.16875540177));
#4926 = CARTESIAN_POINT('',(-17.86909892908,-29.42162838725,
    209.28543370403));
#4927 = CARTESIAN_POINT('',(-4.981100938109,-36.49779290721,
    211.40201246752));
#4928 = CARTESIAN_POINT('',(10.989450098267,-37.15581837576,
    213.51892768753));
#4929 = CARTESIAN_POINT('',(26.360135549333,-29.93005814233,
    215.6351543607));
#4930 = CARTESIAN_POINT('',(36.610901080648,-15.82105178705,
    217.75236226467));
#4931 = CARTESIAN_POINT('',(38.733193848917,1.030143052674,
    219.86854952715));
#4932 = CARTESIAN_POINT('',(33.172237983474,16.015778113968,
    221.98552558793));
#4933 = CARTESIAN_POINT('',(22.45976666291,26.08629350533,
    224.10204566845));
#4934 = CARTESIAN_POINT('',(9.811294009975,30.196047293413,
    226.21876514577));
#4935 = CARTESIAN_POINT('',(-2.837234141488,34.305778655957,
    228.33534104754));
#4936 = CARTESIAN_POINT('',(-17.42294784316,32.455172601934,
    230.45230469693));
#4937 = CARTESIAN_POINT('',(-30.73048985205,23.600257096825,
    232.56839419911));
#4938 = CARTESIAN_POINT('',(-38.91805662396,8.719759188157,
    234.68579699502));
#4939 = CARTESIAN_POINT('',(-38.91832202631,-8.719742058011,
    236.80182551141));
#4940 = CARTESIAN_POINT('',(-30.73029378032,-23.60028793009,
    238.91886415244));
#4941 = CARTESIAN_POINT('',(-17.42305470102,-32.45514781937,
    241.03539717699));
#4942 = CARTESIAN_POINT('',(-2.837199808411,-34.30578825005,
    243.15208418633));
#4943 = CARTESIAN_POINT('',(22.459778232308,-26.08630184498,
    247.3854221883));
#4944 = CARTESIAN_POINT('',(33.172197064883,-16.01575238419,
    249.50209939219));
#4945 = CARTESIAN_POINT('',(38.733268939068,-1.030236512597,
    251.61866621134));
#4946 = CARTESIAN_POINT('',(36.610824472747,15.82124391272,
    253.73563308445));
#4947 = CARTESIAN_POINT('',(26.360167838784,29.929808132451,
    255.85177438491));
#4948 = CARTESIAN_POINT('',(10.989468622009,37.156022144379,
    257.96903808944));
#4949 = CARTESIAN_POINT('',(-4.981123817349,36.497690219461,
    260.08526530949));
#4950 = CARTESIAN_POINT('',(-17.86908943824,29.421652732435,
    262.20211892632));
#4951 = CARTESIAN_POINT('',(-25.68629095886,18.66218687807,
    264.31876514572));
#4952 = CARTESIAN_POINT('',(-33.50348788506,7.902698590542,
    266.43534099331));
#4953 = CARTESIAN_POINT('',(-36.25069044441,-6.54100818614,
    268.55230492033));
#4954 = CARTESIAN_POINT('',(-31.94142171638,-21.9335521176,
    270.66839365175));
#4955 = CARTESIAN_POINT('',(-20.31932502105,-34.31871756102,
    272.78579796633));
#4956 = CARTESIAN_POINT('',(-3.733454927508,-39.70807227192,
    274.90182417758));
#4957 = CARTESIAN_POINT('',(12.949024092536,-36.5191361648,
    277.01886560961));
#4958 = CARTESIAN_POINT('',(25.482660271135,-26.59950196039,
    279.13539589942));
#4959 = CARTESIAN_POINT('',(31.750000191965,-13.29940892505,
    281.25208508047));
#4960 = CARTESIAN_POINT('',(31.750001173943,13.299407819515,
    285.4854203164));
#4961 = CARTESIAN_POINT('',(25.482654768627,26.599494688707,
    287.60210949739));
#4962 = CARTESIAN_POINT('',(12.949060738301,36.519166774409,
    289.71863978747));
#4963 = CARTESIAN_POINT('',(-3.733547010454,39.707997255152,
    291.83568121888));
#4964 = CARTESIAN_POINT('',(-20.31917580678,34.318827587412,
    293.95170743098));
#4965 = CARTESIAN_POINT('',(-31.94157017226,21.933449303105,
    296.06911174485));
#4966 = CARTESIAN_POINT('',(-36.25059535308,6.541075147188,
    298.18520047656));
#4967 = CARTESIAN_POINT('',(-33.50352276405,-7.90272246712,
    300.30216440369));
#4968 = CARTESIAN_POINT('',(-25.68628616242,-18.66218192888,
    302.41874025101));
#4969 = DEFINITIONAL_REPRESENTATION('',(#4970),#4974);
#4970 = LINE('',#4971,#4972);
#4971 = CARTESIAN_POINT('',(0.,0.));
#4972 = VECTOR('',#4973,1.);
#4973 = DIRECTION('',(0.,1.));
#4974 = ( GEOMETRIC_REPRESENTATION_CONTEXT(2) 
PARAMETRIC_REPRESENTATION_CONTEXT() REPRESENTATION_CONTEXT('2D SPACE',''
  ) );
#4975 = PCURVE('',#4976,#5257);
#4976 = B_SPLINE_SURFACE_WITH_KNOTS('',1,9,(
    (#4977,#4978,#4979,#4980,#4981,#4982,#4983,#4984,#4985,#4986,#4987
      ,#4988,#4989,#4990,#4991,#4992,#4993,#4994,#4995,#4996,#4997,#4998
      ,#4999,#5000,#5001,#5002,#5003,#5004,#5005,#5006,#5007,#5008,#5009
      ,#5010,#5011,#5012,#5013,#5014,#5015,#5016,#5017,#5018,#5019,#5020
      ,#5021,#5022,#5023,#5024,#5025,#5026,#5027,#5028,#5029,#5030,#5031
      ,#5032,#5033,#5034,#5035,#5036,#5037,#5038,#5039,#5040,#5041,#5042
      ,#5043,#5044,#5045,#5046,#5047,#5048,#5049,#5050,#5051,#5052,#5053
      ,#5054,#5055,#5056,#5057,#5058,#5059,#5060,#5061,#5062,#5063,#5064
      ,#5065,#5066,#5067,#5068,#5069,#5070,#5071,#5072,#5073,#5074,#5075
      ,#5076,#5077,#5078,#5079,#5080,#5081,#5082,#5083,#5084,#5085,#5086
      ,#5087,#5088,#5089,#5090,#5091,#5092,#5093,#5094,#5095,#5096,#5097
      ,#5098,#5099,#5100,#5101,#5102,#5103,#5104,#5105,#5106,#5107,#5108
      ,#5109,#5110,#5111,#5112,#5113,#5114,#5115,#5116)
    ,(#5117,#5118,#5119,#5120,#5121,#5122,#5123,#5124,#5125,#5126,#5127
      ,#5128,#5129,#5130,#5131,#5132,#5133,#5134,#5135,#5136,#5137,#5138
      ,#5139,#5140,#5141,#5142,#5143,#5144,#5145,#5146,#5147,#5148,#5149
      ,#5150,#5151,#5152,#5153,#5154,#5155,#5156,#5157,#5158,#5159,#5160
      ,#5161,#5162,#5163,#5164,#5165,#5166,#5167,#5168,#5169,#5170,#5171
      ,#5172,#5173,#5174,#5175,#5176,#5177,#5178,#5179,#5180,#5181,#5182
      ,#5183,#5184,#5185,#5186,#5187,#5188,#5189,#5190,#5191,#5192,#5193
      ,#5194,#5195,#5196,#5197,#5198,#5199,#5200,#5201,#5202,#5203,#5204
      ,#5205,#5206,#5207,#5208,#5209,#5210,#5211,#5212,#5213,#5214,#5215
      ,#5216,#5217,#5218,#5219,#5220,#5221,#5222,#5223,#5224,#5225,#5226
      ,#5227,#5228,#5229,#5230,#5231,#5232,#5233,#5234,#5235,#5236,#5237
      ,#5238,#5239,#5240,#5241,#5242,#5243,#5244,#5245,#5246,#5247,#5248
      ,#5249,#5250,#5251,#5252,#5253,#5254,#5255,#5256
  )),.UNSPECIFIED.,.F.,.F.,.F.,(2,2),(10,9,9,8,9,8,9,8,9,9,9,9,9,8,9,8,
    10),(0.,4.7625),(0.,19.419442070708,38.838884141415,58.258326212123,
    77.67776828283,97.097210353538,116.51665242424,135.93609449495,
    155.35553656566,174.77497863636,194.19442070707,213.61386277778,
    233.03330484849,252.45274691919,271.8721889899,291.29163106061,
    310.71107313132),.UNSPECIFIED.);
#4977 = CARTESIAN_POINT('',(14.2875,-1.06581410364E-14,2.38125));
#4978 = CARTESIAN_POINT('',(14.287492745545,5.984740557249,
    4.497891435541));
#4979 = CARTESIAN_POINT('',(11.467216728804,11.96975611645,
    6.614661379644));
#4980 = CARTESIAN_POINT('',(5.827018818915,16.433649409797,8.73107319404
    ));
#4981 = CARTESIAN_POINT('',(-1.680007726214,17.868567450421,
    10.848163590977));
#4982 = CARTESIAN_POINT('',(-9.143720176984,15.443500946699,
    12.964335013561));
#4983 = CARTESIAN_POINT('',(-14.37364406091,9.870025221809,
    15.081411366698));
#4984 = CARTESIAN_POINT('',(-16.31279682964,2.943496912123,
    17.197844859683));
#4985 = CARTESIAN_POINT('',(-15.0765733014,-3.556229679309,
    19.31459389621));
#4986 = CARTESIAN_POINT('',(-11.55883030719,-8.397981792125,
    21.431250000179));
#4987 = CARTESIAN_POINT('',(-8.041082692643,-13.23973466816,
    23.547889751688));
#4988 = CARTESIAN_POINT('',(-2.24152506445,-16.42399566823,
    25.664668307439));
#4989 = CARTESIAN_POINT('',(4.945294544044,-16.7201406278,
    27.781056227507));
#4990 = CARTESIAN_POINT('',(11.862044045945,-13.46848520274,
    29.898193690596));
#4991 = CARTESIAN_POINT('',(16.474875006379,-7.119518762653,
    32.014293686895));
#4992 = CARTESIAN_POINT('',(17.429990810303,0.463606508091,
    34.131456510722));
#4993 = CARTESIAN_POINT('',(14.927462337416,7.207074794347,
    36.247805280753));
#4994 = CARTESIAN_POINT('',(10.106912776374,11.73884299395,
    38.364621596836));
#4995 = CARTESIAN_POINT('',(4.415075868638,13.588217075582,
    40.481234854513));
#4996 = CARTESIAN_POINT('',(-1.276705751379,15.437613592559,
    42.597992285096));
#4997 = CARTESIAN_POINT('',(-7.840481290765,14.604801469135,
    44.714361970677));
#4998 = CARTESIAN_POINT('',(-13.82845031872,10.620116845131,
    46.831605799965));
#4999 = CARTESIAN_POINT('',(-17.51343177095,3.923937165784,
    48.947536338995));
#5000 = CARTESIAN_POINT('',(-17.51301216303,-3.923949746794,
    51.06484115485));
#5001 = CARTESIAN_POINT('',(-13.82873468108,-10.62009299139,
    53.18113584771));
#5002 = CARTESIAN_POINT('',(-7.840352274247,-14.60482427324,
    55.297936156314));
#5003 = CARTESIAN_POINT('',(-1.276738660645,-15.43760342458,
    57.414582480329));
#5004 = CARTESIAN_POINT('',(10.106899928327,-11.73883501669,
    61.647911145051));
#5005 = CARTESIAN_POINT('',(14.927486083285,-7.207106750884,
    63.764567274323));
#5006 = CARTESIAN_POINT('',(17.429977572426,-0.463493420551,
    65.88133378909));
#5007 = CARTESIAN_POINT('',(16.474859479302,7.119300548765,
    67.997700248015));
#5008 = CARTESIAN_POINT('',(11.862087039026,13.468753733767,
    70.114892283082));
#5009 = CARTESIAN_POINT('',(4.945240096612,16.719929817907,
    72.230961908942));
#5010 = CARTESIAN_POINT('',(-2.241491409322,16.424099626772,
    74.348068025357));
#5011 = CARTESIAN_POINT('',(-8.041095637371,13.239710151947,
    76.464547739297));
#5012 = CARTESIAN_POINT('',(-11.55882891972,8.397976674485,
    78.581234854703));
#5013 = CARTESIAN_POINT('',(-15.07656677721,3.556265628286,
    80.697992284551));
#5014 = CARTESIAN_POINT('',(-16.3128335693,-2.943608968769,
    82.81436197149));
#5015 = CARTESIAN_POINT('',(-14.37355748388,-9.869841198815,
    84.931605799114));
#5016 = CARTESIAN_POINT('',(-9.143834057903,-15.44370013909,
    87.047536339663));
#5017 = CARTESIAN_POINT('',(-1.679920404917,-17.86843149461,
    89.164841154459));
#5018 = CARTESIAN_POINT('',(5.826994616028,-16.43369744667,
    91.281135847877));
#5019 = CARTESIAN_POINT('',(11.467211199778,-11.96975702077,
    93.397936156259));
#5020 = CARTESIAN_POINT('',(14.287499389407,-5.984732433428,
    95.514582480348));
#5021 = CARTESIAN_POINT('',(14.287499374652,5.984733522057,
    99.74791114501));
#5022 = CARTESIAN_POINT('',(11.467212722031,11.969764445137,
    101.86456727452));
#5023 = CARTESIAN_POINT('',(5.826967719447,16.433666405308,
    103.98133378861));
#5024 = CARTESIAN_POINT('',(-1.679845619474,17.868507320684,
    106.09770024878));
#5025 = CARTESIAN_POINT('',(-9.143959520896,15.443588971818,
    108.21489228213));
#5026 = CARTESIAN_POINT('',(-14.37343497437,9.86994527726,
    110.33096190985));
#5027 = CARTESIAN_POINT('',(-16.31290591237,2.943540890815,
    112.44806802465));
#5028 = CARTESIAN_POINT('',(-15.07654781935,-3.556240966515,
    114.56454773975));
#5029 = CARTESIAN_POINT('',(-11.55882501113,-8.397982054056,
    116.68123485441));
#5030 = CARTESIAN_POINT('',(-8.041124954739,-13.23972057196,
    118.79799231822));
#5031 = CARTESIAN_POINT('',(-2.24140429098,-16.42405181708,
    120.9143618346));
#5032 = CARTESIAN_POINT('',(4.945103213068,-16.72001427837,
    123.03160613314));
#5033 = CARTESIAN_POINT('',(11.862231609127,-13.46866857057,
    125.14753574792));
#5034 = CARTESIAN_POINT('',(16.47476415347,-7.119348507963,
    127.26484196638));
#5035 = CARTESIAN_POINT('',(17.43001551638,0.463509698544,
    129.38113496122));
#5036 = CARTESIAN_POINT('',(14.927478455125,7.207107343021,
    131.49793693351));
#5037 = CARTESIAN_POINT('',(10.106898965268,11.738835545134,
    133.61458193638));
#5038 = CARTESIAN_POINT('',(-1.276739842335,15.43760337432,
    137.84791228379));
#5039 = CARTESIAN_POINT('',(-7.840358099448,14.604830026792,
    139.96456112697));
#5040 = CARTESIAN_POINT('',(-13.82871547184,10.620052559052,
    142.08134986364));
#5041 = CARTESIAN_POINT('',(-17.51305752226,3.924053884929,
    144.19767096621));
#5042 = CARTESIAN_POINT('',(-17.51336988576,-3.924104168246,
    146.31493301331));
#5043 = CARTESIAN_POINT('',(-13.82850586724,-10.61995350814,
    148.43091710212));
#5044 = CARTESIAN_POINT('',(-7.840443810219,-14.60490421419,
    150.5481074651));
#5045 = CARTESIAN_POINT('',(-1.276719903536,-15.43757888896,
    152.66452007406));
#5046 = CARTESIAN_POINT('',(4.415080307241,-13.58821997625,
    154.78124999904));
#5047 = CARTESIAN_POINT('',(10.10690462494,-11.73882674244,
    156.89789084157));
#5048 = CARTESIAN_POINT('',(14.927479176001,-7.207112295734,
    159.01466383379));
#5049 = CARTESIAN_POINT('',(17.429977751022,-0.463549325389,
    161.13106716553));
#5050 = CARTESIAN_POINT('',(16.474865590593,7.119476944201,
    163.24817431113));
#5051 = CARTESIAN_POINT('',(11.862078634065,13.468493908093,
    165.36432027317));
#5052 = CARTESIAN_POINT('',(4.945250040741,16.720158825406,
    167.48142747718));
#5053 = CARTESIAN_POINT('',(-2.241498233057,16.423977519319,
    169.59783073775));
#5054 = CARTESIAN_POINT('',(-8.041093682104,13.239741213015,
    171.71460377492));
#5055 = CARTESIAN_POINT('',(-11.55882981259,8.397979967924,
    173.83124460145));
#5056 = CARTESIAN_POINT('',(-15.07656774395,3.556224175483,
    175.94790070071));
#5057 = CARTESIAN_POINT('',(-16.31281736822,-2.943480537033,
    178.06464976556));
#5058 = CARTESIAN_POINT('',(-14.37361712913,-9.870059182393,
    180.18108320616));
#5059 = CARTESIAN_POINT('',(-9.143721368321,-15.44346580135,
    182.2981596016));
#5060 = CARTESIAN_POINT('',(-1.680042062829,-17.86859175804,
    184.41433103456));
#5061 = CARTESIAN_POINT('',(5.827071974058,-16.43363969738,
    186.53142136784));
#5062 = CARTESIAN_POINT('',(11.467181723883,-11.96975650282,
    188.64783325609));
#5063 = CARTESIAN_POINT('',(14.287506120098,-5.984739561985,
    190.76460315335));
#5064 = CARTESIAN_POINT('',(14.287498528992,1.183991449555E-06,
    192.88124460632));
#5065 = CARTESIAN_POINT('',(14.287495650917,5.984738376687,
    194.99790072218));
#5066 = CARTESIAN_POINT('',(11.467212000882,11.969759269249,
    197.11464968928));
#5067 = CARTESIAN_POINT('',(5.827025364356,16.433645747344,
    199.23108331165));
#5068 = CARTESIAN_POINT('',(-1.680015561757,17.868570898593,
    201.34815955564));
#5069 = CARTESIAN_POINT('',(-9.143712028114,15.443498316609,
    203.46433096579));
#5070 = CARTESIAN_POINT('',(-14.37365139106,9.870026835546,
    205.58142149952));
#5071 = CARTESIAN_POINT('',(-16.31279119552,2.943496124953,
    207.6978331528));
#5072 = CARTESIAN_POINT('',(-15.07657692638,-3.556229376951,
    209.81460319648));
#5073 = CARTESIAN_POINT('',(-11.55882841825,-8.397981885575,
    211.93124459827));
#5074 = CARTESIAN_POINT('',(-8.041086146608,-13.2397344975,
    214.04789962901));
#5075 = CARTESIAN_POINT('',(-2.241520130733,-16.42399591139,
    216.16465419997));
#5076 = CARTESIAN_POINT('',(4.94528891766,-16.72014035159,
    218.28107231098));
#5077 = CARTESIAN_POINT('',(11.862049196783,-13.46848545433,
    220.39817897435));
#5078 = CARTESIAN_POINT('',(16.474871253486,-7.119518580355,
    222.51430440067));
#5079 = CARTESIAN_POINT('',(17.429992927151,0.463606405806,
    224.63145047349));
#5080 = CARTESIAN_POINT('',(14.927461472308,7.207074835938,
    226.74780774523));
#5081 = CARTESIAN_POINT('',(10.106912986866,11.738842983918,
    228.86462099821));
#5082 = CARTESIAN_POINT('',(4.415075868563,13.588217075524,
    230.98123485423));
#5083 = CARTESIAN_POINT('',(-1.276705751212,15.437613592668,
    233.09799228579));
#5084 = CARTESIAN_POINT('',(-7.840481291027,14.604801469075,
    235.21436196971));
#5085 = CARTESIAN_POINT('',(-13.82845031841,10.620116845072,
    237.3316058009));
#5086 = CARTESIAN_POINT('',(-17.51343177122,3.923937165919,
    239.4475363383));
#5087 = CARTESIAN_POINT('',(-17.51301216287,-3.923949746912,
    241.56484115521));
#5088 = CARTESIAN_POINT('',(-13.82873468114,-10.62009299133,
    243.68113584759));
#5089 = CARTESIAN_POINT('',(-7.840352274234,-14.60482427325,
    245.79793615631));
#5090 = CARTESIAN_POINT('',(-1.276738660646,-15.43760342457,
    247.91458248034));
#5091 = CARTESIAN_POINT('',(10.10689992833,-11.7388350167,
    252.14791114502));
#5092 = CARTESIAN_POINT('',(14.927486083259,-7.207106750831,
    254.26456727448));
#5093 = CARTESIAN_POINT('',(17.429977572523,-0.463493420698,
    256.38133378861));
#5094 = CARTESIAN_POINT('',(16.474859479096,7.11930054906,
    258.49770024896));
#5095 = CARTESIAN_POINT('',(11.862087039312,13.468753733305,
    260.61489228163));
#5096 = CARTESIAN_POINT('',(4.945240096346,16.719929818479,
    262.73096191065));
#5097 = CARTESIAN_POINT('',(-2.241491409151,16.424099626233,
    264.84806802378));
#5098 = CARTESIAN_POINT('',(-8.041095637457,13.239710152318,
    266.96454774035));
#5099 = CARTESIAN_POINT('',(-11.55882891967,8.397976674342,
    269.08123485428));
#5100 = CARTESIAN_POINT('',(-15.07656679629,3.556265629533,
    271.19799234001));
#5101 = CARTESIAN_POINT('',(-16.31283349117,-2.94360897307,
    273.31436174633));
#5102 = CARTESIAN_POINT('',(-14.37355767509,-9.869841188878,
    275.43160634822));
#5103 = CARTESIAN_POINT('',(-9.143833718552,-15.44370015627,
    277.54753536705));
#5104 = CARTESIAN_POINT('',(-1.679920871099,-17.86843147133,
    279.66484248899));
#5105 = CARTESIAN_POINT('',(5.826995125463,-16.43369747195,
    281.78113439045));
#5106 = CARTESIAN_POINT('',(11.467210753064,-11.96975699866,
    283.89793743387));
#5107 = CARTESIAN_POINT('',(14.287499702069,-5.984732448892,
    286.0145815862));
#5108 = CARTESIAN_POINT('',(14.287498720091,5.98473355443,
    290.24791301692));
#5109 = CARTESIAN_POINT('',(11.467216255571,11.969764270364,
    292.36455716926));
#5110 = CARTESIAN_POINT('',(5.826958479704,16.433666862352,
    294.48136021257));
#5111 = CARTESIAN_POINT('',(-1.679828788167,17.868506488086,
    296.59765211431));
#5112 = CARTESIAN_POINT('',(-9.14398293279,15.44359012993,
    298.71495923587));
#5113 = CARTESIAN_POINT('',(-14.37340921925,9.869944003309,
    300.83088825496));
#5114 = CARTESIAN_POINT('',(-16.31292858248,2.943542012074,
    302.94813285689));
#5115 = CARTESIAN_POINT('',(-15.0765319173,-3.556241752978,
    305.06450226293));
#5116 = CARTESIAN_POINT('',(-11.5588337161,-8.397981623531,
    307.18125974898));
#5117 = CARTESIAN_POINT('',(14.2875,-7.105427357601E-15,-2.38125));
#5118 = CARTESIAN_POINT('',(14.287507099701,5.984741366049,
    -0.264608564459));
#5119 = CARTESIAN_POINT('',(11.467181901984,11.969758678877,
    1.852161379643));
#5120 = CARTESIAN_POINT('',(5.82707123,16.433641890132,3.968573194052));
#5121 = CARTESIAN_POINT('',(-1.680043738758,17.868593434576,
    6.085663590945));
#5122 = CARTESIAN_POINT('',(-9.143723574348,15.443466660706,
    8.201835013609));
#5123 = CARTESIAN_POINT('',(-14.37361943688,9.870058987747,
    10.318911366655));
#5124 = CARTESIAN_POINT('',(-16.3128192901,2.943479496733,
    12.435344859707));
#5125 = CARTESIAN_POINT('',(-15.07656900259,-3.556225793955,
    14.552093896204));
#5126 = CARTESIAN_POINT('',(-11.55883030711,-8.397981792065,
    16.668750000179));
#5127 = CARTESIAN_POINT('',(-8.041093546787,-13.23974288698,
    18.785389751689));
#5128 = CARTESIAN_POINT('',(-2.241496548843,-16.4239808622,
    20.902168307434));
#5129 = CARTESIAN_POINT('',(4.945250579602,-16.72015655291,
    23.018556227529));
#5130 = CARTESIAN_POINT('',(11.862083383491,-13.46850066712,
    25.135693690545));
#5131 = CARTESIAN_POINT('',(16.474864565664,-7.119467592086,
    27.251793686966));
#5132 = CARTESIAN_POINT('',(17.429983127917,0.463541299627,
    29.368956510655));
#5133 = CARTESIAN_POINT('',(14.927476942796,7.207122617255,
    31.485305280797));
#5134 = CARTESIAN_POINT('',(10.106906913247,11.738822953934,
    33.602121596816));
#5135 = CARTESIAN_POINT('',(4.415078421488,13.58822493242,35.71873485452
    ));
#5136 = CARTESIAN_POINT('',(-1.276719116718,15.43757454466,
    37.835492285017));
#5137 = CARTESIAN_POINT('',(-7.840448912166,14.604913380799,
    39.951861970937));
#5138 = CARTESIAN_POINT('',(-13.82850477222,10.61994400704,
    42.06910579949));
#5139 = CARTESIAN_POINT('',(-17.51337494066,3.924111717366,
    44.185036339542));
#5140 = CARTESIAN_POINT('',(-17.51305712019,-3.92406193305,
    46.302341154448));
#5141 = CARTESIAN_POINT('',(-13.82871679483,-10.62005138828,
    48.418635847888));
#5142 = CARTESIAN_POINT('',(-7.840357650059,-14.60483349861,
    50.535436156277));
#5143 = CARTESIAN_POINT('',(-1.276738472375,-15.43760481518,
    52.652082480328));
#5144 = CARTESIAN_POINT('',(10.10690036892,-11.73883606333,
    56.885411145052));
#5145 = CARTESIAN_POINT('',(14.927484061721,-7.207106509201,
    59.002067274287));
#5146 = CARTESIAN_POINT('',(17.430008181953,-0.463508944663,
    61.118833789244));
#5147 = CARTESIAN_POINT('',(16.474782026172,7.119351610831,
    63.235200247681));
#5148 = CARTESIAN_POINT('',(11.862208350394,13.468669659401,
    65.352392283526));
#5149 = CARTESIAN_POINT('',(4.945128063797,16.720017754812,
    67.468461908566));
#5150 = CARTESIAN_POINT('',(-2.24142854239,16.424052173353,
    69.585568025559));
#5151 = CARTESIAN_POINT('',(-8.041110982001,13.239722062555,
    71.702047739236));
#5152 = CARTESIAN_POINT('',(-11.55883560305,8.397981530224,
    73.81873485471));
#5153 = CARTESIAN_POINT('',(-15.0765337708,3.556240850801,
    75.935492284473));
#5154 = CARTESIAN_POINT('',(-16.3129299978,-2.943543592645,
    78.051861971748));
#5155 = CARTESIAN_POINT('',(-14.37340993235,-9.869946396546,
    80.169105798643));
#5156 = CARTESIAN_POINT('',(-9.143982504698,-15.44359215139,
    82.285036340204));
#5157 = CARTESIAN_POINT('',(-1.679827602,-17.86850891852,84.402341154062
    ));
#5158 = CARTESIAN_POINT('',(5.826960576276,-16.43366757991,
    86.518635848051));
#5159 = CARTESIAN_POINT('',(11.467218312404,-11.96976498425,
    88.635436156223));
#5160 = CARTESIAN_POINT('',(14.287500770141,-5.984732684088,
    90.752082480348));
#5161 = CARTESIAN_POINT('',(14.287500506198,5.984733617642,
    94.985411145011));
#5162 = CARTESIAN_POINT('',(11.467211867587,11.969762597247,
    97.102067274487));
#5163 = CARTESIAN_POINT('',(5.826991942331,16.433690719424,
    99.21883378877));
#5164 = CARTESIAN_POINT('',(-1.67991811621,17.868449437448,
    101.33520024845));
#5165 = CARTESIAN_POINT('',(-9.143842074793,15.443678365392,
    103.45239228257));
#5166 = CARTESIAN_POINT('',(-14.37355322679,9.869865901745,
    105.56846190948));
#5167 = CARTESIAN_POINT('',(-16.31284135495,2.943586016799,
    107.68556802485));
#5168 = CARTESIAN_POINT('',(-15.07656388854,-3.556251879402,
    109.80204773969));
#5169 = CARTESIAN_POINT('',(-11.5588316946,-8.39798690988,
    111.91873485442));
#5170 = CARTESIAN_POINT('',(-8.041091195702,-13.23969682034,
    114.03549231814));
#5171 = CARTESIAN_POINT('',(-2.24149624297,-16.4241233944,
    116.15186183486));
#5172 = CARTESIAN_POINT('',(4.945248802459,-16.7199062836,
    118.26910613267));
#5173 = CARTESIAN_POINT('',(11.862083133179,-13.46877668832,
    120.38503574847));
#5174 = CARTESIAN_POINT('',(16.474866329253,-7.119283751581,
    122.50234196598));
#5175 = CARTESIAN_POINT('',(17.429976741808,0.463486094335,
    124.61863496139));
#5176 = CARTESIAN_POINT('',(14.927488095791,7.207112049856,
    126.73543693347));
#5177 = CARTESIAN_POINT('',(10.106899722016,11.738836498649,
    128.85208193638));
#5178 = CARTESIAN_POINT('',(-1.276739775522,15.437605070775,
    133.08541228379));
#5179 = CARTESIAN_POINT('',(-7.840355569864,14.604825454045,
    135.20206112694));
#5180 = CARTESIAN_POINT('',(-13.82873382006,10.620091448922,
    137.31884986378));
#5181 = CARTESIAN_POINT('',(-17.5130199393,3.923951858933,139.4351709659
    ));
#5182 = CARTESIAN_POINT('',(-17.51342547636,-3.923943716561,
    141.55243301372));
#5183 = CARTESIAN_POINT('',(-13.82845936634,-10.62011374566,
    143.66841710177));
#5184 = CARTESIAN_POINT('',(-7.840473426028,-14.60480841166,
    145.78560746528));
#5185 = CARTESIAN_POINT('',(-1.276709827227,-15.43761189573,
    147.90202007402));
#5186 = CARTESIAN_POINT('',(4.415080307416,-13.58821997675,
    150.01874999904));
#5187 = CARTESIAN_POINT('',(10.106909564261,-11.73883994891,
    152.13539084157));
#5188 = CARTESIAN_POINT('',(14.927471943464,-7.207079181728,
    154.25216383379));
#5189 = CARTESIAN_POINT('',(17.429984118836,-0.463599539883,
    156.36856716554));
#5190 = CARTESIAN_POINT('',(16.474883923116,7.119515762536,
    158.4856743111));
#5191 = CARTESIAN_POINT('',(11.862038458527,13.468491286948,
    160.60182027322));
#5192 = CARTESIAN_POINT('',(4.945296878475,16.720140668711,
    162.71892747714));
#5193 = CARTESIAN_POINT('',(-2.241527969826,16.423998027709,
    164.83533073778));
#5194 = CARTESIAN_POINT('',(-8.041084299205,13.239735158083,
    166.95210377491));
#5195 = CARTESIAN_POINT('',(-11.55883219484,8.397981698791,
    169.06874460145));
#5196 = CARTESIAN_POINT('',(-15.07657515177,3.556228795556,
    171.18540070071));
#5197 = CARTESIAN_POINT('',(-16.31279825557,-2.943498567457,
    173.30214976556));
#5198 = CARTESIAN_POINT('',(-14.37364474564,-9.870027434158,
    175.41858320618));
#5199 = CARTESIAN_POINT('',(-9.143719807744,-15.44350328654,
    177.53565960156));
#5200 = CARTESIAN_POINT('',(-1.680006446508,-17.86856944431,
    179.65183103462));
#5201 = CARTESIAN_POINT('',(5.827020801293,-16.43365060656,
    181.76892136778));
#5202 = CARTESIAN_POINT('',(11.467218893361,-11.96975640663,
    183.88533325612));
#5203 = CARTESIAN_POINT('',(14.287494716952,-5.98473998601,
    186.00210315334));
#5204 = CARTESIAN_POINT('',(14.287501471011,1.184098116231E-06,
    188.11874460632));
#5205 = CARTESIAN_POINT('',(14.287504347999,5.984738993331,
    190.23540072218));
#5206 = CARTESIAN_POINT('',(11.467185994381,11.969762624761,
    192.35214968927));
#5207 = CARTESIAN_POINT('',(5.827066249921,16.433636277808,
    194.46858331168));
#5208 = CARTESIAN_POINT('',(-1.680038692462,17.868600351598,
    196.58565955557));
#5209 = CARTESIAN_POINT('',(-9.143727886642,15.443459264438,
    198.70183096587));
#5210 = CARTESIAN_POINT('',(-14.37361629416,9.870065801008,
    200.81892149945));
#5211 = CARTESIAN_POINT('',(-16.31282126242,2.943474162694,
    202.93533315284));
#5212 = CARTESIAN_POINT('',(-15.07656793292,-3.556222317881,
    205.05210319647));
#5213 = CARTESIAN_POINT('',(-11.558830802,-8.397983617366,
    207.16874459827));
#5214 = CARTESIAN_POINT('',(-8.041092642069,-13.23973954945,
    209.28539962901));
#5215 = CARTESIAN_POINT('',(-2.241497840601,-16.42398562947,
    211.40215419997));
#5216 = CARTESIAN_POINT('',(4.945252051682,-16.72015111647,213.518572311
    ));
#5217 = CARTESIAN_POINT('',(11.862082037094,-13.46850564405,
    215.6356789743));
#5218 = CARTESIAN_POINT('',(16.474865545604,-7.119463965815,
    217.75180440074));
#5219 = CARTESIAN_POINT('',(17.429982575755,0.463539254085,
    219.86895047342));
#5220 = CARTESIAN_POINT('',(14.927477168229,7.207123453299,
    221.98530774527));
#5221 = CARTESIAN_POINT('',(10.106906858479,11.738822750478,
    224.10212099819));
#5222 = CARTESIAN_POINT('',(4.415078421454,13.588224932511,
    226.21873485424));
#5223 = CARTESIAN_POINT('',(-1.276719116674,15.437574544418,
    228.33549228571));
#5224 = CARTESIAN_POINT('',(-7.840448912094,14.604913381191,
    230.45186196997));
#5225 = CARTESIAN_POINT('',(-13.82850477247,10.61994400658,
    232.56910580042));
#5226 = CARTESIAN_POINT('',(-17.51337494033,3.924111717755,
    234.68503633885));
#5227 = CARTESIAN_POINT('',(-17.51305712044,-3.924061933277,
    236.8023411548));
#5228 = CARTESIAN_POINT('',(-13.82871679472,-10.62005138819,
    238.91863584777));
#5229 = CARTESIAN_POINT('',(-7.840357650088,-14.60483349863,
    241.03543615627));
#5230 = CARTESIAN_POINT('',(-1.276738472371,-15.43760481518,
    243.15208248034));
#5231 = CARTESIAN_POINT('',(10.10690036891,-11.73883606333,
    247.38541114502));
#5232 = CARTESIAN_POINT('',(14.927484061783,-7.207106509186,
    249.50206727445));
#5233 = CARTESIAN_POINT('',(17.430008181767,-0.463508944727,
    251.61883378875));
#5234 = CARTESIAN_POINT('',(16.474782026557,7.119351610978,
    253.73520024865));
#5235 = CARTESIAN_POINT('',(11.862208349815,13.468669659194,
    255.85239228205));
#5236 = CARTESIAN_POINT('',(4.945128064458,16.720017754996,
    257.9684619103));
#5237 = CARTESIAN_POINT('',(-2.241428542965,16.424052173261,
    260.08556802397));
#5238 = CARTESIAN_POINT('',(-8.04111098163,13.239722062582,
    262.20204774029));
#5239 = CARTESIAN_POINT('',(-11.5588356032,8.397981530215,
    264.31873485429));
#5240 = CARTESIAN_POINT('',(-15.07653376542,3.556240869099,
    266.43549233993));
#5241 = CARTESIAN_POINT('',(-16.31293001886,-2.943543667861,
    268.55186174659));
#5242 = CARTESIAN_POINT('',(-14.37340988159,-9.869946212166,
    270.66910634776));
#5243 = CARTESIAN_POINT('',(-9.143982594139,-15.44359247894,
    272.78503536758));
#5244 = CARTESIAN_POINT('',(-1.679827479576,-17.86850846829,
    274.9023424886));
#5245 = CARTESIAN_POINT('',(5.826960442715,-16.43366807209,
    277.01863439063));
#5246 = CARTESIAN_POINT('',(11.467218429452,-11.96976455259,
    279.13543743383));
#5247 = CARTESIAN_POINT('',(14.287500688229,-5.984732986226,
    281.2520815862));
#5248 = CARTESIAN_POINT('',(14.287500677681,5.984734250171,
    285.48541301692));
#5249 = CARTESIAN_POINT('',(11.467210941847,11.969759182639,
    287.60205716922));
#5250 = CARTESIAN_POINT('',(5.826994363052,16.433699648189,
    289.71886021273));
#5251 = CARTESIAN_POINT('',(-1.679922525877,17.86843317261,
    291.83515211397));
#5252 = CARTESIAN_POINT('',(-9.143835941075,15.443700989339,
    293.95245923632));
#5253 = CARTESIAN_POINT('',(-14.37355997434,9.869841013454,
    296.06838825458));
#5254 = CARTESIAN_POINT('',(-16.31283541571,2.943607923874,
    298.18563285708));
#5255 = CARTESIAN_POINT('',(-15.0765680546,-3.556267246201,
    300.30200226288));
#5256 = CARTESIAN_POINT('',(-11.55882941405,-8.397978497914,
    302.41875974898));
#5257 = DEFINITIONAL_REPRESENTATION('',(#5258),#5262);
#5258 = LINE('',#5259,#5260);
#5259 = CARTESIAN_POINT('',(4.7625,0.));
#5260 = VECTOR('',#5261,1.);
#5261 = DIRECTION('',(0.,1.));
#5262 = ( GEOMETRIC_REPRESENTATION_CONTEXT(2) 
PARAMETRIC_REPRESENTATION_CONTEXT() REPRESENTATION_CONTEXT('2D SPACE',''
  ) );
#5263 = ORIENTED_EDGE('',*,*,#5264,.T.);
#5264 = EDGE_CURVE('',#4541,#5265,#5267,.T.);
#5265 = VERTEX_POINT('',#5266);
#5266 = CARTESIAN_POINT('',(31.75,-1.06581410364E-14,-2.38125));
#5267 = SURFACE_CURVE('',#5268,(#5271,#5278),.PCURVE_S1.);
#5268 = B_SPLINE_CURVE_WITH_KNOTS('',1,(#5269,#5270),.UNSPECIFIED.,.F.,
  .F.,(2,2),(0.,17.4625),.PIECEWISE_BEZIER_KNOTS.);
#5269 = CARTESIAN_POINT('',(14.2875,-7.105427357601E-15,-2.38125));
#5270 = CARTESIAN_POINT('',(31.75,-1.7763568394E-14,-2.38125));
#5271 = PCURVE('',#4688,#5272);
#5272 = DEFINITIONAL_REPRESENTATION('',(#5273),#5277);
#5273 = LINE('',#5274,#5275);
#5274 = CARTESIAN_POINT('',(0.,0.));
#5275 = VECTOR('',#5276,1.);
#5276 = DIRECTION('',(1.,0.));
#5277 = ( GEOMETRIC_REPRESENTATION_CONTEXT(2) 
PARAMETRIC_REPRESENTATION_CONTEXT() REPRESENTATION_CONTEXT('2D SPACE',''
  ) );
#5278 = PCURVE('',#5279,#5284);
#5279 = PLANE('',#5280);
#5280 = AXIS2_PLACEMENT_3D('',#5281,#5282,#5283);
#5281 = CARTESIAN_POINT('',(23.01875,-1.224417392872E-14,
    -1.138946454959E-15));
#5282 = DIRECTION('',(-5.44950456918E-16,-1.,-2.397782010439E-16));
#5283 = DIRECTION('',(-1.,5.44950456918E-16,0.));
#5284 = DEFINITIONAL_REPRESENTATION('',(#5285),#5288);
#5285 = B_SPLINE_CURVE_WITH_KNOTS('',1,(#5286,#5287),.UNSPECIFIED.,.F.,
  .F.,(2,2),(0.,17.4625),.PIECEWISE_BEZIER_KNOTS.);
#5286 = CARTESIAN_POINT('',(8.73125,2.38125));
#5287 = CARTESIAN_POINT('',(-8.73125,2.38125));
#5288 = ( GEOMETRIC_REPRESENTATION_CONTEXT(2) 
PARAMETRIC_REPRESENTATION_CONTEXT() REPRESENTATION_CONTEXT('2D SPACE',''
  ) );
#5289 = ORIENTED_EDGE('',*,*,#5290,.T.);
#5290 = EDGE_CURVE('',#5265,#5291,#5293,.T.);
#5291 = VERTEX_POINT('',#5292);
#5292 = CARTESIAN_POINT('',(-25.68628616242,-18.66218192888,
    302.41874025101));
#5293 = SURFACE_CURVE('',#5294,(#5435,#5442),.PCURVE_S1.);
#5294 = B_SPLINE_CURVE_WITH_KNOTS('',9,(#5295,#5296,#5297,#5298,#5299,
    #5300,#5301,#5302,#5303,#5304,#5305,#5306,#5307,#5308,#5309,#5310,
    #5311,#5312,#5313,#5314,#5315,#5316,#5317,#5318,#5319,#5320,#5321,
    #5322,#5323,#5324,#5325,#5326,#5327,#5328,#5329,#5330,#5331,#5332,
    #5333,#5334,#5335,#5336,#5337,#5338,#5339,#5340,#5341,#5342,#5343,
    #5344,#5345,#5346,#5347,#5348,#5349,#5350,#5351,#5352,#5353,#5354,
    #5355,#5356,#5357,#5358,#5359,#5360,#5361,#5362,#5363,#5364,#5365,
    #5366,#5367,#5368,#5369,#5370,#5371,#5372,#5373,#5374,#5375,#5376,
    #5377,#5378,#5379,#5380,#5381,#5382,#5383,#5384,#5385,#5386,#5387,
    #5388,#5389,#5390,#5391,#5392,#5393,#5394,#5395,#5396,#5397,#5398,
    #5399,#5400,#5401,#5402,#5403,#5404,#5405,#5406,#5407,#5408,#5409,
    #5410,#5411,#5412,#5413,#5414,#5415,#5416,#5417,#5418,#5419,#5420,
    #5421,#5422,#5423,#5424,#5425,#5426,#5427,#5428,#5429,#5430,#5431,
    #5432,#5433,#5434),.UNSPECIFIED.,.F.,.F.,(10,9,9,8,9,8,9,8,9,9,9,9,9
    ,8,9,8,10),(0.,19.419442070708,38.838884141415,58.258326212123,
    77.67776828283,97.097210353538,116.51665242424,135.93609449495,
    155.35553656566,174.77497863636,194.19442070707,213.61386277778,
    233.03330484849,252.45274691919,271.8721889899,291.29163106061,
    310.71107313132),.UNSPECIFIED.);
#5295 = CARTESIAN_POINT('',(31.75,-1.7763568394E-14,-2.38125));
#5296 = CARTESIAN_POINT('',(31.750007254457,13.299402348029,
    -0.264558102207));
#5297 = CARTESIAN_POINT('',(25.482653452322,26.599520263435,
    1.852005287022));
#5298 = CARTESIAN_POINT('',(12.949000509348,36.519121381474,
    3.968926805956));
#5299 = CARTESIAN_POINT('',(-3.733365398438,39.708028354642,
    6.085169742372));
#5300 = CARTESIAN_POINT('',(-20.31944285973,34.318844425753,
    8.202331653077));
#5301 = CARTESIAN_POINT('',(-31.94133240144,21.933398989614,
    10.318588633333));
#5302 = CARTESIAN_POINT('',(-36.25072793455,6.541114373382,
    12.435488473628));
#5303 = CARTESIAN_POINT('',(-33.50348137994,-7.902734540789,
    14.552072770467));
#5304 = CARTESIAN_POINT('',(-25.68628957134,-18.66218176028,
    16.668749999817));
#5305 = CARTESIAN_POINT('',(-17.86910238307,-29.42162821656,
    18.785443581628));
#5306 = CARTESIAN_POINT('',(-4.98109600431,-36.49779315047,
    20.901998359306));
#5307 = CARTESIAN_POINT('',(10.989444471753,-37.15581809937,
    23.018943772329));
#5308 = CARTESIAN_POINT('',(26.360140700281,-29.93005839411,
    25.13513964295));
#5309 = CARTESIAN_POINT('',(36.610897327727,-15.82105160463,
    27.252372979587));
#5310 = CARTESIAN_POINT('',(38.73319596573,1.03014295035,29.36854348939)
  );
#5311 = CARTESIAN_POINT('',(33.172237118404,16.015778155563,
    31.485528052528));
#5312 = CARTESIAN_POINT('',(22.459766873389,26.086293495298,
    33.602045069852));
#5313 = CARTESIAN_POINT('',(9.811294009898,30.196047293358,
    35.718765145479));
#5314 = CARTESIAN_POINT('',(-2.837234141312,34.305778656075,
    37.835341048198));
#5315 = CARTESIAN_POINT('',(-17.42294784344,32.455172601839,
    39.952304696122));
#5316 = CARTESIAN_POINT('',(-30.73048985171,23.600257096825,
    42.068394199817));
#5317 = CARTESIAN_POINT('',(-38.91805662426,8.719759188228,
    44.185796994563));
#5318 = CARTESIAN_POINT('',(-38.91832202614,-8.719742058086,
    46.301825511664));
#5319 = CARTESIAN_POINT('',(-30.73029378039,-23.60028793005,
    48.418864152357));
#5320 = CARTESIAN_POINT('',(-17.423054701,-32.45514781938,
    50.535397177001));
#5321 = CARTESIAN_POINT('',(-2.837199808411,-34.30578825005,
    52.652084186341));
#5322 = CARTESIAN_POINT('',(22.459778232311,-26.08630184499,
    56.885422188278));
#5323 = CARTESIAN_POINT('',(33.172197064853,-16.01575238413,
    59.002099392356));
#5324 = CARTESIAN_POINT('',(38.733268939187,-1.030236512811,
    61.118666210903));
#5325 = CARTESIAN_POINT('',(36.61082447248,15.821243913166,
    63.235633085294));
#5326 = CARTESIAN_POINT('',(26.360167839155,29.929808131793,
    65.351774383642));
#5327 = CARTESIAN_POINT('',(10.989468621666,37.156022145104,
    67.469038091002));
#5328 = CARTESIAN_POINT('',(-4.981123817144,36.497690218854,
    69.585265307997));
#5329 = CARTESIAN_POINT('',(-17.86908943833,29.421652732799,
    71.702118927385));
#5330 = CARTESIAN_POINT('',(-25.68629095882,18.662186877934,
    73.818765145269));
#5331 = CARTESIAN_POINT('',(-33.50348790417,7.9026985918,75.935341048712
    ));
#5332 = CARTESIAN_POINT('',(-36.25069036619,-6.541008190487,
    78.052304695445));
#5333 = CARTESIAN_POINT('',(-31.94142190774,-21.93355210759,
    80.168394200435));
#5334 = CARTESIAN_POINT('',(-20.31932468155,-34.31871757827,
    82.285796994137));
#5335 = CARTESIAN_POINT('',(-3.733455393782,-39.7080722486,
    84.401825511895));
#5336 = CARTESIAN_POINT('',(12.949024602009,-36.51913619009,
    86.518864152254));
#5337 = CARTESIAN_POINT('',(25.482659824412,-26.59950193829,
    88.635397177046));
#5338 = CARTESIAN_POINT('',(31.750000504627,-13.29940894051,
    90.752084186319));
#5339 = CARTESIAN_POINT('',(31.750000519382,13.299407851888,
    94.985422188323));
#5340 = CARTESIAN_POINT('',(25.482658302169,26.599494513925,
    97.102099392123));
#5341 = CARTESIAN_POINT('',(12.949051498555,36.519167231483,
    99.21866621149));
#5342 = CARTESIAN_POINT('',(-3.73353017915,39.707996422505,
    101.33563308428));
#5343 = CARTESIAN_POINT('',(-20.31919921865,34.318828745568,
    103.45177438491));
#5344 = CARTESIAN_POINT('',(-31.94154441717,21.933448029144,
    105.56903808979));
#5345 = CARTESIAN_POINT('',(-36.25061802314,6.541076268433,
    107.68526530887));
#5346 = CARTESIAN_POINT('',(-33.50350686202,-7.902723253569,
    109.80211892686));
#5347 = CARTESIAN_POINT('',(-25.6862948674,-18.66218149836,
    111.91876514555));
#5348 = CARTESIAN_POINT('',(-17.86906012096,-29.42164231278,
    114.03534101509));
#5349 = CARTESIAN_POINT('',(-4.981210935466,-36.49773802859,
    116.15230483214));
#5350 = CARTESIAN_POINT('',(10.989605505175,-37.15593768452,
    118.2683938667));
#5351 = CARTESIAN_POINT('',(26.360023269086,-29.92989329513,
    120.38579758556));
#5352 = CARTESIAN_POINT('',(36.610919798292,-15.82119595385,
    122.50182470018));
#5353 = CARTESIAN_POINT('',(38.733230995243,1.030220234766,
    124.61886503881));
#5354 = CARTESIAN_POINT('',(33.172204693011,16.015751792002,
    126.73539639981));
#5355 = CARTESIAN_POINT('',(22.459779195371,26.086301316547,
    128.85208473027));
#5356 = CARTESIAN_POINT('',(-2.83719862672,34.305788300317,
    133.08542104954));
#5357 = CARTESIAN_POINT('',(-17.42304887582,32.455142065824,
    135.20210553967));
#5358 = CARTESIAN_POINT('',(-30.73031298958,23.60032836244,
    137.31865013641));
#5359 = CARTESIAN_POINT('',(-38.91827666702,8.719637919875,139.435662367
    ));
#5360 = CARTESIAN_POINT('',(-38.91811850929,-8.719592185676,
    141.55173365351));
#5361 = CARTESIAN_POINT('',(-30.73043430332,-23.60042043387,
    143.66908289771));
#5362 = CARTESIAN_POINT('',(-17.42298532392,-32.45506985675,
    145.78522586833));
#5363 = CARTESIAN_POINT('',(-2.83721998918,-34.30581335967,
    147.90214659255));
#5364 = CARTESIAN_POINT('',(9.811289571297,-30.19604439268,
    150.01875000096));
#5365 = CARTESIAN_POINT('',(22.459775024845,-26.08630974679,
    152.13544249183));
#5366 = CARTESIAN_POINT('',(33.17222027973,-16.01574065421,
    154.2520028326));
#5367 = CARTESIAN_POINT('',(38.733209025146,-1.030200133018,
    156.36893283475));
#5368 = CARTESIAN_POINT('',(36.610906743425,15.821093423119,
    158.48515902231));
#5369 = CARTESIAN_POINT('',(26.360106112135,29.930049688653,
    160.60234639281));
#5370 = CARTESIAN_POINT('',(10.989488975151,37.155799901905,
    162.71857252366));
#5371 = CARTESIAN_POINT('',(-4.981122835772,36.49781129932,
    164.83550259501));
#5372 = CARTESIAN_POINT('',(-17.86909139359,29.42162167173,
    166.95206289193));
#5373 = CARTESIAN_POINT('',(-25.68629006593,18.662183584495,
    169.06875539853));
#5374 = CARTESIAN_POINT('',(-33.5034869374,7.902740044608,
    171.18543263239));
#5375 = CARTESIAN_POINT('',(-36.25070739595,-6.541130748472,
    173.30201690182));
#5376 = CARTESIAN_POINT('',(-31.94135933327,-21.933365029,175.4189167929
    ));
#5377 = CARTESIAN_POINT('',(-20.31944166834,-34.31887957117,
    177.53517373194));
#5378 = CARTESIAN_POINT('',(-3.733331061891,-39.70800404692,
    179.65233563311));
#5379 = CARTESIAN_POINT('',(12.948947354256,-36.51913109397,
    181.76857863058));
#5380 = CARTESIAN_POINT('',(25.482688457215,-26.599519877,
    183.88550007836));
#5381 = CARTESIAN_POINT('',(31.749993879913,-13.29940334331,
    186.0020635129));
#5382 = CARTESIAN_POINT('',(31.750001471007,-1.183984123865E-06,
    188.11875539372));
#5383 = CARTESIAN_POINT('',(31.750004349071,13.299404528631,
    190.23543261165));
#5384 = CARTESIAN_POINT('',(25.482658180282,26.599517110486,
    192.35201697556));
#5385 = CARTESIAN_POINT('',(12.948993963886,36.519125044148,
    194.46891669116));
#5386 = CARTESIAN_POINT('',(-3.733357562963,39.708024906354,
    196.58517377569));
#5387 = CARTESIAN_POINT('',(-20.31945100844,34.318847055739,
    198.70233570066));
#5388 = CARTESIAN_POINT('',(-31.94132507147,21.933397376097,
    200.81857850209));
#5389 = CARTESIAN_POINT('',(-36.25073356856,6.541115160396,
    202.93550017922));
#5390 = CARTESIAN_POINT('',(-33.50347775499,-7.902734843101,
    205.05206347057));
#5391 = CARTESIAN_POINT('',(-25.68629146028,-18.66218166683,
    207.16875540177));
#5392 = CARTESIAN_POINT('',(-17.86909892908,-29.42162838725,
    209.28543370403));
#5393 = CARTESIAN_POINT('',(-4.981100938109,-36.49779290721,
    211.40201246752));
#5394 = CARTESIAN_POINT('',(10.989450098267,-37.15581837576,
    213.51892768753));
#5395 = CARTESIAN_POINT('',(26.360135549333,-29.93005814233,
    215.6351543607));
#5396 = CARTESIAN_POINT('',(36.610901080648,-15.82105178705,
    217.75236226467));
#5397 = CARTESIAN_POINT('',(38.733193848917,1.030143052674,
    219.86854952715));
#5398 = CARTESIAN_POINT('',(33.172237983474,16.015778113968,
    221.98552558793));
#5399 = CARTESIAN_POINT('',(22.45976666291,26.08629350533,
    224.10204566845));
#5400 = CARTESIAN_POINT('',(9.811294009975,30.196047293413,
    226.21876514577));
#5401 = CARTESIAN_POINT('',(-2.837234141488,34.305778655957,
    228.33534104754));
#5402 = CARTESIAN_POINT('',(-17.42294784316,32.455172601934,
    230.45230469693));
#5403 = CARTESIAN_POINT('',(-30.73048985205,23.600257096825,
    232.56839419911));
#5404 = CARTESIAN_POINT('',(-38.91805662396,8.719759188157,
    234.68579699502));
#5405 = CARTESIAN_POINT('',(-38.91832202631,-8.719742058011,
    236.80182551141));
#5406 = CARTESIAN_POINT('',(-30.73029378032,-23.60028793009,
    238.91886415244));
#5407 = CARTESIAN_POINT('',(-17.42305470102,-32.45514781937,
    241.03539717699));
#5408 = CARTESIAN_POINT('',(-2.837199808411,-34.30578825005,
    243.15208418633));
#5409 = CARTESIAN_POINT('',(22.459778232308,-26.08630184498,
    247.3854221883));
#5410 = CARTESIAN_POINT('',(33.172197064883,-16.01575238419,
    249.50209939219));
#5411 = CARTESIAN_POINT('',(38.733268939068,-1.030236512597,
    251.61866621134));
#5412 = CARTESIAN_POINT('',(36.610824472747,15.82124391272,
    253.73563308445));
#5413 = CARTESIAN_POINT('',(26.360167838784,29.929808132451,
    255.85177438491));
#5414 = CARTESIAN_POINT('',(10.989468622009,37.156022144379,
    257.96903808944));
#5415 = CARTESIAN_POINT('',(-4.981123817349,36.497690219461,
    260.08526530949));
#5416 = CARTESIAN_POINT('',(-17.86908943824,29.421652732435,
    262.20211892632));
#5417 = CARTESIAN_POINT('',(-25.68629095886,18.66218687807,
    264.31876514572));
#5418 = CARTESIAN_POINT('',(-33.50348788506,7.902698590542,
    266.43534099331));
#5419 = CARTESIAN_POINT('',(-36.25069044441,-6.54100818614,
    268.55230492033));
#5420 = CARTESIAN_POINT('',(-31.94142171638,-21.9335521176,
    270.66839365175));
#5421 = CARTESIAN_POINT('',(-20.31932502105,-34.31871756102,
    272.78579796633));
#5422 = CARTESIAN_POINT('',(-3.733454927508,-39.70807227192,
    274.90182417758));
#5423 = CARTESIAN_POINT('',(12.949024092536,-36.5191361648,
    277.01886560961));
#5424 = CARTESIAN_POINT('',(25.482660271135,-26.59950196039,
    279.13539589942));
#5425 = CARTESIAN_POINT('',(31.750000191965,-13.29940892505,
    281.25208508047));
#5426 = CARTESIAN_POINT('',(31.750001173943,13.299407819515,
    285.4854203164));
#5427 = CARTESIAN_POINT('',(25.482654768627,26.599494688707,
    287.60210949739));
#5428 = CARTESIAN_POINT('',(12.949060738301,36.519166774409,
    289.71863978747));
#5429 = CARTESIAN_POINT('',(-3.733547010454,39.707997255152,
    291.83568121888));
#5430 = CARTESIAN_POINT('',(-20.31917580678,34.318827587412,
    293.95170743098));
#5431 = CARTESIAN_POINT('',(-31.94157017226,21.933449303105,
    296.06911174485));
#5432 = CARTESIAN_POINT('',(-36.25059535308,6.541075147188,
    298.18520047656));
#5433 = CARTESIAN_POINT('',(-33.50352276405,-7.90272246712,
    300.30216440369));
#5434 = CARTESIAN_POINT('',(-25.68628616242,-18.66218192888,
    302.41874025101));
#5435 = PCURVE('',#4688,#5436);
#5436 = DEFINITIONAL_REPRESENTATION('',(#5437),#5441);
#5437 = LINE('',#5438,#5439);
#5438 = CARTESIAN_POINT('',(17.4625,0.));
#5439 = VECTOR('',#5440,1.);
#5440 = DIRECTION('',(0.,1.));
#5441 = ( GEOMETRIC_REPRESENTATION_CONTEXT(2) 
PARAMETRIC_REPRESENTATION_CONTEXT() REPRESENTATION_CONTEXT('2D SPACE',''
  ) );
#5442 = PCURVE('',#5443,#5724);
#5443 = B_SPLINE_SURFACE_WITH_KNOTS('',1,9,(
    (#5444,#5445,#5446,#5447,#5448,#5449,#5450,#5451,#5452,#5453,#5454
      ,#5455,#5456,#5457,#5458,#5459,#5460,#5461,#5462,#5463,#5464,#5465
      ,#5466,#5467,#5468,#5469,#5470,#5471,#5472,#5473,#5474,#5475,#5476
      ,#5477,#5478,#5479,#5480,#5481,#5482,#5483,#5484,#5485,#5486,#5487
      ,#5488,#5489,#5490,#5491,#5492,#5493,#5494,#5495,#5496,#5497,#5498
      ,#5499,#5500,#5501,#5502,#5503,#5504,#5505,#5506,#5507,#5508,#5509
      ,#5510,#5511,#5512,#5513,#5514,#5515,#5516,#5517,#5518,#5519,#5520
      ,#5521,#5522,#5523,#5524,#5525,#5526,#5527,#5528,#5529,#5530,#5531
      ,#5532,#5533,#5534,#5535,#5536,#5537,#5538,#5539,#5540,#5541,#5542
      ,#5543,#5544,#5545,#5546,#5547,#5548,#5549,#5550,#5551,#5552,#5553
      ,#5554,#5555,#5556,#5557,#5558,#5559,#5560,#5561,#5562,#5563,#5564
      ,#5565,#5566,#5567,#5568,#5569,#5570,#5571,#5572,#5573,#5574,#5575
      ,#5576,#5577,#5578,#5579,#5580,#5581,#5582,#5583)
    ,(#5584,#5585,#5586,#5587,#5588,#5589,#5590,#5591,#5592,#5593,#5594
      ,#5595,#5596,#5597,#5598,#5599,#5600,#5601,#5602,#5603,#5604,#5605
      ,#5606,#5607,#5608,#5609,#5610,#5611,#5612,#5613,#5614,#5615,#5616
      ,#5617,#5618,#5619,#5620,#5621,#5622,#5623,#5624,#5625,#5626,#5627
      ,#5628,#5629,#5630,#5631,#5632,#5633,#5634,#5635,#5636,#5637,#5638
      ,#5639,#5640,#5641,#5642,#5643,#5644,#5645,#5646,#5647,#5648,#5649
      ,#5650,#5651,#5652,#5653,#5654,#5655,#5656,#5657,#5658,#5659,#5660
      ,#5661,#5662,#5663,#5664,#5665,#5666,#5667,#5668,#5669,#5670,#5671
      ,#5672,#5673,#5674,#5675,#5676,#5677,#5678,#5679,#5680,#5681,#5682
      ,#5683,#5684,#5685,#5686,#5687,#5688,#5689,#5690,#5691,#5692,#5693
      ,#5694,#5695,#5696,#5697,#5698,#5699,#5700,#5701,#5702,#5703,#5704
      ,#5705,#5706,#5707,#5708,#5709,#5710,#5711,#5712,#5713,#5714,#5715
      ,#5716,#5717,#5718,#5719,#5720,#5721,#5722,#5723
  )),.UNSPECIFIED.,.F.,.F.,.F.,(2,2),(10,9,9,8,9,8,9,8,9,9,9,9,9,8,9,8,
    10),(0.,4.7625),(0.,19.419442070708,38.838884141415,58.258326212123,
    77.67776828283,97.097210353538,116.51665242424,135.93609449495,
    155.35553656566,174.77497863636,194.19442070707,213.61386277778,
    233.03330484849,252.45274691919,271.8721889899,291.29163106061,
    310.71107313132),.UNSPECIFIED.);
#5444 = CARTESIAN_POINT('',(31.75,-1.06581410364E-14,-2.38125));
#5445 = CARTESIAN_POINT('',(31.750007254457,13.299402348029,
    -0.264558102207));
#5446 = CARTESIAN_POINT('',(25.482653452322,26.599520263435,
    1.852005287022));
#5447 = CARTESIAN_POINT('',(12.949000509349,36.519121381474,
    3.968926805956));
#5448 = CARTESIAN_POINT('',(-3.733365398438,39.708028354643,
    6.085169742372));
#5449 = CARTESIAN_POINT('',(-20.31944285973,34.318844425752,
    8.202331653077));
#5450 = CARTESIAN_POINT('',(-31.94133240144,21.933398989614,
    10.318588633333));
#5451 = CARTESIAN_POINT('',(-36.25072793455,6.541114373382,
    12.435488473628));
#5452 = CARTESIAN_POINT('',(-33.50348137994,-7.902734540789,
    14.552072770467));
#5453 = CARTESIAN_POINT('',(-25.68628957134,-18.66218176028,
    16.668749999817));
#5454 = CARTESIAN_POINT('',(-17.86910238307,-29.42162821656,
    18.785443581628));
#5455 = CARTESIAN_POINT('',(-4.98109600431,-36.49779315047,
    20.901998359306));
#5456 = CARTESIAN_POINT('',(10.989444471753,-37.15581809937,
    23.018943772329));
#5457 = CARTESIAN_POINT('',(26.360140700281,-29.93005839411,
    25.13513964295));
#5458 = CARTESIAN_POINT('',(36.610897327728,-15.82105160463,
    27.252372979587));
#5459 = CARTESIAN_POINT('',(38.73319596573,1.03014295035,29.36854348939)
  );
#5460 = CARTESIAN_POINT('',(33.172237118404,16.015778155563,
    31.485528052528));
#5461 = CARTESIAN_POINT('',(22.459766873389,26.086293495297,
    33.602045069852));
#5462 = CARTESIAN_POINT('',(9.811294009898,30.196047293358,
    35.718765145479));
#5463 = CARTESIAN_POINT('',(-2.837234141312,34.305778656075,
    37.835341048198));
#5464 = CARTESIAN_POINT('',(-17.42294784344,32.455172601839,
    39.952304696122));
#5465 = CARTESIAN_POINT('',(-30.73048985171,23.600257096825,
    42.068394199817));
#5466 = CARTESIAN_POINT('',(-38.91805662425,8.719759188229,
    44.185796994563));
#5467 = CARTESIAN_POINT('',(-38.91832202614,-8.719742058087,
    46.301825511664));
#5468 = CARTESIAN_POINT('',(-30.73029378039,-23.60028793005,
    48.418864152357));
#5469 = CARTESIAN_POINT('',(-17.423054701,-32.45514781938,
    50.535397177001));
#5470 = CARTESIAN_POINT('',(-2.837199808411,-34.30578825005,
    52.652084186341));
#5471 = CARTESIAN_POINT('',(22.459778232311,-26.08630184499,
    56.885422188278));
#5472 = CARTESIAN_POINT('',(33.172197064853,-16.01575238413,
    59.002099392356));
#5473 = CARTESIAN_POINT('',(38.733268939189,-1.030236512812,
    61.118666210903));
#5474 = CARTESIAN_POINT('',(36.610824472478,15.821243913167,
    63.235633085294));
#5475 = CARTESIAN_POINT('',(26.360167839157,29.929808131792,
    65.351774383642));
#5476 = CARTESIAN_POINT('',(10.989468621664,37.156022145105,
    67.469038091002));
#5477 = CARTESIAN_POINT('',(-4.981123817143,36.497690218854,
    69.585265307997));
#5478 = CARTESIAN_POINT('',(-17.86908943833,29.421652732799,
    71.702118927385));
#5479 = CARTESIAN_POINT('',(-25.68629095882,18.662186877934,
    73.818765145269));
#5480 = CARTESIAN_POINT('',(-33.50348790417,7.9026985918,75.935341048712
    ));
#5481 = CARTESIAN_POINT('',(-36.25069036619,-6.541008190487,
    78.052304695445));
#5482 = CARTESIAN_POINT('',(-31.94142190774,-21.93355210759,
    80.168394200435));
#5483 = CARTESIAN_POINT('',(-20.31932468155,-34.31871757827,
    82.285796994137));
#5484 = CARTESIAN_POINT('',(-3.733455393782,-39.7080722486,
    84.401825511895));
#5485 = CARTESIAN_POINT('',(12.949024602008,-36.51913619009,
    86.518864152254));
#5486 = CARTESIAN_POINT('',(25.482659824413,-26.59950193829,
    88.635397177046));
#5487 = CARTESIAN_POINT('',(31.750000504627,-13.29940894051,
    90.752084186319));
#5488 = CARTESIAN_POINT('',(31.750000519382,13.299407851888,
    94.985422188323));
#5489 = CARTESIAN_POINT('',(25.482658302168,26.599494513925,
    97.102099392123));
#5490 = CARTESIAN_POINT('',(12.949051498556,36.519167231482,
    99.21866621149));
#5491 = CARTESIAN_POINT('',(-3.733530179152,39.707996422507,
    101.33563308428));
#5492 = CARTESIAN_POINT('',(-20.31919921865,34.318828745567,
    103.45177438491));
#5493 = CARTESIAN_POINT('',(-31.94154441718,21.933448029145,
    105.56903808979));
#5494 = CARTESIAN_POINT('',(-36.25061802314,6.541076268433,
    107.68526530887));
#5495 = CARTESIAN_POINT('',(-33.50350686202,-7.902723253569,
    109.80211892686));
#5496 = CARTESIAN_POINT('',(-25.6862948674,-18.66218149836,
    111.91876514555));
#5497 = CARTESIAN_POINT('',(-17.86906012096,-29.42164231278,
    114.03534101509));
#5498 = CARTESIAN_POINT('',(-4.981210935466,-36.49773802859,
    116.15230483214));
#5499 = CARTESIAN_POINT('',(10.989605505175,-37.15593768452,
    118.2683938667));
#5500 = CARTESIAN_POINT('',(26.360023269086,-29.92989329513,
    120.38579758556));
#5501 = CARTESIAN_POINT('',(36.610919798292,-15.82119595385,
    122.50182470018));
#5502 = CARTESIAN_POINT('',(38.733230995243,1.030220234766,
    124.61886503881));
#5503 = CARTESIAN_POINT('',(33.172204693011,16.015751792002,
    126.73539639981));
#5504 = CARTESIAN_POINT('',(22.459779195371,26.086301316547,
    128.85208473027));
#5505 = CARTESIAN_POINT('',(-2.83719862672,34.305788300317,
    133.08542104954));
#5506 = CARTESIAN_POINT('',(-17.42304887582,32.455142065824,
    135.20210553967));
#5507 = CARTESIAN_POINT('',(-30.73031298958,23.60032836244,
    137.31865013641));
#5508 = CARTESIAN_POINT('',(-38.91827666702,8.719637919875,139.435662367
    ));
#5509 = CARTESIAN_POINT('',(-38.91811850929,-8.719592185677,
    141.55173365351));
#5510 = CARTESIAN_POINT('',(-30.73043430332,-23.60042043387,
    143.66908289771));
#5511 = CARTESIAN_POINT('',(-17.42298532392,-32.45506985675,
    145.78522586833));
#5512 = CARTESIAN_POINT('',(-2.83721998918,-34.30581335967,
    147.90214659255));
#5513 = CARTESIAN_POINT('',(9.811289571297,-30.19604439268,
    150.01875000096));
#5514 = CARTESIAN_POINT('',(22.459775024845,-26.08630974679,
    152.13544249183));
#5515 = CARTESIAN_POINT('',(33.17222027973,-16.01574065421,
    154.2520028326));
#5516 = CARTESIAN_POINT('',(38.733209025147,-1.030200133018,
    156.36893283475));
#5517 = CARTESIAN_POINT('',(36.610906743425,15.82109342312,
    158.48515902231));
#5518 = CARTESIAN_POINT('',(26.360106112136,29.930049688653,
    160.60234639281));
#5519 = CARTESIAN_POINT('',(10.98948897515,37.155799901906,
    162.71857252366));
#5520 = CARTESIAN_POINT('',(-4.981122835771,36.49781129932,
    164.83550259501));
#5521 = CARTESIAN_POINT('',(-17.8690913936,29.42162167173,
    166.95206289193));
#5522 = CARTESIAN_POINT('',(-25.68629006593,18.662183584495,
    169.06875539853));
#5523 = CARTESIAN_POINT('',(-33.5034869374,7.902740044607,
    171.18543263239));
#5524 = CARTESIAN_POINT('',(-36.25070739595,-6.541130748472,
    173.30201690182));
#5525 = CARTESIAN_POINT('',(-31.94135933327,-21.933365029,175.4189167929
    ));
#5526 = CARTESIAN_POINT('',(-20.31944166834,-34.31887957117,
    177.53517373194));
#5527 = CARTESIAN_POINT('',(-3.733331061891,-39.70800404692,
    179.65233563311));
#5528 = CARTESIAN_POINT('',(12.948947354256,-36.51913109397,
    181.76857863058));
#5529 = CARTESIAN_POINT('',(25.482688457215,-26.599519877,
    183.88550007836));
#5530 = CARTESIAN_POINT('',(31.749993879913,-13.29940334331,
    186.0020635129));
#5531 = CARTESIAN_POINT('',(31.750001471007,-1.18398411676E-06,
    188.11875539372));
#5532 = CARTESIAN_POINT('',(31.750004349071,13.299404528631,
    190.23543261165));
#5533 = CARTESIAN_POINT('',(25.482658180282,26.599517110486,
    192.35201697556));
#5534 = CARTESIAN_POINT('',(12.948993963887,36.519125044148,
    194.46891669116));
#5535 = CARTESIAN_POINT('',(-3.733357562964,39.708024906355,
    196.58517377569));
#5536 = CARTESIAN_POINT('',(-20.31945100844,34.318847055738,
    198.70233570066));
#5537 = CARTESIAN_POINT('',(-31.94132507147,21.933397376098,
    200.81857850209));
#5538 = CARTESIAN_POINT('',(-36.25073356856,6.541115160396,
    202.93550017922));
#5539 = CARTESIAN_POINT('',(-33.50347775499,-7.902734843101,
    205.05206347057));
#5540 = CARTESIAN_POINT('',(-25.68629146028,-18.66218166683,
    207.16875540177));
#5541 = CARTESIAN_POINT('',(-17.86909892908,-29.42162838725,
    209.28543370403));
#5542 = CARTESIAN_POINT('',(-4.98110093811,-36.49779290721,
    211.40201246752));
#5543 = CARTESIAN_POINT('',(10.989450098268,-37.15581837576,
    213.51892768753));
#5544 = CARTESIAN_POINT('',(26.360135549332,-29.93005814233,
    215.6351543607));
#5545 = CARTESIAN_POINT('',(36.61090108065,-15.82105178705,
    217.75236226467));
#5546 = CARTESIAN_POINT('',(38.733193848916,1.030143052673,
    219.86854952715));
#5547 = CARTESIAN_POINT('',(33.172237983475,16.015778113968,
    221.98552558793));
#5548 = CARTESIAN_POINT('',(22.459766662909,26.08629350533,
    224.10204566845));
#5549 = CARTESIAN_POINT('',(9.811294009975,30.196047293413,
    226.21876514577));
#5550 = CARTESIAN_POINT('',(-2.837234141487,34.305778655957,
    228.33534104754));
#5551 = CARTESIAN_POINT('',(-17.42294784316,32.455172601934,
    230.45230469693));
#5552 = CARTESIAN_POINT('',(-30.73048985205,23.600257096825,
    232.56839419911));
#5553 = CARTESIAN_POINT('',(-38.91805662396,8.719759188157,
    234.68579699502));
#5554 = CARTESIAN_POINT('',(-38.91832202631,-8.719742058011,
    236.80182551141));
#5555 = CARTESIAN_POINT('',(-30.73029378033,-23.60028793009,
    238.91886415244));
#5556 = CARTESIAN_POINT('',(-17.42305470102,-32.45514781937,
    241.03539717699));
#5557 = CARTESIAN_POINT('',(-2.837199808411,-34.30578825005,
    243.15208418633));
#5558 = CARTESIAN_POINT('',(22.459778232308,-26.08630184498,
    247.3854221883));
#5559 = CARTESIAN_POINT('',(33.172197064883,-16.01575238419,
    249.50209939219));
#5560 = CARTESIAN_POINT('',(38.733268939068,-1.030236512598,
    251.61866621134));
#5561 = CARTESIAN_POINT('',(36.610824472746,15.821243912722,
    253.73563308445));
#5562 = CARTESIAN_POINT('',(26.360167838785,29.929808132448,
    255.85177438491));
#5563 = CARTESIAN_POINT('',(10.989468622008,37.156022144382,
    257.96903808944));
#5564 = CARTESIAN_POINT('',(-4.981123817348,36.497690219459,
    260.08526530949));
#5565 = CARTESIAN_POINT('',(-17.86908943824,29.421652732435,
    262.20211892632));
#5566 = CARTESIAN_POINT('',(-25.68629095886,18.66218687807,
    264.31876514572));
#5567 = CARTESIAN_POINT('',(-33.50348788506,7.902698590542,
    266.43534099331));
#5568 = CARTESIAN_POINT('',(-36.25069044441,-6.54100818614,
    268.55230492033));
#5569 = CARTESIAN_POINT('',(-31.94142171638,-21.93355211759,
    270.66839365175));
#5570 = CARTESIAN_POINT('',(-20.31932502105,-34.31871756102,
    272.78579796633));
#5571 = CARTESIAN_POINT('',(-3.733454927509,-39.70807227192,
    274.90182417758));
#5572 = CARTESIAN_POINT('',(12.949024092537,-36.5191361648,
    277.01886560961));
#5573 = CARTESIAN_POINT('',(25.482660271134,-26.59950196039,
    279.13539589942));
#5574 = CARTESIAN_POINT('',(31.750000191965,-13.29940892505,
    281.25208508047));
#5575 = CARTESIAN_POINT('',(31.750001173943,13.299407819515,
    285.4854203164));
#5576 = CARTESIAN_POINT('',(25.482654768627,26.599494688707,
    287.60210949739));
#5577 = CARTESIAN_POINT('',(12.949060738301,36.519166774408,
    289.71863978747));
#5578 = CARTESIAN_POINT('',(-3.733547010454,39.707997255154,
    291.83568121888));
#5579 = CARTESIAN_POINT('',(-20.31917580678,34.318827587411,
    293.95170743098));
#5580 = CARTESIAN_POINT('',(-31.94157017226,21.933449303106,
    296.06911174485));
#5581 = CARTESIAN_POINT('',(-36.25059535308,6.541075147187,
    298.18520047656));
#5582 = CARTESIAN_POINT('',(-33.50352276405,-7.90272246712,
    300.30216440369));
#5583 = CARTESIAN_POINT('',(-25.68628616242,-18.66218192888,
    302.41874025101));
#5584 = CARTESIAN_POINT('',(31.75,-1.7763568394E-14,2.38125));
#5585 = CARTESIAN_POINT('',(31.749992900301,13.299401539229,
    4.497941897793));
#5586 = CARTESIAN_POINT('',(25.482688279142,26.599517701009,
    6.614505287022));
#5587 = CARTESIAN_POINT('',(12.948948098264,36.51912890114,
    8.731426805945));
#5588 = CARTESIAN_POINT('',(-3.733329385895,39.708002370486,
    10.847669742404));
#5589 = CARTESIAN_POINT('',(-20.31943946237,34.318878711745,
    12.96483165303));
#5590 = CARTESIAN_POINT('',(-31.94135702548,21.933365223675,
    15.081088633375));
#5591 = CARTESIAN_POINT('',(-36.25070547409,6.541131788773,
    17.197988473605));
#5592 = CARTESIAN_POINT('',(-33.50348567876,-7.902738426143,
    19.314572770473));
#5593 = CARTESIAN_POINT('',(-25.68628957142,-18.66218176034,
    21.431249999817));
#5594 = CARTESIAN_POINT('',(-17.86909152893,-29.42161999774,
    23.547943581628));
#5595 = CARTESIAN_POINT('',(-4.981124519916,-36.49780795651,
    25.66449835931));
#5596 = CARTESIAN_POINT('',(10.989488436194,-37.15580217426,
    27.781443772309));
#5597 = CARTESIAN_POINT('',(26.360101362737,-29.93004292973,
    29.897639642997));
#5598 = CARTESIAN_POINT('',(36.610907768441,-15.8211027752,
    32.01487297952));
#5599 = CARTESIAN_POINT('',(38.733203648117,1.030208158814,
    34.131043489454));
#5600 = CARTESIAN_POINT('',(33.172222513023,16.015730332655,
    36.248028052486));
#5601 = CARTESIAN_POINT('',(22.459772736516,26.086313535313,
    38.364545069871));
#5602 = CARTESIAN_POINT('',(9.811291457047,30.196039436521,
    40.481265145472));
#5603 = CARTESIAN_POINT('',(-2.837220775973,34.305817703974,
    42.597841048277));
#5604 = CARTESIAN_POINT('',(-17.42298022204,32.455060690176,
    44.714804695861));
#5605 = CARTESIAN_POINT('',(-30.73043539821,23.600429934916,
    46.830894200294));
#5606 = CARTESIAN_POINT('',(-38.91811345455,8.719584636647,
    48.948296994013));
#5607 = CARTESIAN_POINT('',(-38.91827706898,-8.719629871831,
    51.064325512069));
#5608 = CARTESIAN_POINT('',(-30.73031166664,-23.60032953317,
    53.181364152176));
#5609 = CARTESIAN_POINT('',(-17.42304932519,-32.45513859401,
    55.29789717704));
#5610 = CARTESIAN_POINT('',(-2.837199996681,-34.30578685944,
    57.414584186341));
#5611 = CARTESIAN_POINT('',(22.459777791718,-26.08630079835,
    61.647922188278));
#5612 = CARTESIAN_POINT('',(33.172199086417,-16.01575262581,
    63.764599392386));
#5613 = CARTESIAN_POINT('',(38.733238329661,-1.030220988699,
    65.881166210762));
#5614 = CARTESIAN_POINT('',(36.610901925609,15.821192851098,
    67.998133085611));
#5615 = CARTESIAN_POINT('',(26.360046527788,29.929892206161,
    70.114274383216));
#5616 = CARTESIAN_POINT('',(10.989580654479,37.155934208199,
    72.231538091365));
#5617 = CARTESIAN_POINT('',(-4.981186684075,36.497737672274,
    74.347765307802));
#5618 = CARTESIAN_POINT('',(-17.8690740937,29.421640822192,
    76.464618927445));
#5619 = CARTESIAN_POINT('',(-25.68628427548,18.662182022194,
    78.581265145262));
#5620 = CARTESIAN_POINT('',(-33.50352091058,7.902723369285,
    80.697841048792));
#5621 = CARTESIAN_POINT('',(-36.25059393769,-6.541073566611,
    82.814804695181));
#5622 = CARTESIAN_POINT('',(-31.94156945927,-21.93344690985,
    84.930894200919));
#5623 = CARTESIAN_POINT('',(-20.31917623476,-34.31882556597,
    87.048296993578));
#5624 = CARTESIAN_POINT('',(-3.733548196699,-39.70799482468,
    89.164325512308));
#5625 = CARTESIAN_POINT('',(12.949058641759,-36.51916605686,
    91.281364152067));
#5626 = CARTESIAN_POINT('',(25.482652711787,-26.59949397481,
    93.397897177088));
#5627 = CARTESIAN_POINT('',(31.749999123893,-13.29940868985,
    95.514584186318));
#5628 = CARTESIAN_POINT('',(31.749999387836,13.299407756303,
    99.747922188323));
#5629 = CARTESIAN_POINT('',(25.482659156612,26.599496361815,
    101.86459939215));
#5630 = CARTESIAN_POINT('',(12.949027275672,36.519142917367,
    103.98116621134));
#5631 = CARTESIAN_POINT('',(-3.733457682416,39.708054305741,
    106.09813308461));
#5632 = CARTESIAN_POINT('',(-20.31931666475,34.318739351995,
    108.21427438447));
#5633 = CARTESIAN_POINT('',(-31.94142616476,21.933527404659,
    110.33153809016));
#5634 = CARTESIAN_POINT('',(-36.25068258057,6.54103114245,
    112.44776530868));
#5635 = CARTESIAN_POINT('',(-33.50349079283,-7.902712340682,
    114.56461892692));
#5636 = CARTESIAN_POINT('',(-25.68628818394,-18.66217664253,
    116.68126514555));
#5637 = CARTESIAN_POINT('',(-17.86909388,-29.4216660644,118.79784101517)
  );
#5638 = CARTESIAN_POINT('',(-4.981118983476,-36.49766645127,
    120.91480483188));
#5639 = CARTESIAN_POINT('',(10.989459915782,-37.15604567929,
    123.03089386718));
#5640 = CARTESIAN_POINT('',(26.360171745037,-29.92978517738,
    125.148297585));
#5641 = CARTESIAN_POINT('',(36.610817622507,-15.82126071023,
    127.2643247006));
#5642 = CARTESIAN_POINT('',(38.733269769816,1.030243838974,
    129.38136503862));
#5643 = CARTESIAN_POINT('',(33.172195052344,16.015747085168,
    131.49789639985));
#5644 = CARTESIAN_POINT('',(22.459778438623,26.086300363032,
    133.61458473027));
#5645 = CARTESIAN_POINT('',(-2.837198693533,34.305786603862,
    137.84792104954));
#5646 = CARTESIAN_POINT('',(-17.4230514054,32.455146638571,
    139.9646055397));
#5647 = CARTESIAN_POINT('',(-30.73029464135,23.600289472569,
    142.08115013628));
#5648 = CARTESIAN_POINT('',(-38.91831424999,8.719739945871,
    144.1981623673));
#5649 = CARTESIAN_POINT('',(-38.9180629187,-8.719752637362,
    146.31423365311));
#5650 = CARTESIAN_POINT('',(-30.73048080422,-23.60026019635,
    148.43158289805));
#5651 = CARTESIAN_POINT('',(-17.42295570811,-32.45516565928,
    150.54772586816));
#5652 = CARTESIAN_POINT('',(-2.837230065488,-34.3057803529,
    152.66464659259));
#5653 = CARTESIAN_POINT('',(9.811289571123,-30.19604439218,
    154.78125000096));
#5654 = CARTESIAN_POINT('',(22.459770085525,-26.08629654032,
    156.89794249183));
#5655 = CARTESIAN_POINT('',(33.172227512267,-16.01577376821,
    159.0145028326));
#5656 = CARTESIAN_POINT('',(38.733202657335,-1.030149918524,
    161.13143283475));
#5657 = CARTESIAN_POINT('',(36.6108884109,15.821054604784,
    163.24765902233));
#5658 = CARTESIAN_POINT('',(26.360146287676,29.930052309797,
    165.36484639278));
#5659 = CARTESIAN_POINT('',(10.989442137415,37.155818058601,
    167.4810725237));
#5660 = CARTESIAN_POINT('',(-4.981093099002,36.49779079093,
    169.59800259498));
#5661 = CARTESIAN_POINT('',(-17.86910077649,29.421627726663,
    171.71456289194));
#5662 = CARTESIAN_POINT('',(-25.68628768368,18.662181853627,
    173.83125539853));
#5663 = CARTESIAN_POINT('',(-33.50347952958,7.902735424535,
    175.94793263239));
#5664 = CARTESIAN_POINT('',(-36.2507265086,-6.541112718049,
    178.06451690182));
#5665 = CARTESIAN_POINT('',(-31.94133171676,-21.93339677723,
    180.18141679289));
#5666 = CARTESIAN_POINT('',(-20.31944322891,-34.31884208597,
    182.29767373197));
#5667 = CARTESIAN_POINT('',(-3.733366678211,-39.70802636065,
    184.41483563306));
#5668 = CARTESIAN_POINT('',(12.94899852702,-36.51912018479,
    186.53107863063));
#5669 = CARTESIAN_POINT('',(25.482651287738,-26.59951997319,
    188.64800007833));
#5670 = CARTESIAN_POINT('',(31.750005283059,-13.29940291929,
    190.7645635129));
#5671 = CARTESIAN_POINT('',(31.749998528988,-1.184090779883E-06,
    192.88125539372));
#5672 = CARTESIAN_POINT('',(31.749995651989,13.299403911986,
    194.99793261165));
#5673 = CARTESIAN_POINT('',(25.482684186783,26.599513754973,
    197.11451697557));
#5674 = CARTESIAN_POINT('',(12.948953078322,36.519134513685,
    199.23141669113));
#5675 = CARTESIAN_POINT('',(-3.733334432259,39.707995453349,
    201.34767377574));
#5676 = CARTESIAN_POINT('',(-20.31943514991,34.31888610791,
    203.46483570059));
#5677 = CARTESIAN_POINT('',(-31.94136016838,21.933358410635,
    205.58107850215));
#5678 = CARTESIAN_POINT('',(-36.25070350167,6.541137122655,
    207.69800017919));
#5679 = CARTESIAN_POINT('',(-33.50348674845,-7.902741902171,
    209.81456347058));
#5680 = CARTESIAN_POINT('',(-25.68628907653,-18.66217993504,
    211.93125540177));
#5681 = CARTESIAN_POINT('',(-17.86909243362,-29.4216233353,
    214.04793370403));
#5682 = CARTESIAN_POINT('',(-4.981123228242,-36.49780318913,
    216.16451246752));
#5683 = CARTESIAN_POINT('',(10.989486964246,-37.15580761089,
    218.2814276875));
#5684 = CARTESIAN_POINT('',(26.36010270902,-29.93003795262,
    220.39765436076));
#5685 = CARTESIAN_POINT('',(36.610906788533,-15.82110640159,
    222.51486226459));
#5686 = CARTESIAN_POINT('',(38.733204200311,1.030210204396,
    224.63104952722));
#5687 = CARTESIAN_POINT('',(33.172222287554,16.015729496607,
    226.74802558788));
#5688 = CARTESIAN_POINT('',(22.459772791296,26.08631373877,
    228.86454566847));
#5689 = CARTESIAN_POINT('',(9.811291457084,30.196039436426,
    230.98126514576));
#5690 = CARTESIAN_POINT('',(-2.837220776026,34.305817704207,
    233.09784104762));
#5691 = CARTESIAN_POINT('',(-17.42298022209,32.455060689818,
    235.21480469667));
#5692 = CARTESIAN_POINT('',(-30.73043539799,23.600429935317,
    237.33089419959));
#5693 = CARTESIAN_POINT('',(-38.91811345486,8.71958463632,
    239.44829699447));
#5694 = CARTESIAN_POINT('',(-38.91827706874,-8.719629871644,
    241.56432551182));
#5695 = CARTESIAN_POINT('',(-30.73031166675,-23.60032953323,
    243.68136415226));
#5696 = CARTESIAN_POINT('',(-17.42304932516,-32.45513859399,
    245.79789717703));
#5697 = CARTESIAN_POINT('',(-2.837199996686,-34.30578685944,
    247.91458418633));
#5698 = CARTESIAN_POINT('',(22.459777791728,-26.08630079835,
    252.1479221883));
#5699 = CARTESIAN_POINT('',(33.172199086359,-16.01575262584,
    254.26459939223));
#5700 = CARTESIAN_POINT('',(38.733238329824,-1.030220988568,
    256.38116621117));
#5701 = CARTESIAN_POINT('',(36.610901925287,15.821192850802,
    258.49813308479));
#5702 = CARTESIAN_POINT('',(26.36004652828,29.929892206561,
    260.61427438446));
#5703 = CARTESIAN_POINT('',(10.989580653897,37.155934207863,
    262.73153808983));
#5704 = CARTESIAN_POINT('',(-4.981186683535,36.497737672433,
    264.84776530928));
#5705 = CARTESIAN_POINT('',(-17.86907409406,29.421640822171,
    266.96461892639));
#5706 = CARTESIAN_POINT('',(-25.68628427533,18.662182022197,
    269.08126514572));
#5707 = CARTESIAN_POINT('',(-33.50352091592,7.902723350977,
    271.19784099339));
#5708 = CARTESIAN_POINT('',(-36.25059391671,-6.541073491348,
    273.31480492007));
#5709 = CARTESIAN_POINT('',(-31.94156950988,-21.93344709431,
    275.43089365222));
#5710 = CARTESIAN_POINT('',(-20.31917614546,-34.31882523835,
    277.54829796579));
#5711 = CARTESIAN_POINT('',(-3.733548319033,-39.70799527496,
    279.66432417798));
#5712 = CARTESIAN_POINT('',(12.949058775286,-36.51916556466,
    281.78136560943));
#5713 = CARTESIAN_POINT('',(25.482652594746,-26.59949440647,
    283.89789589946));
#5714 = CARTESIAN_POINT('',(31.749999205805,-13.29940838772,
    286.01458508047));
#5715 = CARTESIAN_POINT('',(31.749999216353,13.299407123774,
    290.2479203164));
#5716 = CARTESIAN_POINT('',(25.482660082351,26.599499776433,
    292.36460949743));
#5717 = CARTESIAN_POINT('',(12.949024854952,36.519133988571,
    294.48113978732));
#5718 = CARTESIAN_POINT('',(-3.733453272741,39.70807057063,
    296.59818121921));
#5719 = CARTESIAN_POINT('',(-20.3193227985,34.318716728002,
    298.71420743054));
#5720 = CARTESIAN_POINT('',(-31.94141941716,21.933552292961,
    300.83161174522));
#5721 = CARTESIAN_POINT('',(-36.25068851985,6.541009235388,
    302.94770047636));
#5722 = CARTESIAN_POINT('',(-33.50348662675,-7.902696973898,
    305.06466440374));
#5723 = CARTESIAN_POINT('',(-25.68629046448,-18.6621850545,
    307.18124025101));
#5724 = DEFINITIONAL_REPRESENTATION('',(#5725),#5729);
#5725 = LINE('',#5726,#5727);
#5726 = CARTESIAN_POINT('',(0.,0.));
#5727 = VECTOR('',#5728,1.);
#5728 = DIRECTION('',(0.,1.));
#5729 = ( GEOMETRIC_REPRESENTATION_CONTEXT(2) 
PARAMETRIC_REPRESENTATION_CONTEXT() REPRESENTATION_CONTEXT('2D SPACE',''
  ) );
#5730 = ORIENTED_EDGE('',*,*,#5731,.F.);
#5731 = EDGE_CURVE('',#5732,#5291,#5734,.T.);
#5732 = VERTEX_POINT('',#5733);
#5733 = CARTESIAN_POINT('',(-11.55882941405,-8.397978497914,
    302.41875974898));
#5734 = SURFACE_CURVE('',#5735,(#5738,#5745),.PCURVE_S1.);
#5735 = B_SPLINE_CURVE_WITH_KNOTS('',1,(#5736,#5737),.UNSPECIFIED.,.F.,
  .F.,(2,2),(0.,17.4625),.PIECEWISE_BEZIER_KNOTS.);
#5736 = CARTESIAN_POINT('',(-11.55882941405,-8.397978497914,
    302.41875974898));
#5737 = CARTESIAN_POINT('',(-25.68628616242,-18.66218192888,
    302.41874025101));
#5738 = PCURVE('',#4688,#5739);
#5739 = DEFINITIONAL_REPRESENTATION('',(#5740),#5744);
#5740 = LINE('',#5741,#5742);
#5741 = CARTESIAN_POINT('',(0.,310.71107313132));
#5742 = VECTOR('',#5743,1.);
#5743 = DIRECTION('',(1.,0.));
#5744 = ( GEOMETRIC_REPRESENTATION_CONTEXT(2) 
PARAMETRIC_REPRESENTATION_CONTEXT() REPRESENTATION_CONTEXT('2D SPACE',''
  ) );
#5745 = PCURVE('',#5746,#5751);
#5746 = PLANE('',#5747);
#5747 = AXIS2_PLACEMENT_3D('',#5748,#5749,#5750);
#5748 = CARTESIAN_POINT('',(-18.62255993926,-13.5300817762,304.8));
#5749 = DIRECTION('',(-0.587785450593,0.809016850301,-1.965376264357E-12
    ));
#5750 = DIRECTION('',(0.809016850301,0.587785450593,2.019483917366E-28)
  );
#5751 = DEFINITIONAL_REPRESENTATION('',(#5752),#5755);
#5752 = B_SPLINE_CURVE_WITH_KNOTS('',1,(#5753,#5754),.UNSPECIFIED.,.F.,
  .F.,(2,2),(0.,17.4625),.PIECEWISE_BEZIER_KNOTS.);
#5753 = CARTESIAN_POINT('',(8.731252658809,2.381240251013));
#5754 = CARTESIAN_POINT('',(-8.73124734118,2.381259748984));
#5755 = ( GEOMETRIC_REPRESENTATION_CONTEXT(2) 
PARAMETRIC_REPRESENTATION_CONTEXT() REPRESENTATION_CONTEXT('2D SPACE',''
  ) );
#5756 = ORIENTED_EDGE('',*,*,#5757,.F.);
#5757 = EDGE_CURVE('',#5758,#5732,#5760,.T.);
#5758 = VERTEX_POINT('',#5759);
#5759 = CARTESIAN_POINT('',(-14.11159693464,2.235042629189,203.2));
#5760 = SURFACE_CURVE('',#5761,(#5902,#5909),.PCURVE_S1.);
#5761 = B_SPLINE_CURVE_WITH_KNOTS('',9,(#5762,#5763,#5764,#5765,#5766,
    #5767,#5768,#5769,#5770,#5771,#5772,#5773,#5774,#5775,#5776,#5777,
    #5778,#5779,#5780,#5781,#5782,#5783,#5784,#5785,#5786,#5787,#5788,
    #5789,#5790,#5791,#5792,#5793,#5794,#5795,#5796,#5797,#5798,#5799,
    #5800,#5801,#5802,#5803,#5804,#5805,#5806,#5807,#5808,#5809,#5810,
    #5811,#5812,#5813,#5814,#5815,#5816,#5817,#5818,#5819,#5820,#5821,
    #5822,#5823,#5824,#5825,#5826,#5827,#5828,#5829,#5830,#5831,#5832,
    #5833,#5834,#5835,#5836,#5837,#5838,#5839,#5840,#5841,#5842,#5843,
    #5844,#5845,#5846,#5847,#5848,#5849,#5850,#5851,#5852,#5853,#5854,
    #5855,#5856,#5857,#5858,#5859,#5860,#5861,#5862,#5863,#5864,#5865,
    #5866,#5867,#5868,#5869,#5870,#5871,#5872,#5873,#5874,#5875,#5876,
    #5877,#5878,#5879,#5880,#5881,#5882,#5883,#5884,#5885,#5886,#5887,
    #5888,#5889,#5890,#5891,#5892,#5893,#5894,#5895,#5896,#5897,#5898,
    #5899,#5900,#5901),.UNSPECIFIED.,.F.,.F.,(10,9,9,8,9,8,9,8,9,9,9,9,9
    ,8,9,8,10),(0.,19.419442070708,38.838884141415,58.258326212123,
    77.67776828283,97.097210353538,116.51665242424,135.93609449495,
    155.35553656566,174.77497863636,194.19442070707,213.61386277778,
    233.03330484849,252.45274691919,271.8721889899,291.29163106061,
    310.71107313132),.UNSPECIFIED.);
#5762 = CARTESIAN_POINT('',(14.2875,-7.105427357601E-15,-2.38125));
#5763 = CARTESIAN_POINT('',(14.287507099701,5.984741366049,
    -0.264608564459));
#5764 = CARTESIAN_POINT('',(11.467181901984,11.969758678877,
    1.852161379643));
#5765 = CARTESIAN_POINT('',(5.82707123,16.433641890132,3.968573194052));
#5766 = CARTESIAN_POINT('',(-1.680043738758,17.868593434576,
    6.085663590945));
#5767 = CARTESIAN_POINT('',(-9.143723574348,15.443466660706,
    8.201835013609));
#5768 = CARTESIAN_POINT('',(-14.37361943688,9.870058987747,
    10.318911366655));
#5769 = CARTESIAN_POINT('',(-16.3128192901,2.943479496733,
    12.435344859707));
#5770 = CARTESIAN_POINT('',(-15.07656900259,-3.556225793955,
    14.552093896204));
#5771 = CARTESIAN_POINT('',(-11.55883030711,-8.397981792065,
    16.668750000179));
#5772 = CARTESIAN_POINT('',(-8.041093546787,-13.23974288698,
    18.785389751689));
#5773 = CARTESIAN_POINT('',(-2.241496548843,-16.4239808622,
    20.902168307434));
#5774 = CARTESIAN_POINT('',(4.945250579602,-16.72015655291,
    23.018556227529));
#5775 = CARTESIAN_POINT('',(11.862083383491,-13.46850066712,
    25.135693690545));
#5776 = CARTESIAN_POINT('',(16.474864565664,-7.119467592086,
    27.251793686966));
#5777 = CARTESIAN_POINT('',(17.429983127917,0.463541299627,
    29.368956510655));
#5778 = CARTESIAN_POINT('',(14.927476942796,7.207122617255,
    31.485305280797));
#5779 = CARTESIAN_POINT('',(10.106906913247,11.738822953934,
    33.602121596816));
#5780 = CARTESIAN_POINT('',(4.415078421488,13.58822493242,35.71873485452
    ));
#5781 = CARTESIAN_POINT('',(-1.276719116718,15.43757454466,
    37.835492285017));
#5782 = CARTESIAN_POINT('',(-7.840448912166,14.604913380799,
    39.951861970937));
#5783 = CARTESIAN_POINT('',(-13.82850477222,10.61994400704,
    42.06910579949));
#5784 = CARTESIAN_POINT('',(-17.51337494066,3.924111717366,
    44.185036339542));
#5785 = CARTESIAN_POINT('',(-17.51305712019,-3.92406193305,
    46.302341154448));
#5786 = CARTESIAN_POINT('',(-13.82871679483,-10.62005138828,
    48.418635847888));
#5787 = CARTESIAN_POINT('',(-7.840357650059,-14.60483349861,
    50.535436156277));
#5788 = CARTESIAN_POINT('',(-1.276738472375,-15.43760481518,
    52.652082480328));
#5789 = CARTESIAN_POINT('',(10.10690036892,-11.73883606333,
    56.885411145052));
#5790 = CARTESIAN_POINT('',(14.927484061721,-7.207106509201,
    59.002067274287));
#5791 = CARTESIAN_POINT('',(17.430008181953,-0.463508944663,
    61.118833789244));
#5792 = CARTESIAN_POINT('',(16.474782026172,7.119351610831,
    63.235200247681));
#5793 = CARTESIAN_POINT('',(11.862208350394,13.468669659401,
    65.352392283526));
#5794 = CARTESIAN_POINT('',(4.945128063797,16.720017754812,
    67.468461908566));
#5795 = CARTESIAN_POINT('',(-2.24142854239,16.424052173353,
    69.585568025559));
#5796 = CARTESIAN_POINT('',(-8.041110982001,13.239722062555,
    71.702047739236));
#5797 = CARTESIAN_POINT('',(-11.55883560305,8.397981530224,
    73.81873485471));
#5798 = CARTESIAN_POINT('',(-15.0765337708,3.556240850801,
    75.935492284473));
#5799 = CARTESIAN_POINT('',(-16.3129299978,-2.943543592645,
    78.051861971748));
#5800 = CARTESIAN_POINT('',(-14.37340993235,-9.869946396546,
    80.169105798643));
#5801 = CARTESIAN_POINT('',(-9.143982504698,-15.44359215139,
    82.285036340204));
#5802 = CARTESIAN_POINT('',(-1.679827602,-17.86850891852,84.402341154062
    ));
#5803 = CARTESIAN_POINT('',(5.826960576276,-16.43366757991,
    86.518635848051));
#5804 = CARTESIAN_POINT('',(11.467218312404,-11.96976498425,
    88.635436156223));
#5805 = CARTESIAN_POINT('',(14.287500770141,-5.984732684088,
    90.752082480348));
#5806 = CARTESIAN_POINT('',(14.287500506198,5.984733617642,
    94.985411145011));
#5807 = CARTESIAN_POINT('',(11.467211867587,11.969762597247,
    97.102067274487));
#5808 = CARTESIAN_POINT('',(5.826991942331,16.433690719424,
    99.21883378877));
#5809 = CARTESIAN_POINT('',(-1.67991811621,17.868449437448,
    101.33520024845));
#5810 = CARTESIAN_POINT('',(-9.143842074793,15.443678365392,
    103.45239228257));
#5811 = CARTESIAN_POINT('',(-14.37355322679,9.869865901745,
    105.56846190948));
#5812 = CARTESIAN_POINT('',(-16.31284135495,2.943586016799,
    107.68556802485));
#5813 = CARTESIAN_POINT('',(-15.07656388854,-3.556251879402,
    109.80204773969));
#5814 = CARTESIAN_POINT('',(-11.5588316946,-8.39798690988,
    111.91873485442));
#5815 = CARTESIAN_POINT('',(-8.041091195702,-13.23969682034,
    114.03549231814));
#5816 = CARTESIAN_POINT('',(-2.24149624297,-16.4241233944,
    116.15186183486));
#5817 = CARTESIAN_POINT('',(4.945248802459,-16.7199062836,
    118.26910613267));
#5818 = CARTESIAN_POINT('',(11.862083133179,-13.46877668832,
    120.38503574847));
#5819 = CARTESIAN_POINT('',(16.474866329253,-7.119283751581,
    122.50234196598));
#5820 = CARTESIAN_POINT('',(17.429976741808,0.463486094335,
    124.61863496139));
#5821 = CARTESIAN_POINT('',(14.927488095791,7.207112049856,
    126.73543693347));
#5822 = CARTESIAN_POINT('',(10.106899722016,11.738836498649,
    128.85208193638));
#5823 = CARTESIAN_POINT('',(-1.276739775522,15.437605070775,
    133.08541228379));
#5824 = CARTESIAN_POINT('',(-7.840355569864,14.604825454045,
    135.20206112694));
#5825 = CARTESIAN_POINT('',(-13.82873382006,10.620091448922,
    137.31884986378));
#5826 = CARTESIAN_POINT('',(-17.5130199393,3.923951858933,139.4351709659
    ));
#5827 = CARTESIAN_POINT('',(-17.51342547636,-3.923943716561,
    141.55243301372));
#5828 = CARTESIAN_POINT('',(-13.82845936634,-10.62011374566,
    143.66841710177));
#5829 = CARTESIAN_POINT('',(-7.840473426028,-14.60480841166,
    145.78560746528));
#5830 = CARTESIAN_POINT('',(-1.276709827227,-15.43761189573,
    147.90202007402));
#5831 = CARTESIAN_POINT('',(4.415080307416,-13.58821997675,
    150.01874999904));
#5832 = CARTESIAN_POINT('',(10.106909564261,-11.73883994891,
    152.13539084157));
#5833 = CARTESIAN_POINT('',(14.927471943464,-7.207079181728,
    154.25216383379));
#5834 = CARTESIAN_POINT('',(17.429984118836,-0.463599539883,
    156.36856716554));
#5835 = CARTESIAN_POINT('',(16.474883923116,7.119515762536,
    158.4856743111));
#5836 = CARTESIAN_POINT('',(11.862038458527,13.468491286948,
    160.60182027322));
#5837 = CARTESIAN_POINT('',(4.945296878475,16.720140668711,
    162.71892747714));
#5838 = CARTESIAN_POINT('',(-2.241527969826,16.423998027709,
    164.83533073778));
#5839 = CARTESIAN_POINT('',(-8.041084299205,13.239735158083,
    166.95210377491));
#5840 = CARTESIAN_POINT('',(-11.55883219484,8.397981698791,
    169.06874460145));
#5841 = CARTESIAN_POINT('',(-15.07657515177,3.556228795556,
    171.18540070071));
#5842 = CARTESIAN_POINT('',(-16.31279825557,-2.943498567457,
    173.30214976556));
#5843 = CARTESIAN_POINT('',(-14.37364474564,-9.870027434158,
    175.41858320618));
#5844 = CARTESIAN_POINT('',(-9.143719807744,-15.44350328654,
    177.53565960156));
#5845 = CARTESIAN_POINT('',(-1.680006446508,-17.86856944431,
    179.65183103462));
#5846 = CARTESIAN_POINT('',(5.827020801293,-16.43365060656,
    181.76892136778));
#5847 = CARTESIAN_POINT('',(11.467218893361,-11.96975640663,
    183.88533325612));
#5848 = CARTESIAN_POINT('',(14.287494716952,-5.98473998601,
    186.00210315334));
#5849 = CARTESIAN_POINT('',(14.287501471011,1.184098116231E-06,
    188.11874460632));
#5850 = CARTESIAN_POINT('',(14.287504347999,5.984738993331,
    190.23540072218));
#5851 = CARTESIAN_POINT('',(11.467185994381,11.969762624761,
    192.35214968927));
#5852 = CARTESIAN_POINT('',(5.827066249921,16.433636277808,
    194.46858331168));
#5853 = CARTESIAN_POINT('',(-1.680038692462,17.868600351598,
    196.58565955557));
#5854 = CARTESIAN_POINT('',(-9.143727886642,15.443459264438,
    198.70183096587));
#5855 = CARTESIAN_POINT('',(-14.37361629416,9.870065801008,
    200.81892149945));
#5856 = CARTESIAN_POINT('',(-16.31282126242,2.943474162694,
    202.93533315284));
#5857 = CARTESIAN_POINT('',(-15.07656793292,-3.556222317881,
    205.05210319647));
#5858 = CARTESIAN_POINT('',(-11.558830802,-8.397983617366,
    207.16874459827));
#5859 = CARTESIAN_POINT('',(-8.041092642069,-13.23973954945,
    209.28539962901));
#5860 = CARTESIAN_POINT('',(-2.241497840601,-16.42398562947,
    211.40215419997));
#5861 = CARTESIAN_POINT('',(4.945252051682,-16.72015111647,213.518572311
    ));
#5862 = CARTESIAN_POINT('',(11.862082037094,-13.46850564405,
    215.6356789743));
#5863 = CARTESIAN_POINT('',(16.474865545604,-7.119463965815,
    217.75180440074));
#5864 = CARTESIAN_POINT('',(17.429982575755,0.463539254085,
    219.86895047342));
#5865 = CARTESIAN_POINT('',(14.927477168229,7.207123453299,
    221.98530774527));
#5866 = CARTESIAN_POINT('',(10.106906858479,11.738822750478,
    224.10212099819));
#5867 = CARTESIAN_POINT('',(4.415078421454,13.588224932511,
    226.21873485424));
#5868 = CARTESIAN_POINT('',(-1.276719116674,15.437574544418,
    228.33549228571));
#5869 = CARTESIAN_POINT('',(-7.840448912094,14.604913381191,
    230.45186196997));
#5870 = CARTESIAN_POINT('',(-13.82850477247,10.61994400658,
    232.56910580042));
#5871 = CARTESIAN_POINT('',(-17.51337494033,3.924111717755,
    234.68503633885));
#5872 = CARTESIAN_POINT('',(-17.51305712044,-3.924061933277,
    236.8023411548));
#5873 = CARTESIAN_POINT('',(-13.82871679472,-10.62005138819,
    238.91863584777));
#5874 = CARTESIAN_POINT('',(-7.840357650088,-14.60483349863,
    241.03543615627));
#5875 = CARTESIAN_POINT('',(-1.276738472371,-15.43760481518,
    243.15208248034));
#5876 = CARTESIAN_POINT('',(10.10690036891,-11.73883606333,
    247.38541114502));
#5877 = CARTESIAN_POINT('',(14.927484061783,-7.207106509186,
    249.50206727445));
#5878 = CARTESIAN_POINT('',(17.430008181767,-0.463508944727,
    251.61883378875));
#5879 = CARTESIAN_POINT('',(16.474782026557,7.119351610978,
    253.73520024865));
#5880 = CARTESIAN_POINT('',(11.862208349815,13.468669659194,
    255.85239228205));
#5881 = CARTESIAN_POINT('',(4.945128064458,16.720017754996,
    257.9684619103));
#5882 = CARTESIAN_POINT('',(-2.241428542965,16.424052173261,
    260.08556802397));
#5883 = CARTESIAN_POINT('',(-8.04111098163,13.239722062582,
    262.20204774029));
#5884 = CARTESIAN_POINT('',(-11.5588356032,8.397981530215,
    264.31873485429));
#5885 = CARTESIAN_POINT('',(-15.07653376542,3.556240869099,
    266.43549233993));
#5886 = CARTESIAN_POINT('',(-16.31293001886,-2.943543667861,
    268.55186174659));
#5887 = CARTESIAN_POINT('',(-14.37340988159,-9.869946212166,
    270.66910634776));
#5888 = CARTESIAN_POINT('',(-9.143982594139,-15.44359247894,
    272.78503536758));
#5889 = CARTESIAN_POINT('',(-1.679827479576,-17.86850846829,
    274.9023424886));
#5890 = CARTESIAN_POINT('',(5.826960442715,-16.43366807209,
    277.01863439063));
#5891 = CARTESIAN_POINT('',(11.467218429452,-11.96976455259,
    279.13543743383));
#5892 = CARTESIAN_POINT('',(14.287500688229,-5.984732986226,
    281.2520815862));
#5893 = CARTESIAN_POINT('',(14.287500677681,5.984734250171,
    285.48541301692));
#5894 = CARTESIAN_POINT('',(11.467210941847,11.969759182639,
    287.60205716922));
#5895 = CARTESIAN_POINT('',(5.826994363052,16.433699648189,
    289.71886021273));
#5896 = CARTESIAN_POINT('',(-1.679922525877,17.86843317261,
    291.83515211397));
#5897 = CARTESIAN_POINT('',(-9.143835941075,15.443700989339,
    293.95245923632));
#5898 = CARTESIAN_POINT('',(-14.37355997434,9.869841013454,
    296.06838825458));
#5899 = CARTESIAN_POINT('',(-16.31283541571,2.943607923874,
    298.18563285708));
#5900 = CARTESIAN_POINT('',(-15.0765680546,-3.556267246201,
    300.30200226288));
#5901 = CARTESIAN_POINT('',(-11.55882941405,-8.397978497914,
    302.41875974898));
#5902 = PCURVE('',#4688,#5903);
#5903 = DEFINITIONAL_REPRESENTATION('',(#5904),#5908);
#5904 = LINE('',#5905,#5906);
#5905 = CARTESIAN_POINT('',(0.,0.));
#5906 = VECTOR('',#5907,1.);
#5907 = DIRECTION('',(0.,1.));
#5908 = ( GEOMETRIC_REPRESENTATION_CONTEXT(2) 
PARAMETRIC_REPRESENTATION_CONTEXT() REPRESENTATION_CONTEXT('2D SPACE',''
  ) );
#5909 = PCURVE('',#5910,#6191);
#5910 = B_SPLINE_SURFACE_WITH_KNOTS('',1,9,(
    (#5911,#5912,#5913,#5914,#5915,#5916,#5917,#5918,#5919,#5920,#5921
      ,#5922,#5923,#5924,#5925,#5926,#5927,#5928,#5929,#5930,#5931,#5932
      ,#5933,#5934,#5935,#5936,#5937,#5938,#5939,#5940,#5941,#5942,#5943
      ,#5944,#5945,#5946,#5947,#5948,#5949,#5950,#5951,#5952,#5953,#5954
      ,#5955,#5956,#5957,#5958,#5959,#5960,#5961,#5962,#5963,#5964,#5965
      ,#5966,#5967,#5968,#5969,#5970,#5971,#5972,#5973,#5974,#5975,#5976
      ,#5977,#5978,#5979,#5980,#5981,#5982,#5983,#5984,#5985,#5986,#5987
      ,#5988,#5989,#5990,#5991,#5992,#5993,#5994,#5995,#5996,#5997,#5998
      ,#5999,#6000,#6001,#6002,#6003,#6004,#6005,#6006,#6007,#6008,#6009
      ,#6010,#6011,#6012,#6013,#6014,#6015,#6016,#6017,#6018,#6019,#6020
      ,#6021,#6022,#6023,#6024,#6025,#6026,#6027,#6028,#6029,#6030,#6031
      ,#6032,#6033,#6034,#6035,#6036,#6037,#6038,#6039,#6040,#6041,#6042
      ,#6043,#6044,#6045,#6046,#6047,#6048,#6049,#6050)
    ,(#6051,#6052,#6053,#6054,#6055,#6056,#6057,#6058,#6059,#6060,#6061
      ,#6062,#6063,#6064,#6065,#6066,#6067,#6068,#6069,#6070,#6071,#6072
      ,#6073,#6074,#6075,#6076,#6077,#6078,#6079,#6080,#6081,#6082,#6083
      ,#6084,#6085,#6086,#6087,#6088,#6089,#6090,#6091,#6092,#6093,#6094
      ,#6095,#6096,#6097,#6098,#6099,#6100,#6101,#6102,#6103,#6104,#6105
      ,#6106,#6107,#6108,#6109,#6110,#6111,#6112,#6113,#6114,#6115,#6116
      ,#6117,#6118,#6119,#6120,#6121,#6122,#6123,#6124,#6125,#6126,#6127
      ,#6128,#6129,#6130,#6131,#6132,#6133,#6134,#6135,#6136,#6137,#6138
      ,#6139,#6140,#6141,#6142,#6143,#6144,#6145,#6146,#6147,#6148,#6149
      ,#6150,#6151,#6152,#6153,#6154,#6155,#6156,#6157,#6158,#6159,#6160
      ,#6161,#6162,#6163,#6164,#6165,#6166,#6167,#6168,#6169,#6170,#6171
      ,#6172,#6173,#6174,#6175,#6176,#6177,#6178,#6179,#6180,#6181,#6182
      ,#6183,#6184,#6185,#6186,#6187,#6188,#6189,#6190
  )),.UNSPECIFIED.,.F.,.F.,.F.,(2,2),(10,9,9,8,9,8,9,8,9,9,9,9,9,8,9,8,
    10),(0.,4.7625),(0.,19.419442070708,38.838884141415,58.258326212123,
    77.67776828283,97.097210353538,116.51665242424,135.93609449495,
    155.35553656566,174.77497863636,194.19442070707,213.61386277778,
    233.03330484849,252.45274691919,271.8721889899,291.29163106061,
    310.71107313132),.UNSPECIFIED.);
#5911 = CARTESIAN_POINT('',(14.2875,-1.06581410364E-14,2.38125));
#5912 = CARTESIAN_POINT('',(14.287492745545,5.984740557249,
    4.497891435541));
#5913 = CARTESIAN_POINT('',(11.467216728804,11.96975611645,
    6.614661379644));
#5914 = CARTESIAN_POINT('',(5.827018818915,16.433649409797,8.73107319404
    ));
#5915 = CARTESIAN_POINT('',(-1.680007726214,17.868567450421,
    10.848163590977));
#5916 = CARTESIAN_POINT('',(-9.143720176984,15.443500946699,
    12.964335013561));
#5917 = CARTESIAN_POINT('',(-14.37364406091,9.870025221809,
    15.081411366698));
#5918 = CARTESIAN_POINT('',(-16.31279682964,2.943496912123,
    17.197844859683));
#5919 = CARTESIAN_POINT('',(-15.0765733014,-3.556229679309,
    19.31459389621));
#5920 = CARTESIAN_POINT('',(-11.55883030719,-8.397981792125,
    21.431250000179));
#5921 = CARTESIAN_POINT('',(-8.041082692643,-13.23973466816,
    23.547889751688));
#5922 = CARTESIAN_POINT('',(-2.24152506445,-16.42399566823,
    25.664668307439));
#5923 = CARTESIAN_POINT('',(4.945294544044,-16.7201406278,
    27.781056227507));
#5924 = CARTESIAN_POINT('',(11.862044045945,-13.46848520274,
    29.898193690596));
#5925 = CARTESIAN_POINT('',(16.474875006379,-7.119518762653,
    32.014293686895));
#5926 = CARTESIAN_POINT('',(17.429990810303,0.463606508091,
    34.131456510722));
#5927 = CARTESIAN_POINT('',(14.927462337416,7.207074794347,
    36.247805280753));
#5928 = CARTESIAN_POINT('',(10.106912776374,11.73884299395,
    38.364621596836));
#5929 = CARTESIAN_POINT('',(4.415075868638,13.588217075582,
    40.481234854513));
#5930 = CARTESIAN_POINT('',(-1.276705751379,15.437613592559,
    42.597992285096));
#5931 = CARTESIAN_POINT('',(-7.840481290765,14.604801469135,
    44.714361970677));
#5932 = CARTESIAN_POINT('',(-13.82845031872,10.620116845131,
    46.831605799965));
#5933 = CARTESIAN_POINT('',(-17.51343177095,3.923937165784,
    48.947536338995));
#5934 = CARTESIAN_POINT('',(-17.51301216303,-3.923949746794,
    51.06484115485));
#5935 = CARTESIAN_POINT('',(-13.82873468108,-10.62009299139,
    53.18113584771));
#5936 = CARTESIAN_POINT('',(-7.840352274247,-14.60482427324,
    55.297936156314));
#5937 = CARTESIAN_POINT('',(-1.276738660645,-15.43760342458,
    57.414582480329));
#5938 = CARTESIAN_POINT('',(10.106899928327,-11.73883501669,
    61.647911145051));
#5939 = CARTESIAN_POINT('',(14.927486083285,-7.207106750884,
    63.764567274323));
#5940 = CARTESIAN_POINT('',(17.429977572426,-0.463493420551,
    65.88133378909));
#5941 = CARTESIAN_POINT('',(16.474859479302,7.119300548765,
    67.997700248015));
#5942 = CARTESIAN_POINT('',(11.862087039026,13.468753733767,
    70.114892283082));
#5943 = CARTESIAN_POINT('',(4.945240096612,16.719929817907,
    72.230961908942));
#5944 = CARTESIAN_POINT('',(-2.241491409322,16.424099626772,
    74.348068025357));
#5945 = CARTESIAN_POINT('',(-8.041095637371,13.239710151947,
    76.464547739297));
#5946 = CARTESIAN_POINT('',(-11.55882891972,8.397976674485,
    78.581234854703));
#5947 = CARTESIAN_POINT('',(-15.07656677721,3.556265628286,
    80.697992284551));
#5948 = CARTESIAN_POINT('',(-16.3128335693,-2.943608968769,
    82.81436197149));
#5949 = CARTESIAN_POINT('',(-14.37355748388,-9.869841198815,
    84.931605799114));
#5950 = CARTESIAN_POINT('',(-9.143834057903,-15.44370013909,
    87.047536339663));
#5951 = CARTESIAN_POINT('',(-1.679920404917,-17.86843149461,
    89.164841154459));
#5952 = CARTESIAN_POINT('',(5.826994616028,-16.43369744667,
    91.281135847877));
#5953 = CARTESIAN_POINT('',(11.467211199778,-11.96975702077,
    93.397936156259));
#5954 = CARTESIAN_POINT('',(14.287499389407,-5.984732433428,
    95.514582480348));
#5955 = CARTESIAN_POINT('',(14.287499374652,5.984733522057,
    99.74791114501));
#5956 = CARTESIAN_POINT('',(11.467212722031,11.969764445137,
    101.86456727452));
#5957 = CARTESIAN_POINT('',(5.826967719447,16.433666405308,
    103.98133378861));
#5958 = CARTESIAN_POINT('',(-1.679845619474,17.868507320684,
    106.09770024878));
#5959 = CARTESIAN_POINT('',(-9.143959520896,15.443588971818,
    108.21489228213));
#5960 = CARTESIAN_POINT('',(-14.37343497437,9.86994527726,
    110.33096190985));
#5961 = CARTESIAN_POINT('',(-16.31290591237,2.943540890815,
    112.44806802465));
#5962 = CARTESIAN_POINT('',(-15.07654781935,-3.556240966515,
    114.56454773975));
#5963 = CARTESIAN_POINT('',(-11.55882501113,-8.397982054056,
    116.68123485441));
#5964 = CARTESIAN_POINT('',(-8.041124954739,-13.23972057196,
    118.79799231822));
#5965 = CARTESIAN_POINT('',(-2.24140429098,-16.42405181708,
    120.9143618346));
#5966 = CARTESIAN_POINT('',(4.945103213068,-16.72001427837,
    123.03160613314));
#5967 = CARTESIAN_POINT('',(11.862231609127,-13.46866857057,
    125.14753574792));
#5968 = CARTESIAN_POINT('',(16.47476415347,-7.119348507963,
    127.26484196638));
#5969 = CARTESIAN_POINT('',(17.43001551638,0.463509698544,
    129.38113496122));
#5970 = CARTESIAN_POINT('',(14.927478455125,7.207107343021,
    131.49793693351));
#5971 = CARTESIAN_POINT('',(10.106898965268,11.738835545134,
    133.61458193638));
#5972 = CARTESIAN_POINT('',(-1.276739842335,15.43760337432,
    137.84791228379));
#5973 = CARTESIAN_POINT('',(-7.840358099448,14.604830026792,
    139.96456112697));
#5974 = CARTESIAN_POINT('',(-13.82871547184,10.620052559052,
    142.08134986364));
#5975 = CARTESIAN_POINT('',(-17.51305752226,3.924053884929,
    144.19767096621));
#5976 = CARTESIAN_POINT('',(-17.51336988576,-3.924104168246,
    146.31493301331));
#5977 = CARTESIAN_POINT('',(-13.82850586724,-10.61995350814,
    148.43091710212));
#5978 = CARTESIAN_POINT('',(-7.840443810219,-14.60490421419,
    150.5481074651));
#5979 = CARTESIAN_POINT('',(-1.276719903536,-15.43757888896,
    152.66452007406));
#5980 = CARTESIAN_POINT('',(4.415080307241,-13.58821997625,
    154.78124999904));
#5981 = CARTESIAN_POINT('',(10.10690462494,-11.73882674244,
    156.89789084157));
#5982 = CARTESIAN_POINT('',(14.927479176001,-7.207112295734,
    159.01466383379));
#5983 = CARTESIAN_POINT('',(17.429977751022,-0.463549325389,
    161.13106716553));
#5984 = CARTESIAN_POINT('',(16.474865590593,7.119476944201,
    163.24817431113));
#5985 = CARTESIAN_POINT('',(11.862078634065,13.468493908093,
    165.36432027317));
#5986 = CARTESIAN_POINT('',(4.945250040741,16.720158825406,
    167.48142747718));
#5987 = CARTESIAN_POINT('',(-2.241498233057,16.423977519319,
    169.59783073775));
#5988 = CARTESIAN_POINT('',(-8.041093682104,13.239741213015,
    171.71460377492));
#5989 = CARTESIAN_POINT('',(-11.55882981259,8.397979967924,
    173.83124460145));
#5990 = CARTESIAN_POINT('',(-15.07656774395,3.556224175483,
    175.94790070071));
#5991 = CARTESIAN_POINT('',(-16.31281736822,-2.943480537033,
    178.06464976556));
#5992 = CARTESIAN_POINT('',(-14.37361712913,-9.870059182393,
    180.18108320616));
#5993 = CARTESIAN_POINT('',(-9.143721368321,-15.44346580135,
    182.2981596016));
#5994 = CARTESIAN_POINT('',(-1.680042062829,-17.86859175804,
    184.41433103456));
#5995 = CARTESIAN_POINT('',(5.827071974058,-16.43363969738,
    186.53142136784));
#5996 = CARTESIAN_POINT('',(11.467181723883,-11.96975650282,
    188.64783325609));
#5997 = CARTESIAN_POINT('',(14.287506120098,-5.984739561985,
    190.76460315335));
#5998 = CARTESIAN_POINT('',(14.287498528992,1.183991449555E-06,
    192.88124460632));
#5999 = CARTESIAN_POINT('',(14.287495650917,5.984738376687,
    194.99790072218));
#6000 = CARTESIAN_POINT('',(11.467212000882,11.969759269249,
    197.11464968928));
#6001 = CARTESIAN_POINT('',(5.827025364356,16.433645747344,
    199.23108331165));
#6002 = CARTESIAN_POINT('',(-1.680015561757,17.868570898593,
    201.34815955564));
#6003 = CARTESIAN_POINT('',(-9.143712028114,15.443498316609,
    203.46433096579));
#6004 = CARTESIAN_POINT('',(-14.37365139106,9.870026835546,
    205.58142149952));
#6005 = CARTESIAN_POINT('',(-16.31279119552,2.943496124953,
    207.6978331528));
#6006 = CARTESIAN_POINT('',(-15.07657692638,-3.556229376951,
    209.81460319648));
#6007 = CARTESIAN_POINT('',(-11.55882841825,-8.397981885575,
    211.93124459827));
#6008 = CARTESIAN_POINT('',(-8.041086146608,-13.2397344975,
    214.04789962901));
#6009 = CARTESIAN_POINT('',(-2.241520130733,-16.42399591139,
    216.16465419997));
#6010 = CARTESIAN_POINT('',(4.94528891766,-16.72014035159,
    218.28107231098));
#6011 = CARTESIAN_POINT('',(11.862049196783,-13.46848545433,
    220.39817897435));
#6012 = CARTESIAN_POINT('',(16.474871253486,-7.119518580355,
    222.51430440067));
#6013 = CARTESIAN_POINT('',(17.429992927151,0.463606405806,
    224.63145047349));
#6014 = CARTESIAN_POINT('',(14.927461472308,7.207074835938,
    226.74780774523));
#6015 = CARTESIAN_POINT('',(10.106912986866,11.738842983918,
    228.86462099821));
#6016 = CARTESIAN_POINT('',(4.415075868563,13.588217075524,
    230.98123485423));
#6017 = CARTESIAN_POINT('',(-1.276705751212,15.437613592668,
    233.09799228579));
#6018 = CARTESIAN_POINT('',(-7.840481291027,14.604801469075,
    235.21436196971));
#6019 = CARTESIAN_POINT('',(-13.82845031841,10.620116845072,
    237.3316058009));
#6020 = CARTESIAN_POINT('',(-17.51343177122,3.923937165919,
    239.4475363383));
#6021 = CARTESIAN_POINT('',(-17.51301216287,-3.923949746912,
    241.56484115521));
#6022 = CARTESIAN_POINT('',(-13.82873468114,-10.62009299133,
    243.68113584759));
#6023 = CARTESIAN_POINT('',(-7.840352274234,-14.60482427325,
    245.79793615631));
#6024 = CARTESIAN_POINT('',(-1.276738660646,-15.43760342457,
    247.91458248034));
#6025 = CARTESIAN_POINT('',(10.10689992833,-11.7388350167,
    252.14791114502));
#6026 = CARTESIAN_POINT('',(14.927486083259,-7.207106750831,
    254.26456727448));
#6027 = CARTESIAN_POINT('',(17.429977572523,-0.463493420698,
    256.38133378861));
#6028 = CARTESIAN_POINT('',(16.474859479096,7.11930054906,
    258.49770024896));
#6029 = CARTESIAN_POINT('',(11.862087039312,13.468753733305,
    260.61489228163));
#6030 = CARTESIAN_POINT('',(4.945240096346,16.719929818479,
    262.73096191065));
#6031 = CARTESIAN_POINT('',(-2.241491409151,16.424099626233,
    264.84806802378));
#6032 = CARTESIAN_POINT('',(-8.041095637457,13.239710152318,
    266.96454774035));
#6033 = CARTESIAN_POINT('',(-11.55882891967,8.397976674342,
    269.08123485428));
#6034 = CARTESIAN_POINT('',(-15.07656679629,3.556265629533,
    271.19799234001));
#6035 = CARTESIAN_POINT('',(-16.31283349117,-2.94360897307,
    273.31436174633));
#6036 = CARTESIAN_POINT('',(-14.37355767509,-9.869841188878,
    275.43160634822));
#6037 = CARTESIAN_POINT('',(-9.143833718552,-15.44370015627,
    277.54753536705));
#6038 = CARTESIAN_POINT('',(-1.679920871099,-17.86843147133,
    279.66484248899));
#6039 = CARTESIAN_POINT('',(5.826995125463,-16.43369747195,
    281.78113439045));
#6040 = CARTESIAN_POINT('',(11.467210753064,-11.96975699866,
    283.89793743387));
#6041 = CARTESIAN_POINT('',(14.287499702069,-5.984732448892,
    286.0145815862));
#6042 = CARTESIAN_POINT('',(14.287498720091,5.98473355443,
    290.24791301692));
#6043 = CARTESIAN_POINT('',(11.467216255571,11.969764270364,
    292.36455716926));
#6044 = CARTESIAN_POINT('',(5.826958479704,16.433666862352,
    294.48136021257));
#6045 = CARTESIAN_POINT('',(-1.679828788167,17.868506488086,
    296.59765211431));
#6046 = CARTESIAN_POINT('',(-9.14398293279,15.44359012993,
    298.71495923587));
#6047 = CARTESIAN_POINT('',(-14.37340921925,9.869944003309,
    300.83088825496));
#6048 = CARTESIAN_POINT('',(-16.31292858248,2.943542012074,
    302.94813285689));
#6049 = CARTESIAN_POINT('',(-15.0765319173,-3.556241752978,
    305.06450226293));
#6050 = CARTESIAN_POINT('',(-11.5588337161,-8.397981623531,
    307.18125974898));
#6051 = CARTESIAN_POINT('',(14.2875,-7.105427357601E-15,-2.38125));
#6052 = CARTESIAN_POINT('',(14.287507099701,5.984741366049,
    -0.264608564459));
#6053 = CARTESIAN_POINT('',(11.467181901984,11.969758678877,
    1.852161379643));
#6054 = CARTESIAN_POINT('',(5.82707123,16.433641890132,3.968573194052));
#6055 = CARTESIAN_POINT('',(-1.680043738758,17.868593434576,
    6.085663590945));
#6056 = CARTESIAN_POINT('',(-9.143723574348,15.443466660706,
    8.201835013609));
#6057 = CARTESIAN_POINT('',(-14.37361943688,9.870058987747,
    10.318911366655));
#6058 = CARTESIAN_POINT('',(-16.3128192901,2.943479496733,
    12.435344859707));
#6059 = CARTESIAN_POINT('',(-15.07656900259,-3.556225793955,
    14.552093896204));
#6060 = CARTESIAN_POINT('',(-11.55883030711,-8.397981792065,
    16.668750000179));
#6061 = CARTESIAN_POINT('',(-8.041093546787,-13.23974288698,
    18.785389751689));
#6062 = CARTESIAN_POINT('',(-2.241496548843,-16.4239808622,
    20.902168307434));
#6063 = CARTESIAN_POINT('',(4.945250579602,-16.72015655291,
    23.018556227529));
#6064 = CARTESIAN_POINT('',(11.862083383491,-13.46850066712,
    25.135693690545));
#6065 = CARTESIAN_POINT('',(16.474864565664,-7.119467592086,
    27.251793686966));
#6066 = CARTESIAN_POINT('',(17.429983127917,0.463541299627,
    29.368956510655));
#6067 = CARTESIAN_POINT('',(14.927476942796,7.207122617255,
    31.485305280797));
#6068 = CARTESIAN_POINT('',(10.106906913247,11.738822953934,
    33.602121596816));
#6069 = CARTESIAN_POINT('',(4.415078421488,13.58822493242,35.71873485452
    ));
#6070 = CARTESIAN_POINT('',(-1.276719116718,15.43757454466,
    37.835492285017));
#6071 = CARTESIAN_POINT('',(-7.840448912166,14.604913380799,
    39.951861970937));
#6072 = CARTESIAN_POINT('',(-13.82850477222,10.61994400704,
    42.06910579949));
#6073 = CARTESIAN_POINT('',(-17.51337494066,3.924111717366,
    44.185036339542));
#6074 = CARTESIAN_POINT('',(-17.51305712019,-3.92406193305,
    46.302341154448));
#6075 = CARTESIAN_POINT('',(-13.82871679483,-10.62005138828,
    48.418635847888));
#6076 = CARTESIAN_POINT('',(-7.840357650059,-14.60483349861,
    50.535436156277));
#6077 = CARTESIAN_POINT('',(-1.276738472375,-15.43760481518,
    52.652082480328));
#6078 = CARTESIAN_POINT('',(10.10690036892,-11.73883606333,
    56.885411145052));
#6079 = CARTESIAN_POINT('',(14.927484061721,-7.207106509201,
    59.002067274287));
#6080 = CARTESIAN_POINT('',(17.430008181953,-0.463508944663,
    61.118833789244));
#6081 = CARTESIAN_POINT('',(16.474782026172,7.119351610831,
    63.235200247681));
#6082 = CARTESIAN_POINT('',(11.862208350394,13.468669659401,
    65.352392283526));
#6083 = CARTESIAN_POINT('',(4.945128063797,16.720017754812,
    67.468461908566));
#6084 = CARTESIAN_POINT('',(-2.24142854239,16.424052173353,
    69.585568025559));
#6085 = CARTESIAN_POINT('',(-8.041110982001,13.239722062555,
    71.702047739236));
#6086 = CARTESIAN_POINT('',(-11.55883560305,8.397981530224,
    73.81873485471));
#6087 = CARTESIAN_POINT('',(-15.0765337708,3.556240850801,
    75.935492284473));
#6088 = CARTESIAN_POINT('',(-16.3129299978,-2.943543592645,
    78.051861971748));
#6089 = CARTESIAN_POINT('',(-14.37340993235,-9.869946396546,
    80.169105798643));
#6090 = CARTESIAN_POINT('',(-9.143982504698,-15.44359215139,
    82.285036340204));
#6091 = CARTESIAN_POINT('',(-1.679827602,-17.86850891852,84.402341154062
    ));
#6092 = CARTESIAN_POINT('',(5.826960576276,-16.43366757991,
    86.518635848051));
#6093 = CARTESIAN_POINT('',(11.467218312404,-11.96976498425,
    88.635436156223));
#6094 = CARTESIAN_POINT('',(14.287500770141,-5.984732684088,
    90.752082480348));
#6095 = CARTESIAN_POINT('',(14.287500506198,5.984733617642,
    94.985411145011));
#6096 = CARTESIAN_POINT('',(11.467211867587,11.969762597247,
    97.102067274487));
#6097 = CARTESIAN_POINT('',(5.826991942331,16.433690719424,
    99.21883378877));
#6098 = CARTESIAN_POINT('',(-1.67991811621,17.868449437448,
    101.33520024845));
#6099 = CARTESIAN_POINT('',(-9.143842074793,15.443678365392,
    103.45239228257));
#6100 = CARTESIAN_POINT('',(-14.37355322679,9.869865901745,
    105.56846190948));
#6101 = CARTESIAN_POINT('',(-16.31284135495,2.943586016799,
    107.68556802485));
#6102 = CARTESIAN_POINT('',(-15.07656388854,-3.556251879402,
    109.80204773969));
#6103 = CARTESIAN_POINT('',(-11.5588316946,-8.39798690988,
    111.91873485442));
#6104 = CARTESIAN_POINT('',(-8.041091195702,-13.23969682034,
    114.03549231814));
#6105 = CARTESIAN_POINT('',(-2.24149624297,-16.4241233944,
    116.15186183486));
#6106 = CARTESIAN_POINT('',(4.945248802459,-16.7199062836,
    118.26910613267));
#6107 = CARTESIAN_POINT('',(11.862083133179,-13.46877668832,
    120.38503574847));
#6108 = CARTESIAN_POINT('',(16.474866329253,-7.119283751581,
    122.50234196598));
#6109 = CARTESIAN_POINT('',(17.429976741808,0.463486094335,
    124.61863496139));
#6110 = CARTESIAN_POINT('',(14.927488095791,7.207112049856,
    126.73543693347));
#6111 = CARTESIAN_POINT('',(10.106899722016,11.738836498649,
    128.85208193638));
#6112 = CARTESIAN_POINT('',(-1.276739775522,15.437605070775,
    133.08541228379));
#6113 = CARTESIAN_POINT('',(-7.840355569864,14.604825454045,
    135.20206112694));
#6114 = CARTESIAN_POINT('',(-13.82873382006,10.620091448922,
    137.31884986378));
#6115 = CARTESIAN_POINT('',(-17.5130199393,3.923951858933,139.4351709659
    ));
#6116 = CARTESIAN_POINT('',(-17.51342547636,-3.923943716561,
    141.55243301372));
#6117 = CARTESIAN_POINT('',(-13.82845936634,-10.62011374566,
    143.66841710177));
#6118 = CARTESIAN_POINT('',(-7.840473426028,-14.60480841166,
    145.78560746528));
#6119 = CARTESIAN_POINT('',(-1.276709827227,-15.43761189573,
    147.90202007402));
#6120 = CARTESIAN_POINT('',(4.415080307416,-13.58821997675,
    150.01874999904));
#6121 = CARTESIAN_POINT('',(10.106909564261,-11.73883994891,
    152.13539084157));
#6122 = CARTESIAN_POINT('',(14.927471943464,-7.207079181728,
    154.25216383379));
#6123 = CARTESIAN_POINT('',(17.429984118836,-0.463599539883,
    156.36856716554));
#6124 = CARTESIAN_POINT('',(16.474883923116,7.119515762536,
    158.4856743111));
#6125 = CARTESIAN_POINT('',(11.862038458527,13.468491286948,
    160.60182027322));
#6126 = CARTESIAN_POINT('',(4.945296878475,16.720140668711,
    162.71892747714));
#6127 = CARTESIAN_POINT('',(-2.241527969826,16.423998027709,
    164.83533073778));
#6128 = CARTESIAN_POINT('',(-8.041084299205,13.239735158083,
    166.95210377491));
#6129 = CARTESIAN_POINT('',(-11.55883219484,8.397981698791,
    169.06874460145));
#6130 = CARTESIAN_POINT('',(-15.07657515177,3.556228795556,
    171.18540070071));
#6131 = CARTESIAN_POINT('',(-16.31279825557,-2.943498567457,
    173.30214976556));
#6132 = CARTESIAN_POINT('',(-14.37364474564,-9.870027434158,
    175.41858320618));
#6133 = CARTESIAN_POINT('',(-9.143719807744,-15.44350328654,
    177.53565960156));
#6134 = CARTESIAN_POINT('',(-1.680006446508,-17.86856944431,
    179.65183103462));
#6135 = CARTESIAN_POINT('',(5.827020801293,-16.43365060656,
    181.76892136778));
#6136 = CARTESIAN_POINT('',(11.467218893361,-11.96975640663,
    183.88533325612));
#6137 = CARTESIAN_POINT('',(14.287494716952,-5.98473998601,
    186.00210315334));
#6138 = CARTESIAN_POINT('',(14.287501471011,1.184098116231E-06,
    188.11874460632));
#6139 = CARTESIAN_POINT('',(14.287504347999,5.984738993331,
    190.23540072218));
#6140 = CARTESIAN_POINT('',(11.467185994381,11.969762624761,
    192.35214968927));
#6141 = CARTESIAN_POINT('',(5.827066249921,16.433636277808,
    194.46858331168));
#6142 = CARTESIAN_POINT('',(-1.680038692462,17.868600351598,
    196.58565955557));
#6143 = CARTESIAN_POINT('',(-9.143727886642,15.443459264438,
    198.70183096587));
#6144 = CARTESIAN_POINT('',(-14.37361629416,9.870065801008,
    200.81892149945));
#6145 = CARTESIAN_POINT('',(-16.31282126242,2.943474162694,
    202.93533315284));
#6146 = CARTESIAN_POINT('',(-15.07656793292,-3.556222317881,
    205.05210319647));
#6147 = CARTESIAN_POINT('',(-11.558830802,-8.397983617366,
    207.16874459827));
#6148 = CARTESIAN_POINT('',(-8.041092642069,-13.23973954945,
    209.28539962901));
#6149 = CARTESIAN_POINT('',(-2.241497840601,-16.42398562947,
    211.40215419997));
#6150 = CARTESIAN_POINT('',(4.945252051682,-16.72015111647,213.518572311
    ));
#6151 = CARTESIAN_POINT('',(11.862082037094,-13.46850564405,
    215.6356789743));
#6152 = CARTESIAN_POINT('',(16.474865545604,-7.119463965815,
    217.75180440074));
#6153 = CARTESIAN_POINT('',(17.429982575755,0.463539254085,
    219.86895047342));
#6154 = CARTESIAN_POINT('',(14.927477168229,7.207123453299,
    221.98530774527));
#6155 = CARTESIAN_POINT('',(10.106906858479,11.738822750478,
    224.10212099819));
#6156 = CARTESIAN_POINT('',(4.415078421454,13.588224932511,
    226.21873485424));
#6157 = CARTESIAN_POINT('',(-1.276719116674,15.437574544418,
    228.33549228571));
#6158 = CARTESIAN_POINT('',(-7.840448912094,14.604913381191,
    230.45186196997));
#6159 = CARTESIAN_POINT('',(-13.82850477247,10.61994400658,
    232.56910580042));
#6160 = CARTESIAN_POINT('',(-17.51337494033,3.924111717755,
    234.68503633885));
#6161 = CARTESIAN_POINT('',(-17.51305712044,-3.924061933277,
    236.8023411548));
#6162 = CARTESIAN_POINT('',(-13.82871679472,-10.62005138819,
    238.91863584777));
#6163 = CARTESIAN_POINT('',(-7.840357650088,-14.60483349863,
    241.03543615627));
#6164 = CARTESIAN_POINT('',(-1.276738472371,-15.43760481518,
    243.15208248034));
#6165 = CARTESIAN_POINT('',(10.10690036891,-11.73883606333,
    247.38541114502));
#6166 = CARTESIAN_POINT('',(14.927484061783,-7.207106509186,
    249.50206727445));
#6167 = CARTESIAN_POINT('',(17.430008181767,-0.463508944727,
    251.61883378875));
#6168 = CARTESIAN_POINT('',(16.474782026557,7.119351610978,
    253.73520024865));
#6169 = CARTESIAN_POINT('',(11.862208349815,13.468669659194,
    255.85239228205));
#6170 = CARTESIAN_POINT('',(4.945128064458,16.720017754996,
    257.9684619103));
#6171 = CARTESIAN_POINT('',(-2.241428542965,16.424052173261,
    260.08556802397));
#6172 = CARTESIAN_POINT('',(-8.04111098163,13.239722062582,
    262.20204774029));
#6173 = CARTESIAN_POINT('',(-11.5588356032,8.397981530215,
    264.31873485429));
#6174 = CARTESIAN_POINT('',(-15.07653376542,3.556240869099,
    266.43549233993));
#6175 = CARTESIAN_POINT('',(-16.31293001886,-2.943543667861,
    268.55186174659));
#6176 = CARTESIAN_POINT('',(-14.37340988159,-9.869946212166,
    270.66910634776));
#6177 = CARTESIAN_POINT('',(-9.143982594139,-15.44359247894,
    272.78503536758));
#6178 = CARTESIAN_POINT('',(-1.679827479576,-17.86850846829,
    274.9023424886));
#6179 = CARTESIAN_POINT('',(5.826960442715,-16.43366807209,
    277.01863439063));
#6180 = CARTESIAN_POINT('',(11.467218429452,-11.96976455259,
    279.13543743383));
#6181 = CARTESIAN_POINT('',(14.287500688229,-5.984732986226,
    281.2520815862));
#6182 = CARTESIAN_POINT('',(14.287500677681,5.984734250171,
    285.48541301692));
#6183 = CARTESIAN_POINT('',(11.467210941847,11.969759182639,
    287.60205716922));
#6184 = CARTESIAN_POINT('',(5.826994363052,16.433699648189,
    289.71886021273));
#6185 = CARTESIAN_POINT('',(-1.679922525877,17.86843317261,
    291.83515211397));
#6186 = CARTESIAN_POINT('',(-9.143835941075,15.443700989339,
    293.95245923632));
#6187 = CARTESIAN_POINT('',(-14.37355997434,9.869841013454,
    296.06838825458));
#6188 = CARTESIAN_POINT('',(-16.31283541571,2.943607923874,
    298.18563285708));
#6189 = CARTESIAN_POINT('',(-15.0765680546,-3.556267246201,
    300.30200226288));
#6190 = CARTESIAN_POINT('',(-11.55882941405,-8.397978497914,
    302.41875974898));
#6191 = DEFINITIONAL_REPRESENTATION('',(#6192),#6196);
#6192 = LINE('',#6193,#6194);
#6193 = CARTESIAN_POINT('',(4.7625,0.));
#6194 = VECTOR('',#6195,1.);
#6195 = DIRECTION('',(0.,1.));
#6196 = ( GEOMETRIC_REPRESENTATION_CONTEXT(2) 
PARAMETRIC_REPRESENTATION_CONTEXT() REPRESENTATION_CONTEXT('2D SPACE',''
  ) );
#6197 = ORIENTED_EDGE('',*,*,#6198,.F.);
#6198 = EDGE_CURVE('',#6199,#5758,#6201,.T.);
#6199 = VERTEX_POINT('',#6200);
#6200 = CARTESIAN_POINT('',(-15.21987463883,2.410576658441,203.2));
#6201 = SURFACE_CURVE('',#6202,(#6208,#6217),.PCURVE_S1.);
#6202 = B_SPLINE_CURVE_WITH_KNOTS('',4,(#6203,#6204,#6205,#6206,#6207),
  .UNSPECIFIED.,.F.,.F.,(5,5),(0.,1.),.PIECEWISE_BEZIER_KNOTS.);
#6203 = CARTESIAN_POINT('',(-15.875,2.514338446739,203.2));
#6204 = CARTESIAN_POINT('',(-15.43414924137,2.444514443658,203.2));
#6205 = CARTESIAN_POINT('',(-14.9932984776,2.374690473039,203.2));
#6206 = CARTESIAN_POINT('',(-14.55244770869,2.304866534883,203.2));
#6207 = CARTESIAN_POINT('',(-14.11159693464,2.235042629189,203.2));
#6208 = PCURVE('',#4688,#6209);
#6209 = DEFINITIONAL_REPRESENTATION('',(#6210),#6216);
#6210 = B_SPLINE_CURVE_WITH_KNOTS('',4,(#6211,#6212,#6213,#6214,#6215),
  .UNSPECIFIED.,.F.,.F.,(5,5),(0.,1.),.PIECEWISE_BEZIER_KNOTS.);
#6211 = CARTESIAN_POINT('',(1.785384528624,209.56814789325));
#6212 = CARTESIAN_POINT('',(1.339038396468,209.5681480355));
#6213 = CARTESIAN_POINT('',(0.892692264311,209.56814817774));
#6214 = CARTESIAN_POINT('',(0.446346132156,209.56814831998));
#6215 = CARTESIAN_POINT('',(0.,209.56814846223));
#6216 = ( GEOMETRIC_REPRESENTATION_CONTEXT(2) 
PARAMETRIC_REPRESENTATION_CONTEXT() REPRESENTATION_CONTEXT('2D SPACE',''
  ) );
#6217 = PCURVE('',#6218,#6223);
#6218 = PLANE('',#6219);
#6219 = AXIS2_PLACEMENT_3D('',#6220,#6221,#6222);
#6220 = CARTESIAN_POINT('',(-11.1125,6.669669316838E-16,203.2));
#6221 = DIRECTION('',(0.,0.,1.));
#6222 = DIRECTION('',(1.,0.,0.));
#6223 = DEFINITIONAL_REPRESENTATION('',(#6224),#6230);
#6224 = B_SPLINE_CURVE_WITH_KNOTS('',4,(#6225,#6226,#6227,#6228,#6229),
  .UNSPECIFIED.,.F.,.F.,(5,5),(0.,1.),.PIECEWISE_BEZIER_KNOTS.);
#6225 = CARTESIAN_POINT('',(-4.7625,2.514338446739));
#6226 = CARTESIAN_POINT('',(-4.321649241372,2.444514443658));
#6227 = CARTESIAN_POINT('',(-3.880798477603,2.374690473039));
#6228 = CARTESIAN_POINT('',(-3.439947708692,2.304866534883));
#6229 = CARTESIAN_POINT('',(-2.99909693464,2.235042629189));
#6230 = ( GEOMETRIC_REPRESENTATION_CONTEXT(2) 
PARAMETRIC_REPRESENTATION_CONTEXT() REPRESENTATION_CONTEXT('2D SPACE',''
  ) );
#6231 = ORIENTED_EDGE('',*,*,#6232,.T.);
#6232 = EDGE_CURVE('',#6199,#6233,#6235,.T.);
#6233 = VERTEX_POINT('',#6234);
#6234 = CARTESIAN_POINT('',(-13.72053441537,3.984916904807,
    202.56542657967));
#6235 = SURFACE_CURVE('',#6236,(#6244,#6255),.PCURVE_S1.);
#6236 = B_SPLINE_CURVE_WITH_KNOTS('',6,(#6237,#6238,#6239,#6240,#6241,
    #6242,#6243),.UNSPECIFIED.,.F.,.F.,(7,7),(0.,1.),
  .PIECEWISE_BEZIER_KNOTS.);
#6237 = CARTESIAN_POINT('',(-15.21987563358,2.41057496349,203.2000006));
#6238 = CARTESIAN_POINT('',(-15.02822807622,2.737122994266,203.08440509)
  );
#6239 = CARTESIAN_POINT('',(-14.80788689616,3.041193292624,
    202.97212983859));
#6240 = CARTESIAN_POINT('',(-14.56281419464,3.31948570918,
    202.86372245404));
#6241 = CARTESIAN_POINT('',(-14.29727505767,3.57008096117,
    202.75957086391));
#6242 = CARTESIAN_POINT('',(-14.01530627133,3.791995656162,
    202.66002820524));
#6243 = CARTESIAN_POINT('',(-13.72053441537,3.984916904807,
    202.56542657967));
#6244 = PCURVE('',#4688,#6245);
#6245 = DEFINITIONAL_REPRESENTATION('',(#6246),#6254);
#6246 = B_SPLINE_CURVE_WITH_KNOTS('',6,(#6247,#6248,#6249,#6250,#6251,
    #6252,#6253),.UNSPECIFIED.,.F.,.F.,(7,7),(0.,1.),
  .PIECEWISE_BEZIER_KNOTS.);
#6247 = CARTESIAN_POINT('',(1.122093500625,209.56814871627));
#6248 = CARTESIAN_POINT('',(0.983888316006,209.45031140663));
#6249 = CARTESIAN_POINT('',(0.823503375886,209.33585875516));
#6250 = CARTESIAN_POINT('',(0.642901158289,209.22534899121));
#6251 = CARTESIAN_POINT('',(0.444162124152,209.11917756602));
#6252 = CARTESIAN_POINT('',(0.229267414758,209.01770446505));
#6253 = CARTESIAN_POINT('',(0.,208.92126823004));
#6254 = ( GEOMETRIC_REPRESENTATION_CONTEXT(2) 
PARAMETRIC_REPRESENTATION_CONTEXT() REPRESENTATION_CONTEXT('2D SPACE',''
  ) );
#6255 = PCURVE('',#6256,#6261);
#6256 = CYLINDRICAL_SURFACE('',#6257,4.7625);
#6257 = AXIS2_PLACEMENT_3D('',#6258,#6259,#6260);
#6258 = CARTESIAN_POINT('',(-11.1125,0.,152.4));
#6259 = DIRECTION('',(-0.,-0.,-1.));
#6260 = DIRECTION('',(1.,0.,0.));
#6261 = DEFINITIONAL_REPRESENTATION('',(#6262),#6270);
#6262 = B_SPLINE_CURVE_WITH_KNOTS('',6,(#6263,#6264,#6265,#6266,#6267,
    #6268,#6269),.UNSPECIFIED.,.F.,.F.,(7,7),(0.,1.),
  .PIECEWISE_BEZIER_KNOTS.);
#6263 = CARTESIAN_POINT('',(-2.610869127044,-50.8000006));
#6264 = CARTESIAN_POINT('',(-2.531366286324,-50.68440509));
#6265 = CARTESIAN_POINT('',(-2.452884517943,-50.57212983859));
#6266 = CARTESIAN_POINT('',(-2.375537055463,-50.46372245404));
#6267 = CARTESIAN_POINT('',(-2.299340108388,-50.35957086391));
#6268 = CARTESIAN_POINT('',(-2.224283923508,-50.26002820524));
#6269 = CARTESIAN_POINT('',(-2.150312028234,-50.16542657967));
#6270 = ( GEOMETRIC_REPRESENTATION_CONTEXT(2) 
PARAMETRIC_REPRESENTATION_CONTEXT() REPRESENTATION_CONTEXT('2D SPACE',''
  ) );
#6271 = ORIENTED_EDGE('',*,*,#6272,.F.);
#6272 = EDGE_CURVE('',#6273,#6233,#6275,.T.);
#6273 = VERTEX_POINT('',#6274);
#6274 = CARTESIAN_POINT('',(-13.7205343247,-3.98491696415,
    173.67206760929));
#6275 = SURFACE_CURVE('',#6276,(#6417,#6424),.PCURVE_S1.);
#6276 = B_SPLINE_CURVE_WITH_KNOTS('',9,(#6277,#6278,#6279,#6280,#6281,
    #6282,#6283,#6284,#6285,#6286,#6287,#6288,#6289,#6290,#6291,#6292,
    #6293,#6294,#6295,#6296,#6297,#6298,#6299,#6300,#6301,#6302,#6303,
    #6304,#6305,#6306,#6307,#6308,#6309,#6310,#6311,#6312,#6313,#6314,
    #6315,#6316,#6317,#6318,#6319,#6320,#6321,#6322,#6323,#6324,#6325,
    #6326,#6327,#6328,#6329,#6330,#6331,#6332,#6333,#6334,#6335,#6336,
    #6337,#6338,#6339,#6340,#6341,#6342,#6343,#6344,#6345,#6346,#6347,
    #6348,#6349,#6350,#6351,#6352,#6353,#6354,#6355,#6356,#6357,#6358,
    #6359,#6360,#6361,#6362,#6363,#6364,#6365,#6366,#6367,#6368,#6369,
    #6370,#6371,#6372,#6373,#6374,#6375,#6376,#6377,#6378,#6379,#6380,
    #6381,#6382,#6383,#6384,#6385,#6386,#6387,#6388,#6389,#6390,#6391,
    #6392,#6393,#6394,#6395,#6396,#6397,#6398,#6399,#6400,#6401,#6402,
    #6403,#6404,#6405,#6406,#6407,#6408,#6409,#6410,#6411,#6412,#6413,
    #6414,#6415,#6416),.UNSPECIFIED.,.F.,.F.,(10,9,9,8,9,8,9,8,9,9,9,9,9
    ,8,9,8,10),(0.,19.419442070708,38.838884141415,58.258326212123,
    77.67776828283,97.097210353538,116.51665242424,135.93609449495,
    155.35553656566,174.77497863636,194.19442070707,213.61386277778,
    233.03330484849,252.45274691919,271.8721889899,291.29163106061,
    310.71107313132),.UNSPECIFIED.);
#6277 = CARTESIAN_POINT('',(14.2875,-7.105427357601E-15,-2.38125));
#6278 = CARTESIAN_POINT('',(14.287507099701,5.984741366049,
    -0.264608564459));
#6279 = CARTESIAN_POINT('',(11.467181901984,11.969758678877,
    1.852161379643));
#6280 = CARTESIAN_POINT('',(5.82707123,16.433641890132,3.968573194052));
#6281 = CARTESIAN_POINT('',(-1.680043738758,17.868593434576,
    6.085663590945));
#6282 = CARTESIAN_POINT('',(-9.143723574348,15.443466660706,
    8.201835013609));
#6283 = CARTESIAN_POINT('',(-14.37361943688,9.870058987747,
    10.318911366655));
#6284 = CARTESIAN_POINT('',(-16.3128192901,2.943479496733,
    12.435344859707));
#6285 = CARTESIAN_POINT('',(-15.07656900259,-3.556225793955,
    14.552093896204));
#6286 = CARTESIAN_POINT('',(-11.55883030711,-8.397981792065,
    16.668750000179));
#6287 = CARTESIAN_POINT('',(-8.041093546787,-13.23974288698,
    18.785389751689));
#6288 = CARTESIAN_POINT('',(-2.241496548843,-16.4239808622,
    20.902168307434));
#6289 = CARTESIAN_POINT('',(4.945250579602,-16.72015655291,
    23.018556227529));
#6290 = CARTESIAN_POINT('',(11.862083383491,-13.46850066712,
    25.135693690545));
#6291 = CARTESIAN_POINT('',(16.474864565664,-7.119467592086,
    27.251793686966));
#6292 = CARTESIAN_POINT('',(17.429983127917,0.463541299627,
    29.368956510655));
#6293 = CARTESIAN_POINT('',(14.927476942796,7.207122617255,
    31.485305280797));
#6294 = CARTESIAN_POINT('',(10.106906913247,11.738822953934,
    33.602121596816));
#6295 = CARTESIAN_POINT('',(4.415078421488,13.58822493242,35.71873485452
    ));
#6296 = CARTESIAN_POINT('',(-1.276719116718,15.43757454466,
    37.835492285017));
#6297 = CARTESIAN_POINT('',(-7.840448912166,14.604913380799,
    39.951861970937));
#6298 = CARTESIAN_POINT('',(-13.82850477222,10.61994400704,
    42.06910579949));
#6299 = CARTESIAN_POINT('',(-17.51337494066,3.924111717366,
    44.185036339542));
#6300 = CARTESIAN_POINT('',(-17.51305712019,-3.92406193305,
    46.302341154448));
#6301 = CARTESIAN_POINT('',(-13.82871679483,-10.62005138828,
    48.418635847888));
#6302 = CARTESIAN_POINT('',(-7.840357650059,-14.60483349861,
    50.535436156277));
#6303 = CARTESIAN_POINT('',(-1.276738472375,-15.43760481518,
    52.652082480328));
#6304 = CARTESIAN_POINT('',(10.10690036892,-11.73883606333,
    56.885411145052));
#6305 = CARTESIAN_POINT('',(14.927484061721,-7.207106509201,
    59.002067274287));
#6306 = CARTESIAN_POINT('',(17.430008181953,-0.463508944663,
    61.118833789244));
#6307 = CARTESIAN_POINT('',(16.474782026172,7.119351610831,
    63.235200247681));
#6308 = CARTESIAN_POINT('',(11.862208350394,13.468669659401,
    65.352392283526));
#6309 = CARTESIAN_POINT('',(4.945128063797,16.720017754812,
    67.468461908566));
#6310 = CARTESIAN_POINT('',(-2.24142854239,16.424052173353,
    69.585568025559));
#6311 = CARTESIAN_POINT('',(-8.041110982001,13.239722062555,
    71.702047739236));
#6312 = CARTESIAN_POINT('',(-11.55883560305,8.397981530224,
    73.81873485471));
#6313 = CARTESIAN_POINT('',(-15.0765337708,3.556240850801,
    75.935492284473));
#6314 = CARTESIAN_POINT('',(-16.3129299978,-2.943543592645,
    78.051861971748));
#6315 = CARTESIAN_POINT('',(-14.37340993235,-9.869946396546,
    80.169105798643));
#6316 = CARTESIAN_POINT('',(-9.143982504698,-15.44359215139,
    82.285036340204));
#6317 = CARTESIAN_POINT('',(-1.679827602,-17.86850891852,84.402341154062
    ));
#6318 = CARTESIAN_POINT('',(5.826960576276,-16.43366757991,
    86.518635848051));
#6319 = CARTESIAN_POINT('',(11.467218312404,-11.96976498425,
    88.635436156223));
#6320 = CARTESIAN_POINT('',(14.287500770141,-5.984732684088,
    90.752082480348));
#6321 = CARTESIAN_POINT('',(14.287500506198,5.984733617642,
    94.985411145011));
#6322 = CARTESIAN_POINT('',(11.467211867587,11.969762597247,
    97.102067274487));
#6323 = CARTESIAN_POINT('',(5.826991942331,16.433690719424,
    99.21883378877));
#6324 = CARTESIAN_POINT('',(-1.67991811621,17.868449437448,
    101.33520024845));
#6325 = CARTESIAN_POINT('',(-9.143842074793,15.443678365392,
    103.45239228257));
#6326 = CARTESIAN_POINT('',(-14.37355322679,9.869865901745,
    105.56846190948));
#6327 = CARTESIAN_POINT('',(-16.31284135495,2.943586016799,
    107.68556802485));
#6328 = CARTESIAN_POINT('',(-15.07656388854,-3.556251879402,
    109.80204773969));
#6329 = CARTESIAN_POINT('',(-11.5588316946,-8.39798690988,
    111.91873485442));
#6330 = CARTESIAN_POINT('',(-8.041091195702,-13.23969682034,
    114.03549231814));
#6331 = CARTESIAN_POINT('',(-2.24149624297,-16.4241233944,
    116.15186183486));
#6332 = CARTESIAN_POINT('',(4.945248802459,-16.7199062836,
    118.26910613267));
#6333 = CARTESIAN_POINT('',(11.862083133179,-13.46877668832,
    120.38503574847));
#6334 = CARTESIAN_POINT('',(16.474866329253,-7.119283751581,
    122.50234196598));
#6335 = CARTESIAN_POINT('',(17.429976741808,0.463486094335,
    124.61863496139));
#6336 = CARTESIAN_POINT('',(14.927488095791,7.207112049856,
    126.73543693347));
#6337 = CARTESIAN_POINT('',(10.106899722016,11.738836498649,
    128.85208193638));
#6338 = CARTESIAN_POINT('',(-1.276739775522,15.437605070775,
    133.08541228379));
#6339 = CARTESIAN_POINT('',(-7.840355569864,14.604825454045,
    135.20206112694));
#6340 = CARTESIAN_POINT('',(-13.82873382006,10.620091448922,
    137.31884986378));
#6341 = CARTESIAN_POINT('',(-17.5130199393,3.923951858933,139.4351709659
    ));
#6342 = CARTESIAN_POINT('',(-17.51342547636,-3.923943716561,
    141.55243301372));
#6343 = CARTESIAN_POINT('',(-13.82845936634,-10.62011374566,
    143.66841710177));
#6344 = CARTESIAN_POINT('',(-7.840473426028,-14.60480841166,
    145.78560746528));
#6345 = CARTESIAN_POINT('',(-1.276709827227,-15.43761189573,
    147.90202007402));
#6346 = CARTESIAN_POINT('',(4.415080307416,-13.58821997675,
    150.01874999904));
#6347 = CARTESIAN_POINT('',(10.106909564261,-11.73883994891,
    152.13539084157));
#6348 = CARTESIAN_POINT('',(14.927471943464,-7.207079181728,
    154.25216383379));
#6349 = CARTESIAN_POINT('',(17.429984118836,-0.463599539883,
    156.36856716554));
#6350 = CARTESIAN_POINT('',(16.474883923116,7.119515762536,
    158.4856743111));
#6351 = CARTESIAN_POINT('',(11.862038458527,13.468491286948,
    160.60182027322));
#6352 = CARTESIAN_POINT('',(4.945296878475,16.720140668711,
    162.71892747714));
#6353 = CARTESIAN_POINT('',(-2.241527969826,16.423998027709,
    164.83533073778));
#6354 = CARTESIAN_POINT('',(-8.041084299205,13.239735158083,
    166.95210377491));
#6355 = CARTESIAN_POINT('',(-11.55883219484,8.397981698791,
    169.06874460145));
#6356 = CARTESIAN_POINT('',(-15.07657515177,3.556228795556,
    171.18540070071));
#6357 = CARTESIAN_POINT('',(-16.31279825557,-2.943498567457,
    173.30214976556));
#6358 = CARTESIAN_POINT('',(-14.37364474564,-9.870027434158,
    175.41858320618));
#6359 = CARTESIAN_POINT('',(-9.143719807744,-15.44350328654,
    177.53565960156));
#6360 = CARTESIAN_POINT('',(-1.680006446508,-17.86856944431,
    179.65183103462));
#6361 = CARTESIAN_POINT('',(5.827020801293,-16.43365060656,
    181.76892136778));
#6362 = CARTESIAN_POINT('',(11.467218893361,-11.96975640663,
    183.88533325612));
#6363 = CARTESIAN_POINT('',(14.287494716952,-5.98473998601,
    186.00210315334));
#6364 = CARTESIAN_POINT('',(14.287501471011,1.184098116231E-06,
    188.11874460632));
#6365 = CARTESIAN_POINT('',(14.287504347999,5.984738993331,
    190.23540072218));
#6366 = CARTESIAN_POINT('',(11.467185994381,11.969762624761,
    192.35214968927));
#6367 = CARTESIAN_POINT('',(5.827066249921,16.433636277808,
    194.46858331168));
#6368 = CARTESIAN_POINT('',(-1.680038692462,17.868600351598,
    196.58565955557));
#6369 = CARTESIAN_POINT('',(-9.143727886642,15.443459264438,
    198.70183096587));
#6370 = CARTESIAN_POINT('',(-14.37361629416,9.870065801008,
    200.81892149945));
#6371 = CARTESIAN_POINT('',(-16.31282126242,2.943474162694,
    202.93533315284));
#6372 = CARTESIAN_POINT('',(-15.07656793292,-3.556222317881,
    205.05210319647));
#6373 = CARTESIAN_POINT('',(-11.558830802,-8.397983617366,
    207.16874459827));
#6374 = CARTESIAN_POINT('',(-8.041092642069,-13.23973954945,
    209.28539962901));
#6375 = CARTESIAN_POINT('',(-2.241497840601,-16.42398562947,
    211.40215419997));
#6376 = CARTESIAN_POINT('',(4.945252051682,-16.72015111647,213.518572311
    ));
#6377 = CARTESIAN_POINT('',(11.862082037094,-13.46850564405,
    215.6356789743));
#6378 = CARTESIAN_POINT('',(16.474865545604,-7.119463965815,
    217.75180440074));
#6379 = CARTESIAN_POINT('',(17.429982575755,0.463539254085,
    219.86895047342));
#6380 = CARTESIAN_POINT('',(14.927477168229,7.207123453299,
    221.98530774527));
#6381 = CARTESIAN_POINT('',(10.106906858479,11.738822750478,
    224.10212099819));
#6382 = CARTESIAN_POINT('',(4.415078421454,13.588224932511,
    226.21873485424));
#6383 = CARTESIAN_POINT('',(-1.276719116674,15.437574544418,
    228.33549228571));
#6384 = CARTESIAN_POINT('',(-7.840448912094,14.604913381191,
    230.45186196997));
#6385 = CARTESIAN_POINT('',(-13.82850477247,10.61994400658,
    232.56910580042));
#6386 = CARTESIAN_POINT('',(-17.51337494033,3.924111717755,
    234.68503633885));
#6387 = CARTESIAN_POINT('',(-17.51305712044,-3.924061933277,
    236.8023411548));
#6388 = CARTESIAN_POINT('',(-13.82871679472,-10.62005138819,
    238.91863584777));
#6389 = CARTESIAN_POINT('',(-7.840357650088,-14.60483349863,
    241.03543615627));
#6390 = CARTESIAN_POINT('',(-1.276738472371,-15.43760481518,
    243.15208248034));
#6391 = CARTESIAN_POINT('',(10.10690036891,-11.73883606333,
    247.38541114502));
#6392 = CARTESIAN_POINT('',(14.927484061783,-7.207106509186,
    249.50206727445));
#6393 = CARTESIAN_POINT('',(17.430008181767,-0.463508944727,
    251.61883378875));
#6394 = CARTESIAN_POINT('',(16.474782026557,7.119351610978,
    253.73520024865));
#6395 = CARTESIAN_POINT('',(11.862208349815,13.468669659194,
    255.85239228205));
#6396 = CARTESIAN_POINT('',(4.945128064458,16.720017754996,
    257.9684619103));
#6397 = CARTESIAN_POINT('',(-2.241428542965,16.424052173261,
    260.08556802397));
#6398 = CARTESIAN_POINT('',(-8.04111098163,13.239722062582,
    262.20204774029));
#6399 = CARTESIAN_POINT('',(-11.5588356032,8.397981530215,
    264.31873485429));
#6400 = CARTESIAN_POINT('',(-15.07653376542,3.556240869099,
    266.43549233993));
#6401 = CARTESIAN_POINT('',(-16.31293001886,-2.943543667861,
    268.55186174659));
#6402 = CARTESIAN_POINT('',(-14.37340988159,-9.869946212166,
    270.66910634776));
#6403 = CARTESIAN_POINT('',(-9.143982594139,-15.44359247894,
    272.78503536758));
#6404 = CARTESIAN_POINT('',(-1.679827479576,-17.86850846829,
    274.9023424886));
#6405 = CARTESIAN_POINT('',(5.826960442715,-16.43366807209,
    277.01863439063));
#6406 = CARTESIAN_POINT('',(11.467218429452,-11.96976455259,
    279.13543743383));
#6407 = CARTESIAN_POINT('',(14.287500688229,-5.984732986226,
    281.2520815862));
#6408 = CARTESIAN_POINT('',(14.287500677681,5.984734250171,
    285.48541301692));
#6409 = CARTESIAN_POINT('',(11.467210941847,11.969759182639,
    287.60205716922));
#6410 = CARTESIAN_POINT('',(5.826994363052,16.433699648189,
    289.71886021273));
#6411 = CARTESIAN_POINT('',(-1.679922525877,17.86843317261,
    291.83515211397));
#6412 = CARTESIAN_POINT('',(-9.143835941075,15.443700989339,
    293.95245923632));
#6413 = CARTESIAN_POINT('',(-14.37355997434,9.869841013454,
    296.06838825458));
#6414 = CARTESIAN_POINT('',(-16.31283541571,2.943607923874,
    298.18563285708));
#6415 = CARTESIAN_POINT('',(-15.0765680546,-3.556267246201,
    300.30200226288));
#6416 = CARTESIAN_POINT('',(-11.55882941405,-8.397978497914,
    302.41875974898));
#6417 = PCURVE('',#4688,#6418);
#6418 = DEFINITIONAL_REPRESENTATION('',(#6419),#6423);
#6419 = LINE('',#6420,#6421);
#6420 = CARTESIAN_POINT('',(0.,0.));
#6421 = VECTOR('',#6422,1.);
#6422 = DIRECTION('',(0.,1.));
#6423 = ( GEOMETRIC_REPRESENTATION_CONTEXT(2) 
PARAMETRIC_REPRESENTATION_CONTEXT() REPRESENTATION_CONTEXT('2D SPACE',''
  ) );
#6424 = PCURVE('',#5910,#6425);
#6425 = DEFINITIONAL_REPRESENTATION('',(#6426),#6430);
#6426 = LINE('',#6427,#6428);
#6427 = CARTESIAN_POINT('',(4.7625,0.));
#6428 = VECTOR('',#6429,1.);
#6429 = DIRECTION('',(0.,1.));
#6430 = ( GEOMETRIC_REPRESENTATION_CONTEXT(2) 
PARAMETRIC_REPRESENTATION_CONTEXT() REPRESENTATION_CONTEXT('2D SPACE',''
  ) );
#6431 = ORIENTED_EDGE('',*,*,#6432,.T.);
#6432 = EDGE_CURVE('',#6273,#4543,#6433,.T.);
#6433 = SURFACE_CURVE('',#6434,(#6467,#6503),.PCURVE_S1.);
#6434 = B_SPLINE_CURVE_WITH_KNOTS('',7,(#6435,#6436,#6437,#6438,#6439,
    #6440,#6441,#6442,#6443,#6444,#6445,#6446,#6447,#6448,#6449,#6450,
    #6451,#6452,#6453,#6454,#6455,#6456,#6457,#6458,#6459,#6460,#6461,
    #6462,#6463,#6464,#6465,#6466),.UNSPECIFIED.,.F.,.F.,(8,6,6,6,6,8),(
    0.,0.200399169071,0.366612588243,0.699323238317,0.799593492272,1.),
  .UNSPECIFIED.);
#6435 = CARTESIAN_POINT('',(-13.7205343247,-3.98491696415,
    173.67206760929));
#6436 = CARTESIAN_POINT('',(-13.93160215771,-3.846778037218,
    173.60432936667));
#6437 = CARTESIAN_POINT('',(-14.13627686162,-3.694193865669,
    173.5341316414));
#6438 = CARTESIAN_POINT('',(-14.33335967004,-3.527267092102,
    173.461583406));
#6439 = CARTESIAN_POINT('',(-14.52156174815,-3.346237349692,
    173.38679753473));
#6440 = CARTESIAN_POINT('',(-14.69952742452,-3.1515151499,
    173.30989358269));
#6441 = CARTESIAN_POINT('',(-14.86587224759,-2.943724077761,
    173.23100539145));
#6442 = CARTESIAN_POINT('',(-15.14643745008,-2.541303290775,
    173.08335014987));
#6443 = CARTESIAN_POINT('',(-15.26471436561,-2.350467790136,
    173.01514952398));
#6444 = CARTESIAN_POINT('',(-15.37327245809,-2.151774046304,
    172.94579196223));
#6445 = CARTESIAN_POINT('',(-15.47135285566,-1.945863657092,
    172.87538466526));
#6446 = CARTESIAN_POINT('',(-15.55824790484,-1.733497172638,
    172.80404387661));
#6447 = CARTESIAN_POINT('',(-15.63332957332,-1.515564540162,
    172.73190063869));
#6448 = CARTESIAN_POINT('',(-15.8217189807,-0.847789213759,
    172.5134048621));
#6449 = CARTESIAN_POINT('',(-15.89828999419,-0.383216249435,
    172.36474581222));
#6450 = CARTESIAN_POINT('',(-15.92083964025,9.084149761541E-02,
    172.21489411314));
#6451 = CARTESIAN_POINT('',(-15.8881467754,0.564585645011,
    172.06515242376));
#6452 = CARTESIAN_POINT('',(-15.80139918837,1.028637508359,
    171.91671171766));
#6453 = CARTESIAN_POINT('',(-15.66409018145,1.474175545501,
    171.77078728023));
#6454 = CARTESIAN_POINT('',(-15.42769558431,2.019765883754,
    171.58604377097));
#6455 = CARTESIAN_POINT('',(-15.3688922942,2.143798531429,
    171.54359611822));
#6456 = CARTESIAN_POINT('',(-15.30617693177,2.265333496097,
    171.50151203902));
#6457 = CARTESIAN_POINT('',(-15.23970574811,2.384207694749,
    171.45981721199));
#6458 = CARTESIAN_POINT('',(-15.16964231839,2.500275688066,
    171.41853532223));
#6459 = CARTESIAN_POINT('',(-15.09615527925,2.61340856261,
    171.37768848484));
#6460 = CARTESIAN_POINT('',(-14.86604019325,2.943514198361,
    171.25657001343));
#6461 = CARTESIAN_POINT('',(-14.69967768563,3.151350595399,
    171.17766647447));
#6462 = CARTESIAN_POINT('',(-14.5216895362,3.346114244632,
    171.10074771384));
#6463 = CARTESIAN_POINT('',(-14.3334608831,3.527181148329,
    171.02594765437));
#6464 = CARTESIAN_POINT('',(-14.13634808409,3.694140525843,
    170.95338592255));
#6465 = CARTESIAN_POINT('',(-13.93164063065,3.846752586902,
    170.88317546037));
#6466 = CARTESIAN_POINT('',(-13.72053790201,3.984914622885,
    170.81542530596));
#6467 = PCURVE('',#4688,#6468);
#6468 = DEFINITIONAL_REPRESENTATION('',(#6469),#6502);
#6469 = B_SPLINE_CURVE_WITH_KNOTS('',7,(#6470,#6471,#6472,#6473,#6474,
    #6475,#6476,#6477,#6478,#6479,#6480,#6481,#6482,#6483,#6484,#6485,
    #6486,#6487,#6488,#6489,#6490,#6491,#6492,#6493,#6494,#6495,#6496,
    #6497,#6498,#6499,#6500,#6501),.UNSPECIFIED.,.F.,.F.,(8,6,6,6,6,8),(
    0.,0.200399169071,0.366612588243,0.699323238317,0.799593492272,1.),
  .UNSPECIFIED.);
#6470 = CARTESIAN_POINT('',(0.,179.46757277489));
#6471 = CARTESIAN_POINT('',(0.164164191797,179.39852077923));
#6472 = CARTESIAN_POINT('',(0.321155326575,179.32696160271));
#6473 = CARTESIAN_POINT('',(0.470387154404,179.25300633137));
#6474 = CARTESIAN_POINT('',(0.611227915797,179.17677002879));
#6475 = CARTESIAN_POINT('',(0.743014055319,179.09837456907));
#6476 = CARTESIAN_POINT('',(0.865067733382,179.01795638995));
#6477 = CARTESIAN_POINT('',(1.069322288739,178.86743747222));
#6478 = CARTESIAN_POINT('',(1.154773732938,178.79791414243));
#6479 = CARTESIAN_POINT('',(1.232676532726,178.72721144139));
#6480 = CARTESIAN_POINT('',(1.302656233048,178.6554386492));
#6481 = CARTESIAN_POINT('',(1.364363255226,178.58271426428));
#6482 = CARTESIAN_POINT('',(1.417485254438,178.50917187101));
#6483 = CARTESIAN_POINT('',(1.550410423437,178.28643857173));
#6484 = CARTESIAN_POINT('',(1.603855220438,178.13489643462));
#6485 = CARTESIAN_POINT('',(1.619436109359,177.9821385397));
#6486 = CARTESIAN_POINT('',(1.596719527606,177.82949281496));
#6487 = CARTESIAN_POINT('',(1.536275196538,177.67817333783));
#6488 = CARTESIAN_POINT('',(1.439703196151,177.52941896974));
#6489 = CARTESIAN_POINT('',(1.271285394064,177.3410927675));
#6490 = CARTESIAN_POINT('',(1.229277610358,177.29782194049));
#6491 = CARTESIAN_POINT('',(1.18433736323,177.25492174223));
#6492 = CARTESIAN_POINT('',(1.136542048186,177.21241834947));
#6493 = CARTESIAN_POINT('',(1.085972527485,177.17033590673));
#6494 = CARTESIAN_POINT('',(1.032712118483,177.12869695808));
#6495 = CARTESIAN_POINT('',(0.865187168501,177.00522974485));
#6496 = CARTESIAN_POINT('',(0.743121555174,176.92479612115));
#6497 = CARTESIAN_POINT('',(0.611319867377,176.84638578616));
#6498 = CARTESIAN_POINT('',(0.470460267917,176.77013525988));
#6499 = CARTESIAN_POINT('',(0.321206632652,176.69616648818));
#6500 = CARTESIAN_POINT('',(0.164191029376,176.62459460225));
#6501 = CARTESIAN_POINT('',(0.,176.55553075323));
#6502 = ( GEOMETRIC_REPRESENTATION_CONTEXT(2) 
PARAMETRIC_REPRESENTATION_CONTEXT() REPRESENTATION_CONTEXT('2D SPACE',''
  ) );
#6503 = PCURVE('',#6256,#6504);
#6504 = DEFINITIONAL_REPRESENTATION('',(#6505),#6538);
#6505 = B_SPLINE_CURVE_WITH_KNOTS('',7,(#6506,#6507,#6508,#6509,#6510,
    #6511,#6512,#6513,#6514,#6515,#6516,#6517,#6518,#6519,#6520,#6521,
    #6522,#6523,#6524,#6525,#6526,#6527,#6528,#6529,#6530,#6531,#6532,
    #6533,#6534,#6535,#6536,#6537),.UNSPECIFIED.,.F.,.F.,(8,6,6,6,6,8),(
    0.,0.200399169071,0.366612588243,0.699323238317,0.799593492272,1.),
  .UNSPECIFIED.);
#6506 = CARTESIAN_POINT('',(-4.132873301699,-21.27206760929));
#6507 = CARTESIAN_POINT('',(-4.079906618852,-21.20432936667));
#6508 = CARTESIAN_POINT('',(-4.026402183799,-21.1341316414));
#6509 = CARTESIAN_POINT('',(-3.972339555991,-21.061583406));
#6510 = CARTESIAN_POINT('',(-3.917708161344,-20.98679753473));
#6511 = CARTESIAN_POINT('',(-3.86250533978,-20.90989358269));
#6512 = CARTESIAN_POINT('',(-3.80673868158,-20.83100539145));
#6513 = CARTESIAN_POINT('',(-3.703731772312,-20.68335014987));
#6514 = CARTESIAN_POINT('',(-3.656657955029,-20.61514952398));
#6515 = CARTESIAN_POINT('',(-3.609231266759,-20.54579196223));
#6516 = CARTESIAN_POINT('',(-3.56147526674,-20.47538466526));
#6517 = CARTESIAN_POINT('',(-3.513418194052,-20.40404387661));
#6518 = CARTESIAN_POINT('',(-3.465096607198,-20.33190063869));
#6519 = CARTESIAN_POINT('',(-3.319408341087,-20.1134048621));
#6520 = CARTESIAN_POINT('',(-3.221159385592,-19.96474581222));
#6521 = CARTESIAN_POINT('',(-3.122575225511,-19.81489411314));
#6522 = CARTESIAN_POINT('',(-3.024058425837,-19.66515242376));
#6523 = CARTESIAN_POINT('',(-2.925968154878,-19.51671171766));
#6524 = CARTESIAN_POINT('',(-2.828665516537,-19.37078728023));
#6525 = CARTESIAN_POINT('',(-2.703814758622,-19.18604377097));
#6526 = CARTESIAN_POINT('',(-2.675009041186,-19.14359611822));
#6527 = CARTESIAN_POINT('',(-2.646318458959,-19.10151203902));
#6528 = CARTESIAN_POINT('',(-2.617749369745,-19.05981721199));
#6529 = CARTESIAN_POINT('',(-2.589306977431,-19.01853532223));
#6530 = CARTESIAN_POINT('',(-2.560995579767,-18.97768848484));
#6531 = CARTESIAN_POINT('',(-2.4765029441,-18.85657001343));
#6532 = CARTESIAN_POINT('',(-2.420726599988,-18.77766647447));
#6533 = CARTESIAN_POINT('',(-2.365514268239,-18.70074771384));
#6534 = CARTESIAN_POINT('',(-2.310873545523,-18.62594765437));
#6535 = CARTESIAN_POINT('',(-2.256801772744,-18.55338592255));
#6536 = CARTESIAN_POINT('',(-2.203288374092,-18.48317546037));
#6537 = CARTESIAN_POINT('',(-2.150312903192,-18.41542530596));
#6538 = ( GEOMETRIC_REPRESENTATION_CONTEXT(2) 
PARAMETRIC_REPRESENTATION_CONTEXT() REPRESENTATION_CONTEXT('2D SPACE',''
  ) );
#6539 = ADVANCED_FACE('',(#6540),#4976,.F.);
#6540 = FACE_BOUND('',#6541,.F.);
#6541 = EDGE_LOOP('',(#6542,#6985,#7004,#7005));
#6542 = ORIENTED_EDGE('',*,*,#6543,.F.);
#6543 = EDGE_CURVE('',#6544,#6546,#6548,.T.);
#6544 = VERTEX_POINT('',#6545);
#6545 = CARTESIAN_POINT('',(14.2875,-1.06581410364E-14,2.38125));
#6546 = VERTEX_POINT('',#6547);
#6547 = CARTESIAN_POINT('',(-13.72053536244,3.984916284972,
    175.57792444657));
#6548 = SURFACE_CURVE('',#6549,(#6690,#6697),.PCURVE_S1.);
#6549 = B_SPLINE_CURVE_WITH_KNOTS('',9,(#6550,#6551,#6552,#6553,#6554,
    #6555,#6556,#6557,#6558,#6559,#6560,#6561,#6562,#6563,#6564,#6565,
    #6566,#6567,#6568,#6569,#6570,#6571,#6572,#6573,#6574,#6575,#6576,
    #6577,#6578,#6579,#6580,#6581,#6582,#6583,#6584,#6585,#6586,#6587,
    #6588,#6589,#6590,#6591,#6592,#6593,#6594,#6595,#6596,#6597,#6598,
    #6599,#6600,#6601,#6602,#6603,#6604,#6605,#6606,#6607,#6608,#6609,
    #6610,#6611,#6612,#6613,#6614,#6615,#6616,#6617,#6618,#6619,#6620,
    #6621,#6622,#6623,#6624,#6625,#6626,#6627,#6628,#6629,#6630,#6631,
    #6632,#6633,#6634,#6635,#6636,#6637,#6638,#6639,#6640,#6641,#6642,
    #6643,#6644,#6645,#6646,#6647,#6648,#6649,#6650,#6651,#6652,#6653,
    #6654,#6655,#6656,#6657,#6658,#6659,#6660,#6661,#6662,#6663,#6664,
    #6665,#6666,#6667,#6668,#6669,#6670,#6671,#6672,#6673,#6674,#6675,
    #6676,#6677,#6678,#6679,#6680,#6681,#6682,#6683,#6684,#6685,#6686,
    #6687,#6688,#6689),.UNSPECIFIED.,.F.,.F.,(10,9,9,8,9,8,9,8,9,9,9,9,9
    ,8,9,8,10),(0.,19.419442070708,38.838884141415,58.258326212123,
    77.67776828283,97.097210353538,116.51665242424,135.93609449495,
    155.35553656566,174.77497863636,194.19442070707,213.61386277778,
    233.03330484849,252.45274691919,271.8721889899,291.29163106061,
    310.71107313132),.UNSPECIFIED.);
#6550 = CARTESIAN_POINT('',(14.2875,-7.105427357601E-15,2.38125));
#6551 = CARTESIAN_POINT('',(14.287492745546,5.984740557249,
    4.497891435541));
#6552 = CARTESIAN_POINT('',(11.467216728804,11.96975611645,
    6.614661379644));
#6553 = CARTESIAN_POINT('',(5.827018818916,16.433649409797,8.73107319404
    ));
#6554 = CARTESIAN_POINT('',(-1.680007726215,17.868567450421,
    10.848163590977));
#6555 = CARTESIAN_POINT('',(-9.143720176983,15.443500946699,
    12.964335013561));
#6556 = CARTESIAN_POINT('',(-14.37364406092,9.870025221809,
    15.081411366698));
#6557 = CARTESIAN_POINT('',(-16.31279682964,2.943496912123,
    17.197844859683));
#6558 = CARTESIAN_POINT('',(-15.0765733014,-3.556229679309,
    19.31459389621));
#6559 = CARTESIAN_POINT('',(-11.55883030719,-8.397981792125,
    21.431250000179));
#6560 = CARTESIAN_POINT('',(-8.041082692643,-13.23973466816,
    23.547889751688));
#6561 = CARTESIAN_POINT('',(-2.24152506445,-16.42399566823,
    25.664668307439));
#6562 = CARTESIAN_POINT('',(4.945294544044,-16.7201406278,
    27.781056227507));
#6563 = CARTESIAN_POINT('',(11.862044045945,-13.46848520274,
    29.898193690596));
#6564 = CARTESIAN_POINT('',(16.474875006379,-7.119518762654,
    32.014293686895));
#6565 = CARTESIAN_POINT('',(17.429990810303,0.463606508091,
    34.131456510722));
#6566 = CARTESIAN_POINT('',(14.927462337416,7.207074794347,
    36.247805280753));
#6567 = CARTESIAN_POINT('',(10.106912776374,11.73884299395,
    38.364621596836));
#6568 = CARTESIAN_POINT('',(4.415075868638,13.588217075582,
    40.481234854513));
#6569 = CARTESIAN_POINT('',(-1.276705751379,15.437613592559,
    42.597992285096));
#6570 = CARTESIAN_POINT('',(-7.840481290765,14.604801469135,
    44.714361970677));
#6571 = CARTESIAN_POINT('',(-13.82845031872,10.620116845131,
    46.831605799965));
#6572 = CARTESIAN_POINT('',(-17.51343177095,3.923937165784,
    48.947536338995));
#6573 = CARTESIAN_POINT('',(-17.51301216303,-3.923949746794,
    51.06484115485));
#6574 = CARTESIAN_POINT('',(-13.82873468108,-10.62009299139,
    53.18113584771));
#6575 = CARTESIAN_POINT('',(-7.840352274247,-14.60482427324,
    55.297936156314));
#6576 = CARTESIAN_POINT('',(-1.276738660645,-15.43760342458,
    57.414582480329));
#6577 = CARTESIAN_POINT('',(10.106899928327,-11.73883501669,
    61.647911145051));
#6578 = CARTESIAN_POINT('',(14.927486083285,-7.207106750884,
    63.764567274323));
#6579 = CARTESIAN_POINT('',(17.429977572426,-0.463493420552,
    65.88133378909));
#6580 = CARTESIAN_POINT('',(16.474859479302,7.119300548765,
    67.997700248015));
#6581 = CARTESIAN_POINT('',(11.862087039025,13.468753733767,
    70.114892283082));
#6582 = CARTESIAN_POINT('',(4.945240096612,16.719929817908,
    72.230961908942));
#6583 = CARTESIAN_POINT('',(-2.241491409322,16.424099626772,
    74.348068025357));
#6584 = CARTESIAN_POINT('',(-8.041095637371,13.239710151947,
    76.464547739297));
#6585 = CARTESIAN_POINT('',(-11.55882891972,8.397976674485,
    78.581234854703));
#6586 = CARTESIAN_POINT('',(-15.07656677721,3.556265628286,
    80.697992284551));
#6587 = CARTESIAN_POINT('',(-16.3128335693,-2.943608968769,
    82.81436197149));
#6588 = CARTESIAN_POINT('',(-14.37355748388,-9.869841198815,
    84.931605799114));
#6589 = CARTESIAN_POINT('',(-9.143834057903,-15.44370013909,
    87.047536339663));
#6590 = CARTESIAN_POINT('',(-1.679920404918,-17.86843149461,
    89.164841154459));
#6591 = CARTESIAN_POINT('',(5.826994616028,-16.43369744667,
    91.281135847877));
#6592 = CARTESIAN_POINT('',(11.467211199778,-11.96975702077,
    93.397936156259));
#6593 = CARTESIAN_POINT('',(14.287499389407,-5.984732433428,
    95.514582480348));
#6594 = CARTESIAN_POINT('',(14.287499374652,5.984733522057,
    99.74791114501));
#6595 = CARTESIAN_POINT('',(11.467212722031,11.969764445138,
    101.86456727452));
#6596 = CARTESIAN_POINT('',(5.826967719447,16.433666405307,
    103.98133378861));
#6597 = CARTESIAN_POINT('',(-1.679845619474,17.868507320686,
    106.09770024878));
#6598 = CARTESIAN_POINT('',(-9.143959520896,15.443588971817,
    108.21489228213));
#6599 = CARTESIAN_POINT('',(-14.37343497437,9.869945277261,
    110.33096190985));
#6600 = CARTESIAN_POINT('',(-16.31290591237,2.943540890815,
    112.44806802465));
#6601 = CARTESIAN_POINT('',(-15.07654781935,-3.556240966515,
    114.56454773975));
#6602 = CARTESIAN_POINT('',(-11.55882501113,-8.397982054056,
    116.68123485441));
#6603 = CARTESIAN_POINT('',(-8.041124954739,-13.23972057196,
    118.79799231822));
#6604 = CARTESIAN_POINT('',(-2.24140429098,-16.42405181708,
    120.9143618346));
#6605 = CARTESIAN_POINT('',(4.945103213067,-16.72001427837,
    123.03160613314));
#6606 = CARTESIAN_POINT('',(11.862231609127,-13.46866857057,
    125.14753574792));
#6607 = CARTESIAN_POINT('',(16.47476415347,-7.119348507963,
    127.26484196638));
#6608 = CARTESIAN_POINT('',(17.43001551638,0.463509698544,
    129.38113496122));
#6609 = CARTESIAN_POINT('',(14.927478455125,7.207107343021,
    131.49793693351));
#6610 = CARTESIAN_POINT('',(10.106898965268,11.738835545134,
    133.61458193638));
#6611 = CARTESIAN_POINT('',(-1.276739842335,15.43760337432,
    137.84791228379));
#6612 = CARTESIAN_POINT('',(-7.840358099449,14.604830026792,
    139.96456112697));
#6613 = CARTESIAN_POINT('',(-13.82871547184,10.620052559051,
    142.08134986364));
#6614 = CARTESIAN_POINT('',(-17.51305752226,3.924053884929,
    144.19767096621));
#6615 = CARTESIAN_POINT('',(-17.51336988576,-3.924104168246,
    146.31493301331));
#6616 = CARTESIAN_POINT('',(-13.82850586724,-10.61995350814,
    148.43091710212));
#6617 = CARTESIAN_POINT('',(-7.840443810219,-14.60490421419,
    150.5481074651));
#6618 = CARTESIAN_POINT('',(-1.276719903536,-15.43757888896,
    152.66452007406));
#6619 = CARTESIAN_POINT('',(4.415080307241,-13.58821997625,
    154.78124999904));
#6620 = CARTESIAN_POINT('',(10.10690462494,-11.73882674244,
    156.89789084157));
#6621 = CARTESIAN_POINT('',(14.927479176,-7.207112295734,159.01466383379
    ));
#6622 = CARTESIAN_POINT('',(17.429977751023,-0.463549325388,
    161.13106716553));
#6623 = CARTESIAN_POINT('',(16.474865590592,7.1194769442,163.24817431113
    ));
#6624 = CARTESIAN_POINT('',(11.862078634066,13.468493908093,
    165.36432027317));
#6625 = CARTESIAN_POINT('',(4.94525004074,16.720158825405,
    167.48142747718));
#6626 = CARTESIAN_POINT('',(-2.241498233057,16.423977519319,
    169.59783073775));
#6627 = CARTESIAN_POINT('',(-8.041093682104,13.239741213015,
    171.71460377492));
#6628 = CARTESIAN_POINT('',(-11.55882981259,8.397979967924,
    173.83124460145));
#6629 = CARTESIAN_POINT('',(-15.07656774395,3.556224175483,
    175.94790070071));
#6630 = CARTESIAN_POINT('',(-16.31281736822,-2.943480537034,
    178.06464976556));
#6631 = CARTESIAN_POINT('',(-14.37361712913,-9.870059182392,
    180.18108320616));
#6632 = CARTESIAN_POINT('',(-9.143721368321,-15.44346580135,
    182.2981596016));
#6633 = CARTESIAN_POINT('',(-1.680042062829,-17.86859175804,
    184.41433103456));
#6634 = CARTESIAN_POINT('',(5.827071974058,-16.43363969738,
    186.53142136784));
#6635 = CARTESIAN_POINT('',(11.467181723883,-11.96975650282,
    188.64783325609));
#6636 = CARTESIAN_POINT('',(14.287506120098,-5.984739561985,
    190.76460315335));
#6637 = CARTESIAN_POINT('',(14.287498528992,1.183991449555E-06,
    192.88124460632));
#6638 = CARTESIAN_POINT('',(14.287495650917,5.984738376687,
    194.99790072218));
#6639 = CARTESIAN_POINT('',(11.467212000882,11.969759269249,
    197.11464968928));
#6640 = CARTESIAN_POINT('',(5.827025364356,16.433645747344,
    199.23108331165));
#6641 = CARTESIAN_POINT('',(-1.680015561757,17.868570898594,
    201.34815955564));
#6642 = CARTESIAN_POINT('',(-9.143712028114,15.443498316608,
    203.46433096579));
#6643 = CARTESIAN_POINT('',(-14.37365139106,9.870026835546,
    205.58142149952));
#6644 = CARTESIAN_POINT('',(-16.31279119552,2.943496124953,
    207.6978331528));
#6645 = CARTESIAN_POINT('',(-15.07657692638,-3.556229376951,
    209.81460319648));
#6646 = CARTESIAN_POINT('',(-11.55882841825,-8.397981885575,
    211.93124459827));
#6647 = CARTESIAN_POINT('',(-8.041086146608,-13.2397344975,
    214.04789962901));
#6648 = CARTESIAN_POINT('',(-2.241520130733,-16.42399591139,
    216.16465419997));
#6649 = CARTESIAN_POINT('',(4.94528891766,-16.72014035159,
    218.28107231098));
#6650 = CARTESIAN_POINT('',(11.862049196783,-13.46848545433,
    220.39817897435));
#6651 = CARTESIAN_POINT('',(16.474871253486,-7.119518580354,
    222.51430440067));
#6652 = CARTESIAN_POINT('',(17.42999292715,0.463606405806,
    224.63145047349));
#6653 = CARTESIAN_POINT('',(14.927461472308,7.207074835938,
    226.74780774523));
#6654 = CARTESIAN_POINT('',(10.106912986866,11.738842983918,
    228.86462099821));
#6655 = CARTESIAN_POINT('',(4.415075868563,13.588217075524,
    230.98123485423));
#6656 = CARTESIAN_POINT('',(-1.276705751212,15.437613592668,
    233.09799228579));
#6657 = CARTESIAN_POINT('',(-7.840481291027,14.604801469075,
    235.21436196971));
#6658 = CARTESIAN_POINT('',(-13.82845031841,10.620116845072,
    237.3316058009));
#6659 = CARTESIAN_POINT('',(-17.51343177122,3.923937165919,
    239.4475363383));
#6660 = CARTESIAN_POINT('',(-17.51301216287,-3.923949746911,
    241.56484115521));
#6661 = CARTESIAN_POINT('',(-13.82873468114,-10.62009299133,
    243.68113584759));
#6662 = CARTESIAN_POINT('',(-7.840352274234,-14.60482427325,
    245.79793615631));
#6663 = CARTESIAN_POINT('',(-1.276738660646,-15.43760342457,
    247.91458248034));
#6664 = CARTESIAN_POINT('',(10.106899928329,-11.7388350167,
    252.14791114502));
#6665 = CARTESIAN_POINT('',(14.927486083259,-7.207106750831,
    254.26456727448));
#6666 = CARTESIAN_POINT('',(17.429977572523,-0.463493420698,
    256.38133378861));
#6667 = CARTESIAN_POINT('',(16.474859479097,7.11930054906,
    258.49770024896));
#6668 = CARTESIAN_POINT('',(11.862087039311,13.468753733304,
    260.61489228163));
#6669 = CARTESIAN_POINT('',(4.945240096347,16.719929818479,
    262.73096191065));
#6670 = CARTESIAN_POINT('',(-2.241491409152,16.424099626233,
    264.84806802378));
#6671 = CARTESIAN_POINT('',(-8.041095637457,13.239710152318,
    266.96454774035));
#6672 = CARTESIAN_POINT('',(-11.55882891967,8.397976674342,
    269.08123485428));
#6673 = CARTESIAN_POINT('',(-15.07656679629,3.556265629533,
    271.19799234001));
#6674 = CARTESIAN_POINT('',(-16.31283349117,-2.94360897307,
    273.31436174633));
#6675 = CARTESIAN_POINT('',(-14.37355767509,-9.869841188878,
    275.43160634822));
#6676 = CARTESIAN_POINT('',(-9.143833718551,-15.44370015627,
    277.54753536705));
#6677 = CARTESIAN_POINT('',(-1.679920871099,-17.86843147133,
    279.66484248899));
#6678 = CARTESIAN_POINT('',(5.826995125464,-16.43369747195,
    281.78113439045));
#6679 = CARTESIAN_POINT('',(11.467210753064,-11.96975699866,
    283.89793743387));
#6680 = CARTESIAN_POINT('',(14.287499702069,-5.984732448892,
    286.0145815862));
#6681 = CARTESIAN_POINT('',(14.287498720091,5.98473355443,
    290.24791301692));
#6682 = CARTESIAN_POINT('',(11.467216255571,11.969764270364,
    292.36455716926));
#6683 = CARTESIAN_POINT('',(5.826958479704,16.433666862352,
    294.48136021257));
#6684 = CARTESIAN_POINT('',(-1.679828788166,17.868506488086,
    296.59765211431));
#6685 = CARTESIAN_POINT('',(-9.143982932791,15.443590129931,
    298.71495923587));
#6686 = CARTESIAN_POINT('',(-14.37340921925,9.869944003309,
    300.83088825496));
#6687 = CARTESIAN_POINT('',(-16.31292858248,2.943542012074,
    302.94813285689));
#6688 = CARTESIAN_POINT('',(-15.0765319173,-3.556241752978,
    305.06450226293));
#6689 = CARTESIAN_POINT('',(-11.5588337161,-8.397981623531,
    307.18125974898));
#6690 = PCURVE('',#4976,#6691);
#6691 = DEFINITIONAL_REPRESENTATION('',(#6692),#6696);
#6692 = LINE('',#6693,#6694);
#6693 = CARTESIAN_POINT('',(0.,0.));
#6694 = VECTOR('',#6695,1.);
#6695 = DIRECTION('',(0.,1.));
#6696 = ( GEOMETRIC_REPRESENTATION_CONTEXT(2) 
PARAMETRIC_REPRESENTATION_CONTEXT() REPRESENTATION_CONTEXT('2D SPACE',''
  ) );
#6697 = PCURVE('',#6698,#6979);
#6698 = B_SPLINE_SURFACE_WITH_KNOTS('',1,9,(
    (#6699,#6700,#6701,#6702,#6703,#6704,#6705,#6706,#6707,#6708,#6709
      ,#6710,#6711,#6712,#6713,#6714,#6715,#6716,#6717,#6718,#6719,#6720
      ,#6721,#6722,#6723,#6724,#6725,#6726,#6727,#6728,#6729,#6730,#6731
      ,#6732,#6733,#6734,#6735,#6736,#6737,#6738,#6739,#6740,#6741,#6742
      ,#6743,#6744,#6745,#6746,#6747,#6748,#6749,#6750,#6751,#6752,#6753
      ,#6754,#6755,#6756,#6757,#6758,#6759,#6760,#6761,#6762,#6763,#6764
      ,#6765,#6766,#6767,#6768,#6769,#6770,#6771,#6772,#6773,#6774,#6775
      ,#6776,#6777,#6778,#6779,#6780,#6781,#6782,#6783,#6784,#6785,#6786
      ,#6787,#6788,#6789,#6790,#6791,#6792,#6793,#6794,#6795,#6796,#6797
      ,#6798,#6799,#6800,#6801,#6802,#6803,#6804,#6805,#6806,#6807,#6808
      ,#6809,#6810,#6811,#6812,#6813,#6814,#6815,#6816,#6817,#6818,#6819
      ,#6820,#6821,#6822,#6823,#6824,#6825,#6826,#6827,#6828,#6829,#6830
      ,#6831,#6832,#6833,#6834,#6835,#6836,#6837,#6838)
    ,(#6839,#6840,#6841,#6842,#6843,#6844,#6845,#6846,#6847,#6848,#6849
      ,#6850,#6851,#6852,#6853,#6854,#6855,#6856,#6857,#6858,#6859,#6860
      ,#6861,#6862,#6863,#6864,#6865,#6866,#6867,#6868,#6869,#6870,#6871
      ,#6872,#6873,#6874,#6875,#6876,#6877,#6878,#6879,#6880,#6881,#6882
      ,#6883,#6884,#6885,#6886,#6887,#6888,#6889,#6890,#6891,#6892,#6893
      ,#6894,#6895,#6896,#6897,#6898,#6899,#6900,#6901,#6902,#6903,#6904
      ,#6905,#6906,#6907,#6908,#6909,#6910,#6911,#6912,#6913,#6914,#6915
      ,#6916,#6917,#6918,#6919,#6920,#6921,#6922,#6923,#6924,#6925,#6926
      ,#6927,#6928,#6929,#6930,#6931,#6932,#6933,#6934,#6935,#6936,#6937
      ,#6938,#6939,#6940,#6941,#6942,#6943,#6944,#6945,#6946,#6947,#6948
      ,#6949,#6950,#6951,#6952,#6953,#6954,#6955,#6956,#6957,#6958,#6959
      ,#6960,#6961,#6962,#6963,#6964,#6965,#6966,#6967,#6968,#6969,#6970
      ,#6971,#6972,#6973,#6974,#6975,#6976,#6977,#6978
  )),.UNSPECIFIED.,.F.,.F.,.F.,(2,2),(10,9,9,8,9,8,9,8,9,9,9,9,9,8,9,8,
    10),(0.,17.4625),(0.,19.419442070708,38.838884141415,58.258326212123
    ,77.67776828283,97.097210353538,116.51665242424,135.93609449495,
    155.35553656566,174.77497863636,194.19442070707,213.61386277778,
    233.03330484849,252.45274691919,271.8721889899,291.29163106061,
    310.71107313132),.UNSPECIFIED.);
#6699 = CARTESIAN_POINT('',(31.75,-1.7763568394E-14,2.38125));
#6700 = CARTESIAN_POINT('',(31.749992900301,13.299401539229,
    4.497941897793));
#6701 = CARTESIAN_POINT('',(25.482688279142,26.599517701009,
    6.614505287022));
#6702 = CARTESIAN_POINT('',(12.948948098264,36.51912890114,
    8.731426805945));
#6703 = CARTESIAN_POINT('',(-3.733329385895,39.708002370486,
    10.847669742404));
#6704 = CARTESIAN_POINT('',(-20.31943946237,34.318878711745,
    12.96483165303));
#6705 = CARTESIAN_POINT('',(-31.94135702548,21.933365223675,
    15.081088633375));
#6706 = CARTESIAN_POINT('',(-36.25070547409,6.541131788773,
    17.197988473605));
#6707 = CARTESIAN_POINT('',(-33.50348567876,-7.902738426143,
    19.314572770473));
#6708 = CARTESIAN_POINT('',(-25.68628957142,-18.66218176034,
    21.431249999817));
#6709 = CARTESIAN_POINT('',(-17.86909152893,-29.42161999774,
    23.547943581628));
#6710 = CARTESIAN_POINT('',(-4.981124519916,-36.49780795651,
    25.66449835931));
#6711 = CARTESIAN_POINT('',(10.989488436194,-37.15580217426,
    27.781443772309));
#6712 = CARTESIAN_POINT('',(26.360101362737,-29.93004292973,
    29.897639642997));
#6713 = CARTESIAN_POINT('',(36.610907768441,-15.8211027752,
    32.01487297952));
#6714 = CARTESIAN_POINT('',(38.733203648117,1.030208158814,
    34.131043489454));
#6715 = CARTESIAN_POINT('',(33.172222513023,16.015730332655,
    36.248028052486));
#6716 = CARTESIAN_POINT('',(22.459772736516,26.086313535313,
    38.364545069871));
#6717 = CARTESIAN_POINT('',(9.811291457047,30.196039436521,
    40.481265145472));
#6718 = CARTESIAN_POINT('',(-2.837220775973,34.305817703974,
    42.597841048277));
#6719 = CARTESIAN_POINT('',(-17.42298022204,32.455060690176,
    44.714804695861));
#6720 = CARTESIAN_POINT('',(-30.73043539821,23.600429934916,
    46.830894200294));
#6721 = CARTESIAN_POINT('',(-38.91811345455,8.719584636647,
    48.948296994013));
#6722 = CARTESIAN_POINT('',(-38.91827706898,-8.719629871831,
    51.064325512069));
#6723 = CARTESIAN_POINT('',(-30.73031166664,-23.60032953317,
    53.181364152176));
#6724 = CARTESIAN_POINT('',(-17.42304932519,-32.45513859401,
    55.29789717704));
#6725 = CARTESIAN_POINT('',(-2.837199996681,-34.30578685944,
    57.414584186341));
#6726 = CARTESIAN_POINT('',(22.459777791718,-26.08630079835,
    61.647922188278));
#6727 = CARTESIAN_POINT('',(33.172199086417,-16.01575262581,
    63.764599392386));
#6728 = CARTESIAN_POINT('',(38.733238329661,-1.030220988699,
    65.881166210762));
#6729 = CARTESIAN_POINT('',(36.610901925609,15.821192851098,
    67.998133085611));
#6730 = CARTESIAN_POINT('',(26.360046527788,29.929892206161,
    70.114274383216));
#6731 = CARTESIAN_POINT('',(10.989580654479,37.155934208199,
    72.231538091365));
#6732 = CARTESIAN_POINT('',(-4.981186684075,36.497737672274,
    74.347765307802));
#6733 = CARTESIAN_POINT('',(-17.8690740937,29.421640822192,
    76.464618927445));
#6734 = CARTESIAN_POINT('',(-25.68628427548,18.662182022194,
    78.581265145262));
#6735 = CARTESIAN_POINT('',(-33.50352091058,7.902723369285,
    80.697841048792));
#6736 = CARTESIAN_POINT('',(-36.25059393769,-6.541073566611,
    82.814804695181));
#6737 = CARTESIAN_POINT('',(-31.94156945927,-21.93344690985,
    84.930894200919));
#6738 = CARTESIAN_POINT('',(-20.31917623476,-34.31882556597,
    87.048296993578));
#6739 = CARTESIAN_POINT('',(-3.733548196699,-39.70799482468,
    89.164325512308));
#6740 = CARTESIAN_POINT('',(12.949058641759,-36.51916605686,
    91.281364152067));
#6741 = CARTESIAN_POINT('',(25.482652711787,-26.59949397481,
    93.397897177088));
#6742 = CARTESIAN_POINT('',(31.749999123893,-13.29940868985,
    95.514584186318));
#6743 = CARTESIAN_POINT('',(31.749999387836,13.299407756303,
    99.747922188323));
#6744 = CARTESIAN_POINT('',(25.482659156612,26.599496361815,
    101.86459939215));
#6745 = CARTESIAN_POINT('',(12.949027275672,36.519142917367,
    103.98116621134));
#6746 = CARTESIAN_POINT('',(-3.733457682416,39.708054305741,
    106.09813308461));
#6747 = CARTESIAN_POINT('',(-20.31931666475,34.318739351995,
    108.21427438447));
#6748 = CARTESIAN_POINT('',(-31.94142616476,21.933527404659,
    110.33153809016));
#6749 = CARTESIAN_POINT('',(-36.25068258057,6.54103114245,
    112.44776530868));
#6750 = CARTESIAN_POINT('',(-33.50349079283,-7.902712340682,
    114.56461892692));
#6751 = CARTESIAN_POINT('',(-25.68628818394,-18.66217664253,
    116.68126514555));
#6752 = CARTESIAN_POINT('',(-17.86909388,-29.4216660644,118.79784101517)
  );
#6753 = CARTESIAN_POINT('',(-4.981118983476,-36.49766645127,
    120.91480483188));
#6754 = CARTESIAN_POINT('',(10.989459915782,-37.15604567929,
    123.03089386718));
#6755 = CARTESIAN_POINT('',(26.360171745037,-29.92978517738,
    125.148297585));
#6756 = CARTESIAN_POINT('',(36.610817622507,-15.82126071023,
    127.2643247006));
#6757 = CARTESIAN_POINT('',(38.733269769816,1.030243838974,
    129.38136503862));
#6758 = CARTESIAN_POINT('',(33.172195052344,16.015747085168,
    131.49789639985));
#6759 = CARTESIAN_POINT('',(22.459778438623,26.086300363032,
    133.61458473027));
#6760 = CARTESIAN_POINT('',(-2.837198693533,34.305786603862,
    137.84792104954));
#6761 = CARTESIAN_POINT('',(-17.4230514054,32.455146638571,
    139.9646055397));
#6762 = CARTESIAN_POINT('',(-30.73029464135,23.600289472569,
    142.08115013628));
#6763 = CARTESIAN_POINT('',(-38.91831424999,8.719739945871,
    144.1981623673));
#6764 = CARTESIAN_POINT('',(-38.9180629187,-8.719752637362,
    146.31423365311));
#6765 = CARTESIAN_POINT('',(-30.73048080422,-23.60026019635,
    148.43158289805));
#6766 = CARTESIAN_POINT('',(-17.42295570811,-32.45516565928,
    150.54772586816));
#6767 = CARTESIAN_POINT('',(-2.837230065488,-34.3057803529,
    152.66464659259));
#6768 = CARTESIAN_POINT('',(9.811289571123,-30.19604439218,
    154.78125000096));
#6769 = CARTESIAN_POINT('',(22.459770085525,-26.08629654032,
    156.89794249183));
#6770 = CARTESIAN_POINT('',(33.172227512267,-16.01577376821,
    159.0145028326));
#6771 = CARTESIAN_POINT('',(38.733202657335,-1.030149918524,
    161.13143283475));
#6772 = CARTESIAN_POINT('',(36.6108884109,15.821054604784,
    163.24765902233));
#6773 = CARTESIAN_POINT('',(26.360146287676,29.930052309797,
    165.36484639278));
#6774 = CARTESIAN_POINT('',(10.989442137415,37.155818058601,
    167.4810725237));
#6775 = CARTESIAN_POINT('',(-4.981093099002,36.49779079093,
    169.59800259498));
#6776 = CARTESIAN_POINT('',(-17.86910077649,29.421627726663,
    171.71456289194));
#6777 = CARTESIAN_POINT('',(-25.68628768368,18.662181853627,
    173.83125539853));
#6778 = CARTESIAN_POINT('',(-33.50347952958,7.902735424535,
    175.94793263239));
#6779 = CARTESIAN_POINT('',(-36.2507265086,-6.541112718049,
    178.06451690182));
#6780 = CARTESIAN_POINT('',(-31.94133171676,-21.93339677723,
    180.18141679289));
#6781 = CARTESIAN_POINT('',(-20.31944322891,-34.31884208597,
    182.29767373197));
#6782 = CARTESIAN_POINT('',(-3.733366678211,-39.70802636065,
    184.41483563306));
#6783 = CARTESIAN_POINT('',(12.94899852702,-36.51912018479,
    186.53107863063));
#6784 = CARTESIAN_POINT('',(25.482651287738,-26.59951997319,
    188.64800007833));
#6785 = CARTESIAN_POINT('',(31.750005283059,-13.29940291929,
    190.7645635129));
#6786 = CARTESIAN_POINT('',(31.749998528988,-1.184090779883E-06,
    192.88125539372));
#6787 = CARTESIAN_POINT('',(31.749995651989,13.299403911986,
    194.99793261165));
#6788 = CARTESIAN_POINT('',(25.482684186783,26.599513754973,
    197.11451697557));
#6789 = CARTESIAN_POINT('',(12.948953078322,36.519134513685,
    199.23141669113));
#6790 = CARTESIAN_POINT('',(-3.733334432259,39.707995453349,
    201.34767377574));
#6791 = CARTESIAN_POINT('',(-20.31943514991,34.31888610791,
    203.46483570059));
#6792 = CARTESIAN_POINT('',(-31.94136016838,21.933358410635,
    205.58107850215));
#6793 = CARTESIAN_POINT('',(-36.25070350167,6.541137122655,
    207.69800017919));
#6794 = CARTESIAN_POINT('',(-33.50348674845,-7.902741902171,
    209.81456347058));
#6795 = CARTESIAN_POINT('',(-25.68628907653,-18.66217993504,
    211.93125540177));
#6796 = CARTESIAN_POINT('',(-17.86909243362,-29.4216233353,
    214.04793370403));
#6797 = CARTESIAN_POINT('',(-4.981123228242,-36.49780318913,
    216.16451246752));
#6798 = CARTESIAN_POINT('',(10.989486964246,-37.15580761089,
    218.2814276875));
#6799 = CARTESIAN_POINT('',(26.36010270902,-29.93003795262,
    220.39765436076));
#6800 = CARTESIAN_POINT('',(36.610906788533,-15.82110640159,
    222.51486226459));
#6801 = CARTESIAN_POINT('',(38.733204200311,1.030210204396,
    224.63104952722));
#6802 = CARTESIAN_POINT('',(33.172222287554,16.015729496607,
    226.74802558788));
#6803 = CARTESIAN_POINT('',(22.459772791296,26.08631373877,
    228.86454566847));
#6804 = CARTESIAN_POINT('',(9.811291457084,30.196039436426,
    230.98126514576));
#6805 = CARTESIAN_POINT('',(-2.837220776026,34.305817704207,
    233.09784104762));
#6806 = CARTESIAN_POINT('',(-17.42298022209,32.455060689818,
    235.21480469667));
#6807 = CARTESIAN_POINT('',(-30.73043539799,23.600429935317,
    237.33089419959));
#6808 = CARTESIAN_POINT('',(-38.91811345486,8.71958463632,
    239.44829699447));
#6809 = CARTESIAN_POINT('',(-38.91827706874,-8.719629871644,
    241.56432551182));
#6810 = CARTESIAN_POINT('',(-30.73031166675,-23.60032953323,
    243.68136415226));
#6811 = CARTESIAN_POINT('',(-17.42304932516,-32.45513859399,
    245.79789717703));
#6812 = CARTESIAN_POINT('',(-2.837199996686,-34.30578685944,
    247.91458418633));
#6813 = CARTESIAN_POINT('',(22.459777791728,-26.08630079835,
    252.1479221883));
#6814 = CARTESIAN_POINT('',(33.172199086359,-16.01575262584,
    254.26459939223));
#6815 = CARTESIAN_POINT('',(38.733238329824,-1.030220988568,
    256.38116621117));
#6816 = CARTESIAN_POINT('',(36.610901925287,15.821192850802,
    258.49813308479));
#6817 = CARTESIAN_POINT('',(26.36004652828,29.929892206561,
    260.61427438446));
#6818 = CARTESIAN_POINT('',(10.989580653897,37.155934207863,
    262.73153808983));
#6819 = CARTESIAN_POINT('',(-4.981186683535,36.497737672433,
    264.84776530928));
#6820 = CARTESIAN_POINT('',(-17.86907409406,29.421640822171,
    266.96461892639));
#6821 = CARTESIAN_POINT('',(-25.68628427533,18.662182022197,
    269.08126514572));
#6822 = CARTESIAN_POINT('',(-33.50352091592,7.902723350977,
    271.19784099339));
#6823 = CARTESIAN_POINT('',(-36.25059391671,-6.541073491348,
    273.31480492007));
#6824 = CARTESIAN_POINT('',(-31.94156950988,-21.93344709431,
    275.43089365222));
#6825 = CARTESIAN_POINT('',(-20.31917614546,-34.31882523835,
    277.54829796579));
#6826 = CARTESIAN_POINT('',(-3.733548319033,-39.70799527496,
    279.66432417798));
#6827 = CARTESIAN_POINT('',(12.949058775286,-36.51916556466,
    281.78136560943));
#6828 = CARTESIAN_POINT('',(25.482652594746,-26.59949440647,
    283.89789589946));
#6829 = CARTESIAN_POINT('',(31.749999205805,-13.29940838772,
    286.01458508047));
#6830 = CARTESIAN_POINT('',(31.749999216353,13.299407123774,
    290.2479203164));
#6831 = CARTESIAN_POINT('',(25.482660082351,26.599499776433,
    292.36460949743));
#6832 = CARTESIAN_POINT('',(12.949024854952,36.519133988571,
    294.48113978732));
#6833 = CARTESIAN_POINT('',(-3.733453272741,39.70807057063,
    296.59818121921));
#6834 = CARTESIAN_POINT('',(-20.3193227985,34.318716728002,
    298.71420743054));
#6835 = CARTESIAN_POINT('',(-31.94141941716,21.933552292961,
    300.83161174522));
#6836 = CARTESIAN_POINT('',(-36.25068851985,6.541009235388,
    302.94770047636));
#6837 = CARTESIAN_POINT('',(-33.50348662675,-7.902696973898,
    305.06466440374));
#6838 = CARTESIAN_POINT('',(-25.68629046448,-18.6621850545,
    307.18124025101));
#6839 = CARTESIAN_POINT('',(14.2875,-7.105427357601E-15,2.38125));
#6840 = CARTESIAN_POINT('',(14.287492745546,5.984740557249,
    4.497891435541));
#6841 = CARTESIAN_POINT('',(11.467216728804,11.96975611645,
    6.614661379644));
#6842 = CARTESIAN_POINT('',(5.827018818916,16.433649409797,8.73107319404
    ));
#6843 = CARTESIAN_POINT('',(-1.680007726215,17.868567450421,
    10.848163590977));
#6844 = CARTESIAN_POINT('',(-9.143720176983,15.443500946699,
    12.964335013561));
#6845 = CARTESIAN_POINT('',(-14.37364406092,9.870025221809,
    15.081411366698));
#6846 = CARTESIAN_POINT('',(-16.31279682964,2.943496912123,
    17.197844859683));
#6847 = CARTESIAN_POINT('',(-15.0765733014,-3.556229679309,
    19.31459389621));
#6848 = CARTESIAN_POINT('',(-11.55883030719,-8.397981792125,
    21.431250000179));
#6849 = CARTESIAN_POINT('',(-8.041082692643,-13.23973466816,
    23.547889751688));
#6850 = CARTESIAN_POINT('',(-2.24152506445,-16.42399566823,
    25.664668307439));
#6851 = CARTESIAN_POINT('',(4.945294544044,-16.7201406278,
    27.781056227507));
#6852 = CARTESIAN_POINT('',(11.862044045945,-13.46848520274,
    29.898193690596));
#6853 = CARTESIAN_POINT('',(16.474875006379,-7.119518762654,
    32.014293686895));
#6854 = CARTESIAN_POINT('',(17.429990810303,0.463606508091,
    34.131456510722));
#6855 = CARTESIAN_POINT('',(14.927462337416,7.207074794347,
    36.247805280753));
#6856 = CARTESIAN_POINT('',(10.106912776374,11.73884299395,
    38.364621596836));
#6857 = CARTESIAN_POINT('',(4.415075868638,13.588217075582,
    40.481234854513));
#6858 = CARTESIAN_POINT('',(-1.276705751379,15.437613592559,
    42.597992285096));
#6859 = CARTESIAN_POINT('',(-7.840481290765,14.604801469135,
    44.714361970677));
#6860 = CARTESIAN_POINT('',(-13.82845031872,10.620116845131,
    46.831605799965));
#6861 = CARTESIAN_POINT('',(-17.51343177095,3.923937165784,
    48.947536338995));
#6862 = CARTESIAN_POINT('',(-17.51301216303,-3.923949746794,
    51.06484115485));
#6863 = CARTESIAN_POINT('',(-13.82873468108,-10.62009299139,
    53.18113584771));
#6864 = CARTESIAN_POINT('',(-7.840352274247,-14.60482427324,
    55.297936156314));
#6865 = CARTESIAN_POINT('',(-1.276738660645,-15.43760342458,
    57.414582480329));
#6866 = CARTESIAN_POINT('',(10.106899928327,-11.73883501669,
    61.647911145051));
#6867 = CARTESIAN_POINT('',(14.927486083285,-7.207106750884,
    63.764567274323));
#6868 = CARTESIAN_POINT('',(17.429977572426,-0.463493420552,
    65.88133378909));
#6869 = CARTESIAN_POINT('',(16.474859479302,7.119300548765,
    67.997700248015));
#6870 = CARTESIAN_POINT('',(11.862087039025,13.468753733767,
    70.114892283082));
#6871 = CARTESIAN_POINT('',(4.945240096612,16.719929817908,
    72.230961908942));
#6872 = CARTESIAN_POINT('',(-2.241491409322,16.424099626772,
    74.348068025357));
#6873 = CARTESIAN_POINT('',(-8.041095637371,13.239710151947,
    76.464547739297));
#6874 = CARTESIAN_POINT('',(-11.55882891972,8.397976674485,
    78.581234854703));
#6875 = CARTESIAN_POINT('',(-15.07656677721,3.556265628286,
    80.697992284551));
#6876 = CARTESIAN_POINT('',(-16.3128335693,-2.943608968769,
    82.81436197149));
#6877 = CARTESIAN_POINT('',(-14.37355748388,-9.869841198815,
    84.931605799114));
#6878 = CARTESIAN_POINT('',(-9.143834057903,-15.44370013909,
    87.047536339663));
#6879 = CARTESIAN_POINT('',(-1.679920404918,-17.86843149461,
    89.164841154459));
#6880 = CARTESIAN_POINT('',(5.826994616028,-16.43369744667,
    91.281135847877));
#6881 = CARTESIAN_POINT('',(11.467211199778,-11.96975702077,
    93.397936156259));
#6882 = CARTESIAN_POINT('',(14.287499389407,-5.984732433428,
    95.514582480348));
#6883 = CARTESIAN_POINT('',(14.287499374652,5.984733522057,
    99.74791114501));
#6884 = CARTESIAN_POINT('',(11.467212722031,11.969764445138,
    101.86456727452));
#6885 = CARTESIAN_POINT('',(5.826967719447,16.433666405307,
    103.98133378861));
#6886 = CARTESIAN_POINT('',(-1.679845619474,17.868507320686,
    106.09770024878));
#6887 = CARTESIAN_POINT('',(-9.143959520896,15.443588971817,
    108.21489228213));
#6888 = CARTESIAN_POINT('',(-14.37343497437,9.869945277261,
    110.33096190985));
#6889 = CARTESIAN_POINT('',(-16.31290591237,2.943540890815,
    112.44806802465));
#6890 = CARTESIAN_POINT('',(-15.07654781935,-3.556240966515,
    114.56454773975));
#6891 = CARTESIAN_POINT('',(-11.55882501113,-8.397982054056,
    116.68123485441));
#6892 = CARTESIAN_POINT('',(-8.041124954739,-13.23972057196,
    118.79799231822));
#6893 = CARTESIAN_POINT('',(-2.24140429098,-16.42405181708,
    120.9143618346));
#6894 = CARTESIAN_POINT('',(4.945103213067,-16.72001427837,
    123.03160613314));
#6895 = CARTESIAN_POINT('',(11.862231609127,-13.46866857057,
    125.14753574792));
#6896 = CARTESIAN_POINT('',(16.47476415347,-7.119348507963,
    127.26484196638));
#6897 = CARTESIAN_POINT('',(17.43001551638,0.463509698544,
    129.38113496122));
#6898 = CARTESIAN_POINT('',(14.927478455125,7.207107343021,
    131.49793693351));
#6899 = CARTESIAN_POINT('',(10.106898965268,11.738835545134,
    133.61458193638));
#6900 = CARTESIAN_POINT('',(-1.276739842335,15.43760337432,
    137.84791228379));
#6901 = CARTESIAN_POINT('',(-7.840358099449,14.604830026792,
    139.96456112697));
#6902 = CARTESIAN_POINT('',(-13.82871547184,10.620052559051,
    142.08134986364));
#6903 = CARTESIAN_POINT('',(-17.51305752226,3.924053884929,
    144.19767096621));
#6904 = CARTESIAN_POINT('',(-17.51336988576,-3.924104168246,
    146.31493301331));
#6905 = CARTESIAN_POINT('',(-13.82850586724,-10.61995350814,
    148.43091710212));
#6906 = CARTESIAN_POINT('',(-7.840443810219,-14.60490421419,
    150.5481074651));
#6907 = CARTESIAN_POINT('',(-1.276719903536,-15.43757888896,
    152.66452007406));
#6908 = CARTESIAN_POINT('',(4.415080307241,-13.58821997625,
    154.78124999904));
#6909 = CARTESIAN_POINT('',(10.10690462494,-11.73882674244,
    156.89789084157));
#6910 = CARTESIAN_POINT('',(14.927479176,-7.207112295734,159.01466383379
    ));
#6911 = CARTESIAN_POINT('',(17.429977751023,-0.463549325388,
    161.13106716553));
#6912 = CARTESIAN_POINT('',(16.474865590592,7.1194769442,163.24817431113
    ));
#6913 = CARTESIAN_POINT('',(11.862078634066,13.468493908093,
    165.36432027317));
#6914 = CARTESIAN_POINT('',(4.94525004074,16.720158825405,
    167.48142747718));
#6915 = CARTESIAN_POINT('',(-2.241498233057,16.423977519319,
    169.59783073775));
#6916 = CARTESIAN_POINT('',(-8.041093682104,13.239741213015,
    171.71460377492));
#6917 = CARTESIAN_POINT('',(-11.55882981259,8.397979967924,
    173.83124460145));
#6918 = CARTESIAN_POINT('',(-15.07656774395,3.556224175483,
    175.94790070071));
#6919 = CARTESIAN_POINT('',(-16.31281736822,-2.943480537034,
    178.06464976556));
#6920 = CARTESIAN_POINT('',(-14.37361712913,-9.870059182392,
    180.18108320616));
#6921 = CARTESIAN_POINT('',(-9.143721368321,-15.44346580135,
    182.2981596016));
#6922 = CARTESIAN_POINT('',(-1.680042062829,-17.86859175804,
    184.41433103456));
#6923 = CARTESIAN_POINT('',(5.827071974058,-16.43363969738,
    186.53142136784));
#6924 = CARTESIAN_POINT('',(11.467181723883,-11.96975650282,
    188.64783325609));
#6925 = CARTESIAN_POINT('',(14.287506120098,-5.984739561985,
    190.76460315335));
#6926 = CARTESIAN_POINT('',(14.287498528992,1.183991449555E-06,
    192.88124460632));
#6927 = CARTESIAN_POINT('',(14.287495650917,5.984738376687,
    194.99790072218));
#6928 = CARTESIAN_POINT('',(11.467212000882,11.969759269249,
    197.11464968928));
#6929 = CARTESIAN_POINT('',(5.827025364356,16.433645747344,
    199.23108331165));
#6930 = CARTESIAN_POINT('',(-1.680015561757,17.868570898594,
    201.34815955564));
#6931 = CARTESIAN_POINT('',(-9.143712028114,15.443498316608,
    203.46433096579));
#6932 = CARTESIAN_POINT('',(-14.37365139106,9.870026835546,
    205.58142149952));
#6933 = CARTESIAN_POINT('',(-16.31279119552,2.943496124953,
    207.6978331528));
#6934 = CARTESIAN_POINT('',(-15.07657692638,-3.556229376951,
    209.81460319648));
#6935 = CARTESIAN_POINT('',(-11.55882841825,-8.397981885575,
    211.93124459827));
#6936 = CARTESIAN_POINT('',(-8.041086146608,-13.2397344975,
    214.04789962901));
#6937 = CARTESIAN_POINT('',(-2.241520130733,-16.42399591139,
    216.16465419997));
#6938 = CARTESIAN_POINT('',(4.94528891766,-16.72014035159,
    218.28107231098));
#6939 = CARTESIAN_POINT('',(11.862049196783,-13.46848545433,
    220.39817897435));
#6940 = CARTESIAN_POINT('',(16.474871253486,-7.119518580354,
    222.51430440067));
#6941 = CARTESIAN_POINT('',(17.42999292715,0.463606405806,
    224.63145047349));
#6942 = CARTESIAN_POINT('',(14.927461472308,7.207074835938,
    226.74780774523));
#6943 = CARTESIAN_POINT('',(10.106912986866,11.738842983918,
    228.86462099821));
#6944 = CARTESIAN_POINT('',(4.415075868563,13.588217075524,
    230.98123485423));
#6945 = CARTESIAN_POINT('',(-1.276705751212,15.437613592668,
    233.09799228579));
#6946 = CARTESIAN_POINT('',(-7.840481291027,14.604801469075,
    235.21436196971));
#6947 = CARTESIAN_POINT('',(-13.82845031841,10.620116845072,
    237.3316058009));
#6948 = CARTESIAN_POINT('',(-17.51343177122,3.923937165919,
    239.4475363383));
#6949 = CARTESIAN_POINT('',(-17.51301216287,-3.923949746911,
    241.56484115521));
#6950 = CARTESIAN_POINT('',(-13.82873468114,-10.62009299133,
    243.68113584759));
#6951 = CARTESIAN_POINT('',(-7.840352274234,-14.60482427325,
    245.79793615631));
#6952 = CARTESIAN_POINT('',(-1.276738660646,-15.43760342457,
    247.91458248034));
#6953 = CARTESIAN_POINT('',(10.106899928329,-11.7388350167,
    252.14791114502));
#6954 = CARTESIAN_POINT('',(14.927486083259,-7.207106750831,
    254.26456727448));
#6955 = CARTESIAN_POINT('',(17.429977572523,-0.463493420698,
    256.38133378861));
#6956 = CARTESIAN_POINT('',(16.474859479097,7.11930054906,
    258.49770024896));
#6957 = CARTESIAN_POINT('',(11.862087039311,13.468753733304,
    260.61489228163));
#6958 = CARTESIAN_POINT('',(4.945240096347,16.719929818479,
    262.73096191065));
#6959 = CARTESIAN_POINT('',(-2.241491409152,16.424099626233,
    264.84806802378));
#6960 = CARTESIAN_POINT('',(-8.041095637457,13.239710152318,
    266.96454774035));
#6961 = CARTESIAN_POINT('',(-11.55882891967,8.397976674342,
    269.08123485428));
#6962 = CARTESIAN_POINT('',(-15.07656679629,3.556265629533,
    271.19799234001));
#6963 = CARTESIAN_POINT('',(-16.31283349117,-2.94360897307,
    273.31436174633));
#6964 = CARTESIAN_POINT('',(-14.37355767509,-9.869841188878,
    275.43160634822));
#6965 = CARTESIAN_POINT('',(-9.143833718551,-15.44370015627,
    277.54753536705));
#6966 = CARTESIAN_POINT('',(-1.679920871099,-17.86843147133,
    279.66484248899));
#6967 = CARTESIAN_POINT('',(5.826995125464,-16.43369747195,
    281.78113439045));
#6968 = CARTESIAN_POINT('',(11.467210753064,-11.96975699866,
    283.89793743387));
#6969 = CARTESIAN_POINT('',(14.287499702069,-5.984732448892,
    286.0145815862));
#6970 = CARTESIAN_POINT('',(14.287498720091,5.98473355443,
    290.24791301692));
#6971 = CARTESIAN_POINT('',(11.467216255571,11.969764270364,
    292.36455716926));
#6972 = CARTESIAN_POINT('',(5.826958479704,16.433666862352,
    294.48136021257));
#6973 = CARTESIAN_POINT('',(-1.679828788166,17.868506488086,
    296.59765211431));
#6974 = CARTESIAN_POINT('',(-9.143982932791,15.443590129931,
    298.71495923587));
#6975 = CARTESIAN_POINT('',(-14.37340921925,9.869944003309,
    300.83088825496));
#6976 = CARTESIAN_POINT('',(-16.31292858248,2.943542012074,
    302.94813285689));
#6977 = CARTESIAN_POINT('',(-15.0765319173,-3.556241752978,
    305.06450226293));
#6978 = CARTESIAN_POINT('',(-11.5588337161,-8.397981623531,
    307.18125974898));
#6979 = DEFINITIONAL_REPRESENTATION('',(#6980),#6984);
#6980 = LINE('',#6981,#6982);
#6981 = CARTESIAN_POINT('',(17.4625,0.));
#6982 = VECTOR('',#6983,1.);
#6983 = DIRECTION('',(0.,1.));
#6984 = ( GEOMETRIC_REPRESENTATION_CONTEXT(2) 
PARAMETRIC_REPRESENTATION_CONTEXT() REPRESENTATION_CONTEXT('2D SPACE',''
  ) );
#6985 = ORIENTED_EDGE('',*,*,#6986,.T.);
#6986 = EDGE_CURVE('',#6544,#4541,#6987,.T.);
#6987 = SURFACE_CURVE('',#6988,(#6991,#6998),.PCURVE_S1.);
#6988 = B_SPLINE_CURVE_WITH_KNOTS('',1,(#6989,#6990),.UNSPECIFIED.,.F.,
  .F.,(2,2),(0.,4.7625),.PIECEWISE_BEZIER_KNOTS.);
#6989 = CARTESIAN_POINT('',(14.2875,-1.06581410364E-14,2.38125));
#6990 = CARTESIAN_POINT('',(14.2875,-7.105427357601E-15,-2.38125));
#6991 = PCURVE('',#4976,#6992);
#6992 = DEFINITIONAL_REPRESENTATION('',(#6993),#6997);
#6993 = LINE('',#6994,#6995);
#6994 = CARTESIAN_POINT('',(0.,0.));
#6995 = VECTOR('',#6996,1.);
#6996 = DIRECTION('',(1.,0.));
#6997 = ( GEOMETRIC_REPRESENTATION_CONTEXT(2) 
PARAMETRIC_REPRESENTATION_CONTEXT() REPRESENTATION_CONTEXT('2D SPACE',''
  ) );
#6998 = PCURVE('',#5279,#6999);
#6999 = DEFINITIONAL_REPRESENTATION('',(#7000),#7003);
#7000 = B_SPLINE_CURVE_WITH_KNOTS('',1,(#7001,#7002),.UNSPECIFIED.,.F.,
  .F.,(2,2),(0.,4.7625),.PIECEWISE_BEZIER_KNOTS.);
#7001 = CARTESIAN_POINT('',(8.73125,-2.38125));
#7002 = CARTESIAN_POINT('',(8.73125,2.38125));
#7003 = ( GEOMETRIC_REPRESENTATION_CONTEXT(2) 
PARAMETRIC_REPRESENTATION_CONTEXT() REPRESENTATION_CONTEXT('2D SPACE',''
  ) );
#7004 = ORIENTED_EDGE('',*,*,#4540,.T.);
#7005 = ORIENTED_EDGE('',*,*,#7006,.T.);
#7006 = EDGE_CURVE('',#4543,#6546,#7007,.T.);
#7007 = SURFACE_CURVE('',#7008,(#7023,#7041),.PCURVE_S1.);
#7008 = B_SPLINE_CURVE_WITH_KNOTS('',4,(#7009,#7010,#7011,#7012,#7013,
    #7014,#7015,#7016,#7017,#7018,#7019,#7020,#7021,#7022),
  .UNSPECIFIED.,.F.,.F.,(5,3,3,3,5),(0.,0.25,0.5,0.75,1.),
  .UNSPECIFIED.);
#7009 = CARTESIAN_POINT('',(-13.72053790201,3.984914622885,
    170.81542530596));
#7010 = CARTESIAN_POINT('',(-13.72053774328,3.984914726765,
    171.11308150225));
#7011 = CARTESIAN_POINT('',(-13.72053758456,3.984914830645,
    171.41073769853));
#7012 = CARTESIAN_POINT('',(-13.72053742584,3.984914934526,
    171.70839389482));
#7013 = CARTESIAN_POINT('',(-13.72053710839,3.984915142287,
    172.3037062874));
#7014 = CARTESIAN_POINT('',(-13.72053694967,3.984915246167,
    172.60136248369));
#7015 = CARTESIAN_POINT('',(-13.72053679095,3.984915350048,
    172.89901867998));
#7016 = CARTESIAN_POINT('',(-13.7205364735,3.984915557809,
    173.49433107255));
#7017 = CARTESIAN_POINT('',(-13.72053631478,3.984915661689,
    173.79198726884));
#7018 = CARTESIAN_POINT('',(-13.72053615606,3.984915765569,
    174.08964346513));
#7019 = CARTESIAN_POINT('',(-13.72053583861,3.98491597333,174.6849558577
    ));
#7020 = CARTESIAN_POINT('',(-13.72053567989,3.984916077211,
    174.98261205399));
#7021 = CARTESIAN_POINT('',(-13.72053552116,3.984916181091,
    175.28026825028));
#7022 = CARTESIAN_POINT('',(-13.72053536244,3.984916284972,
    175.57792444657));
#7023 = PCURVE('',#4976,#7024);
#7024 = DEFINITIONAL_REPRESENTATION('',(#7025),#7040);
#7025 = B_SPLINE_CURVE_WITH_KNOTS('',4,(#7026,#7027,#7028,#7029,#7030,
    #7031,#7032,#7033,#7034,#7035,#7036,#7037,#7038,#7039),
  .UNSPECIFIED.,.F.,.F.,(5,3,3,3,5),(0.,0.25,0.5,0.75,1.),
  .UNSPECIFIED.);
#7026 = CARTESIAN_POINT('',(4.7625,176.55553075323));
#7027 = CARTESIAN_POINT('',(4.46484375,176.55553069847));
#7028 = CARTESIAN_POINT('',(4.1671875,176.55553064372));
#7029 = CARTESIAN_POINT('',(3.86953125,176.55553058897));
#7030 = CARTESIAN_POINT('',(3.27421875,176.55553047946));
#7031 = CARTESIAN_POINT('',(2.9765625,176.55553042471));
#7032 = CARTESIAN_POINT('',(2.67890625,176.55553036995));
#7033 = CARTESIAN_POINT('',(2.08359375,176.55553026044));
#7034 = CARTESIAN_POINT('',(1.7859375,176.55553020569));
#7035 = CARTESIAN_POINT('',(1.48828125,176.55553015094));
#7036 = CARTESIAN_POINT('',(0.89296875,176.55553004143));
#7037 = CARTESIAN_POINT('',(0.5953125,176.55552998668));
#7038 = CARTESIAN_POINT('',(0.29765625,176.55552993192));
#7039 = CARTESIAN_POINT('',(0.,176.55552987717));
#7040 = ( GEOMETRIC_REPRESENTATION_CONTEXT(2) 
PARAMETRIC_REPRESENTATION_CONTEXT() REPRESENTATION_CONTEXT('2D SPACE',''
  ) );
#7041 = PCURVE('',#6256,#7042);
#7042 = DEFINITIONAL_REPRESENTATION('',(#7043),#7058);
#7043 = B_SPLINE_CURVE_WITH_KNOTS('',4,(#7044,#7045,#7046,#7047,#7048,
    #7049,#7050,#7051,#7052,#7053,#7054,#7055,#7056,#7057),
  .UNSPECIFIED.,.F.,.F.,(5,3,3,3,5),(0.,0.25,0.5,0.75,1.),
  .UNSPECIFIED.);
#7044 = CARTESIAN_POINT('',(-2.150312903192,-18.41542530596));
#7045 = CARTESIAN_POINT('',(-2.150312863361,-18.71308150225));
#7046 = CARTESIAN_POINT('',(-2.15031282353,-19.01073769853));
#7047 = CARTESIAN_POINT('',(-2.1503127837,-19.30839389482));
#7048 = CARTESIAN_POINT('',(-2.150312704038,-19.9037062874));
#7049 = CARTESIAN_POINT('',(-2.150312664207,-20.20136248369));
#7050 = CARTESIAN_POINT('',(-2.150312624376,-20.49901867998));
#7051 = CARTESIAN_POINT('',(-2.150312544714,-21.09433107255));
#7052 = CARTESIAN_POINT('',(-2.150312504883,-21.39198726884));
#7053 = CARTESIAN_POINT('',(-2.150312465052,-21.68964346513));
#7054 = CARTESIAN_POINT('',(-2.150312385391,-22.2849558577));
#7055 = CARTESIAN_POINT('',(-2.15031234556,-22.58261205399));
#7056 = CARTESIAN_POINT('',(-2.150312305729,-22.88026825028));
#7057 = CARTESIAN_POINT('',(-2.150312265898,-23.17792444657));
#7058 = ( GEOMETRIC_REPRESENTATION_CONTEXT(2) 
PARAMETRIC_REPRESENTATION_CONTEXT() REPRESENTATION_CONTEXT('2D SPACE',''
  ) );
#7059 = ADVANCED_FACE('',(#7060,#7189),#6256,.T.);
#7060 = FACE_BOUND('',#7061,.F.);
#7061 = EDGE_LOOP('',(#7062,#7091,#7114,#7138,#7165,#7166,#7188));
#7062 = ORIENTED_EDGE('',*,*,#7063,.F.);
#7063 = EDGE_CURVE('',#7064,#7064,#7066,.T.);
#7064 = VERTEX_POINT('',#7065);
#7065 = CARTESIAN_POINT('',(-6.35,0.,152.4));
#7066 = SURFACE_CURVE('',#7067,(#7072,#7079),.PCURVE_S1.);
#7067 = CIRCLE('',#7068,4.7625);
#7068 = AXIS2_PLACEMENT_3D('',#7069,#7070,#7071);
#7069 = CARTESIAN_POINT('',(-11.1125,0.,152.4));
#7070 = DIRECTION('',(0.,0.,1.));
#7071 = DIRECTION('',(1.,0.,0.));
#7072 = PCURVE('',#6256,#7073);
#7073 = DEFINITIONAL_REPRESENTATION('',(#7074),#7078);
#7074 = LINE('',#7075,#7076);
#7075 = CARTESIAN_POINT('',(-0.,0.));
#7076 = VECTOR('',#7077,1.);
#7077 = DIRECTION('',(-1.,0.));
#7078 = ( GEOMETRIC_REPRESENTATION_CONTEXT(2) 
PARAMETRIC_REPRESENTATION_CONTEXT() REPRESENTATION_CONTEXT('2D SPACE',''
  ) );
#7079 = PCURVE('',#7080,#7085);
#7080 = PLANE('',#7081);
#7081 = AXIS2_PLACEMENT_3D('',#7082,#7083,#7084);
#7082 = CARTESIAN_POINT('',(-11.1125,6.669669316838E-16,152.4));
#7083 = DIRECTION('',(0.,0.,1.));
#7084 = DIRECTION('',(1.,0.,0.));
#7085 = DEFINITIONAL_REPRESENTATION('',(#7086),#7090);
#7086 = CIRCLE('',#7087,4.7625);
#7087 = AXIS2_PLACEMENT_2D('',#7088,#7089);
#7088 = CARTESIAN_POINT('',(0.,-6.669669316838E-16));
#7089 = DIRECTION('',(1.,0.));
#7090 = ( GEOMETRIC_REPRESENTATION_CONTEXT(2) 
PARAMETRIC_REPRESENTATION_CONTEXT() REPRESENTATION_CONTEXT('2D SPACE',''
  ) );
#7091 = ORIENTED_EDGE('',*,*,#7092,.T.);
#7092 = EDGE_CURVE('',#7064,#7093,#7095,.T.);
#7093 = VERTEX_POINT('',#7094);
#7094 = CARTESIAN_POINT('',(-6.35,0.,203.2));
#7095 = SEAM_CURVE('',#7096,(#7100,#7107),.PCURVE_S1.);
#7096 = LINE('',#7097,#7098);
#7097 = CARTESIAN_POINT('',(-6.35,0.,152.4));
#7098 = VECTOR('',#7099,1.);
#7099 = DIRECTION('',(0.,0.,1.));
#7100 = PCURVE('',#6256,#7101);
#7101 = DEFINITIONAL_REPRESENTATION('',(#7102),#7106);
#7102 = LINE('',#7103,#7104);
#7103 = CARTESIAN_POINT('',(-6.28318530718,0.));
#7104 = VECTOR('',#7105,1.);
#7105 = DIRECTION('',(-0.,-1.));
#7106 = ( GEOMETRIC_REPRESENTATION_CONTEXT(2) 
PARAMETRIC_REPRESENTATION_CONTEXT() REPRESENTATION_CONTEXT('2D SPACE',''
  ) );
#7107 = PCURVE('',#6256,#7108);
#7108 = DEFINITIONAL_REPRESENTATION('',(#7109),#7113);
#7109 = LINE('',#7110,#7111);
#7110 = CARTESIAN_POINT('',(-0.,0.));
#7111 = VECTOR('',#7112,1.);
#7112 = DIRECTION('',(-0.,-1.));
#7113 = ( GEOMETRIC_REPRESENTATION_CONTEXT(2) 
PARAMETRIC_REPRESENTATION_CONTEXT() REPRESENTATION_CONTEXT('2D SPACE',''
  ) );
#7114 = ORIENTED_EDGE('',*,*,#7115,.T.);
#7115 = EDGE_CURVE('',#7093,#7116,#7118,.T.);
#7116 = VERTEX_POINT('',#7117);
#7117 = CARTESIAN_POINT('',(-13.72053415076,3.984917077991,203.2));
#7118 = SURFACE_CURVE('',#7119,(#7124,#7131),.PCURVE_S1.);
#7119 = CIRCLE('',#7120,4.7625);
#7120 = AXIS2_PLACEMENT_3D('',#7121,#7122,#7123);
#7121 = CARTESIAN_POINT('',(-11.1125,0.,203.2));
#7122 = DIRECTION('',(0.,0.,1.));
#7123 = DIRECTION('',(1.,0.,0.));
#7124 = PCURVE('',#6256,#7125);
#7125 = DEFINITIONAL_REPRESENTATION('',(#7126),#7130);
#7126 = LINE('',#7127,#7128);
#7127 = CARTESIAN_POINT('',(-0.,-50.8));
#7128 = VECTOR('',#7129,1.);
#7129 = DIRECTION('',(-1.,0.));
#7130 = ( GEOMETRIC_REPRESENTATION_CONTEXT(2) 
PARAMETRIC_REPRESENTATION_CONTEXT() REPRESENTATION_CONTEXT('2D SPACE',''
  ) );
#7131 = PCURVE('',#6218,#7132);
#7132 = DEFINITIONAL_REPRESENTATION('',(#7133),#7137);
#7133 = CIRCLE('',#7134,4.7625);
#7134 = AXIS2_PLACEMENT_2D('',#7135,#7136);
#7135 = CARTESIAN_POINT('',(0.,-6.669669316838E-16));
#7136 = DIRECTION('',(1.,0.));
#7137 = ( GEOMETRIC_REPRESENTATION_CONTEXT(2) 
PARAMETRIC_REPRESENTATION_CONTEXT() REPRESENTATION_CONTEXT('2D SPACE',''
  ) );
#7138 = ORIENTED_EDGE('',*,*,#7139,.F.);
#7139 = EDGE_CURVE('',#6233,#7116,#7140,.T.);
#7140 = SURFACE_CURVE('',#7141,(#7147,#7156),.PCURVE_S1.);
#7141 = B_SPLINE_CURVE_WITH_KNOTS('',4,(#7142,#7143,#7144,#7145,#7146),
  .UNSPECIFIED.,.F.,.F.,(5,5),(0.,1.),.PIECEWISE_BEZIER_KNOTS.);
#7142 = CARTESIAN_POINT('',(-13.72053441537,3.984916904807,
    202.56542657967));
#7143 = CARTESIAN_POINT('',(-13.72053434922,3.984916948103,
    202.72407008475));
#7144 = CARTESIAN_POINT('',(-13.72053428306,3.984916991399,
    202.88271358983));
#7145 = CARTESIAN_POINT('',(-13.72053421691,3.984917034695,
    203.04135709492));
#7146 = CARTESIAN_POINT('',(-13.72053415076,3.984917077991,203.2000006)
  );
#7147 = PCURVE('',#6256,#7148);
#7148 = DEFINITIONAL_REPRESENTATION('',(#7149),#7155);
#7149 = B_SPLINE_CURVE_WITH_KNOTS('',4,(#7150,#7151,#7152,#7153,#7154),
  .UNSPECIFIED.,.F.,.F.,(5,5),(0.,1.),.PIECEWISE_BEZIER_KNOTS.);
#7150 = CARTESIAN_POINT('',(-2.150312028234,-50.16542657967));
#7151 = CARTESIAN_POINT('',(-2.150312011633,-50.32407008475));
#7152 = CARTESIAN_POINT('',(-2.150311995032,-50.48271358983));
#7153 = CARTESIAN_POINT('',(-2.150311978431,-50.64135709492));
#7154 = CARTESIAN_POINT('',(-2.15031196183,-50.8000006));
#7155 = ( GEOMETRIC_REPRESENTATION_CONTEXT(2) 
PARAMETRIC_REPRESENTATION_CONTEXT() REPRESENTATION_CONTEXT('2D SPACE',''
  ) );
#7156 = PCURVE('',#5910,#7157);
#7157 = DEFINITIONAL_REPRESENTATION('',(#7158),#7164);
#7158 = B_SPLINE_CURVE_WITH_KNOTS('',4,(#7159,#7160,#7161,#7162,#7163),
  .UNSPECIFIED.,.F.,.F.,(5,5),(0.,1.),.PIECEWISE_BEZIER_KNOTS.);
#7159 = CARTESIAN_POINT('',(4.7625,208.92126823004));
#7160 = CARTESIAN_POINT('',(4.603856474087,208.9212682088));
#7161 = CARTESIAN_POINT('',(4.445212948173,208.92126818757));
#7162 = CARTESIAN_POINT('',(4.28656942226,208.92126816633));
#7163 = CARTESIAN_POINT('',(4.127925896347,208.92126814509));
#7164 = ( GEOMETRIC_REPRESENTATION_CONTEXT(2) 
PARAMETRIC_REPRESENTATION_CONTEXT() REPRESENTATION_CONTEXT('2D SPACE',''
  ) );
#7165 = ORIENTED_EDGE('',*,*,#6232,.F.);
#7166 = ORIENTED_EDGE('',*,*,#7167,.T.);
#7167 = EDGE_CURVE('',#6199,#7093,#7168,.T.);
#7168 = SURFACE_CURVE('',#7169,(#7174,#7181),.PCURVE_S1.);
#7169 = CIRCLE('',#7170,4.7625);
#7170 = AXIS2_PLACEMENT_3D('',#7171,#7172,#7173);
#7171 = CARTESIAN_POINT('',(-11.1125,0.,203.2));
#7172 = DIRECTION('',(0.,0.,1.));
#7173 = DIRECTION('',(1.,0.,0.));
#7174 = PCURVE('',#6256,#7175);
#7175 = DEFINITIONAL_REPRESENTATION('',(#7176),#7180);
#7176 = LINE('',#7177,#7178);
#7177 = CARTESIAN_POINT('',(-0.,-50.8));
#7178 = VECTOR('',#7179,1.);
#7179 = DIRECTION('',(-1.,0.));
#7180 = ( GEOMETRIC_REPRESENTATION_CONTEXT(2) 
PARAMETRIC_REPRESENTATION_CONTEXT() REPRESENTATION_CONTEXT('2D SPACE',''
  ) );
#7181 = PCURVE('',#6218,#7182);
#7182 = DEFINITIONAL_REPRESENTATION('',(#7183),#7187);
#7183 = CIRCLE('',#7184,4.7625);
#7184 = AXIS2_PLACEMENT_2D('',#7185,#7186);
#7185 = CARTESIAN_POINT('',(0.,-6.669669316838E-16));
#7186 = DIRECTION('',(1.,0.));
#7187 = ( GEOMETRIC_REPRESENTATION_CONTEXT(2) 
PARAMETRIC_REPRESENTATION_CONTEXT() REPRESENTATION_CONTEXT('2D SPACE',''
  ) );
#7188 = ORIENTED_EDGE('',*,*,#7092,.F.);
#7189 = FACE_BOUND('',#7190,.F.);
#7190 = EDGE_LOOP('',(#7191,#7192,#7248,#7356));
#7191 = ORIENTED_EDGE('',*,*,#6432,.F.);
#7192 = ORIENTED_EDGE('',*,*,#7193,.T.);
#7193 = EDGE_CURVE('',#6273,#7194,#7196,.T.);
#7194 = VERTEX_POINT('',#7195);
#7195 = CARTESIAN_POINT('',(-13.72053252386,-3.984918142755,
    178.43456819789));
#7196 = SURFACE_CURVE('',#7197,(#7212,#7230),.PCURVE_S1.);
#7197 = B_SPLINE_CURVE_WITH_KNOTS('',4,(#7198,#7199,#7200,#7201,#7202,
    #7203,#7204,#7205,#7206,#7207,#7208,#7209,#7210,#7211),
  .UNSPECIFIED.,.F.,.F.,(5,3,3,3,5),(0.,0.25,0.5,0.75,1.),
  .UNSPECIFIED.);
#7198 = CARTESIAN_POINT('',(-13.7205343247,-3.98491696415,
    173.67206760929));
#7199 = CARTESIAN_POINT('',(-13.72053421215,-3.984917037813,
    173.96972389608));
#7200 = CARTESIAN_POINT('',(-13.72053409959,-3.984917111476,
    174.26738018286));
#7201 = CARTESIAN_POINT('',(-13.72053398704,-3.984917185138,
    174.56503646965));
#7202 = CARTESIAN_POINT('',(-13.72053376194,-3.984917332464,
    175.16034904323));
#7203 = CARTESIAN_POINT('',(-13.72053364938,-3.984917406127,
    175.45800533001));
#7204 = CARTESIAN_POINT('',(-13.72053353683,-3.98491747979,
    175.7556616168));
#7205 = CARTESIAN_POINT('',(-13.72053331173,-3.984917627115,
    176.35097419038));
#7206 = CARTESIAN_POINT('',(-13.72053319918,-3.984917700778,
    176.64863047716));
#7207 = CARTESIAN_POINT('',(-13.72053308662,-3.984917774441,
    176.94628676395));
#7208 = CARTESIAN_POINT('',(-13.72053286152,-3.984917921767,
    177.54159933753));
#7209 = CARTESIAN_POINT('',(-13.72053274897,-3.984917995429,
    177.83925562431));
#7210 = CARTESIAN_POINT('',(-13.72053263641,-3.984918069092,
    178.1369119111));
#7211 = CARTESIAN_POINT('',(-13.72053252386,-3.984918142755,
    178.43456819789));
#7212 = PCURVE('',#6256,#7213);
#7213 = DEFINITIONAL_REPRESENTATION('',(#7214),#7229);
#7214 = B_SPLINE_CURVE_WITH_KNOTS('',4,(#7215,#7216,#7217,#7218,#7219,
    #7220,#7221,#7222,#7223,#7224,#7225,#7226,#7227,#7228),
  .UNSPECIFIED.,.F.,.F.,(5,3,3,3,5),(0.,0.25,0.5,0.75,1.),
  .UNSPECIFIED.);
#7215 = CARTESIAN_POINT('',(-4.132873301699,-21.27206760929));
#7216 = CARTESIAN_POINT('',(-4.132873329944,-21.56972389608));
#7217 = CARTESIAN_POINT('',(-4.132873358189,-21.86738018286));
#7218 = CARTESIAN_POINT('',(-4.132873386433,-22.16503646965));
#7219 = CARTESIAN_POINT('',(-4.132873442922,-22.76034904323));
#7220 = CARTESIAN_POINT('',(-4.132873471167,-23.05800533001));
#7221 = CARTESIAN_POINT('',(-4.132873499412,-23.3556616168));
#7222 = CARTESIAN_POINT('',(-4.132873555901,-23.95097419038));
#7223 = CARTESIAN_POINT('',(-4.132873584145,-24.24863047716));
#7224 = CARTESIAN_POINT('',(-4.13287361239,-24.54628676395));
#7225 = CARTESIAN_POINT('',(-4.132873668879,-25.14159933753));
#7226 = CARTESIAN_POINT('',(-4.132873697124,-25.43925562431));
#7227 = CARTESIAN_POINT('',(-4.132873725368,-25.7369119111));
#7228 = CARTESIAN_POINT('',(-4.132873753613,-26.03456819789));
#7229 = ( GEOMETRIC_REPRESENTATION_CONTEXT(2) 
PARAMETRIC_REPRESENTATION_CONTEXT() REPRESENTATION_CONTEXT('2D SPACE',''
  ) );
#7230 = PCURVE('',#5910,#7231);
#7231 = DEFINITIONAL_REPRESENTATION('',(#7232),#7247);
#7232 = B_SPLINE_CURVE_WITH_KNOTS('',4,(#7233,#7234,#7235,#7236,#7237,
    #7238,#7239,#7240,#7241,#7242,#7243,#7244,#7245,#7246),
  .UNSPECIFIED.,.F.,.F.,(5,3,3,3,5),(0.,0.25,0.5,0.75,1.),
  .UNSPECIFIED.);
#7233 = CARTESIAN_POINT('',(4.7625,179.46757277489));
#7234 = CARTESIAN_POINT('',(4.46484375,179.46757281239));
#7235 = CARTESIAN_POINT('',(4.1671875,179.46757284989));
#7236 = CARTESIAN_POINT('',(3.86953125,179.46757288739));
#7237 = CARTESIAN_POINT('',(3.27421875,179.46757296239));
#7238 = CARTESIAN_POINT('',(2.9765625,179.46757299989));
#7239 = CARTESIAN_POINT('',(2.67890625,179.46757303739));
#7240 = CARTESIAN_POINT('',(2.08359375,179.4675731124));
#7241 = CARTESIAN_POINT('',(1.7859375,179.4675731499));
#7242 = CARTESIAN_POINT('',(1.48828125,179.4675731874));
#7243 = CARTESIAN_POINT('',(0.89296875,179.4675732624));
#7244 = CARTESIAN_POINT('',(0.5953125,179.4675732999));
#7245 = CARTESIAN_POINT('',(0.29765625,179.4675733374));
#7246 = CARTESIAN_POINT('',(0.,179.4675733749));
#7247 = ( GEOMETRIC_REPRESENTATION_CONTEXT(2) 
PARAMETRIC_REPRESENTATION_CONTEXT() REPRESENTATION_CONTEXT('2D SPACE',''
  ) );
#7248 = ORIENTED_EDGE('',*,*,#7249,.F.);
#7249 = EDGE_CURVE('',#6546,#7194,#7250,.T.);
#7250 = SURFACE_CURVE('',#7251,(#7284,#7320),.PCURVE_S1.);
#7251 = B_SPLINE_CURVE_WITH_KNOTS('',7,(#7252,#7253,#7254,#7255,#7256,
    #7257,#7258,#7259,#7260,#7261,#7262,#7263,#7264,#7265,#7266,#7267,
    #7268,#7269,#7270,#7271,#7272,#7273,#7274,#7275,#7276,#7277,#7278,
    #7279,#7280,#7281,#7282,#7283),.UNSPECIFIED.,.F.,.F.,(8,6,6,6,6,8),(
    0.,0.20039970598,0.366613316313,0.699322416784,0.799592842306,1.),
  .UNSPECIFIED.);
#7252 = CARTESIAN_POINT('',(-13.72053536244,3.984916284972,
    175.57792444657));
#7253 = CARTESIAN_POINT('',(-13.9316037396,3.846776923399,
    175.64566353783));
#7254 = CARTESIAN_POINT('',(-14.13627891854,3.694192259236,
    175.71586213018));
#7255 = CARTESIAN_POINT('',(-14.33336212423,3.527264945075,
    175.7884112426));
#7256 = CARTESIAN_POINT('',(-14.52156451668,3.346234624592,
    175.8631979913));
#7257 = CARTESIAN_POINT('',(-14.69953042284,3.151511818877,
    175.94010281061));
#7258 = CARTESIAN_POINT('',(-14.86587539243,2.943720119719,
    176.01899184811));
#7259 = CARTESIAN_POINT('',(-15.14644052052,2.541298428386,
    176.16664847904));
#7260 = CARTESIAN_POINT('',(-15.26471726719,2.350462682906,
    176.2348496536));
#7261 = CARTESIAN_POINT('',(-15.3732751682,2.151768703803,
    176.30420773407));
#7262 = CARTESIAN_POINT('',(-15.47135535638,1.945858084017,
    176.37461551512));
#7263 = CARTESIAN_POINT('',(-15.55825018104,1.733491367052,
    176.4459567489));
#7264 = CARTESIAN_POINT('',(-15.63333161032,1.515558491854,
    176.51810038965));
#7265 = CARTESIAN_POINT('',(-15.82171951791,0.847784963246,
    176.73659639698));
#7266 = CARTESIAN_POINT('',(-15.89828978743,0.38321420089,
    176.88525511014));
#7267 = CARTESIAN_POINT('',(-15.92083925102,-9.084143830994E-02,
    177.03510627247));
#7268 = CARTESIAN_POINT('',(-15.88814667101,-0.56458373892,
    177.18484722655));
#7269 = CARTESIAN_POINT('',(-15.80139970866,-1.028634095697,
    177.33328702041));
#7270 = CARTESIAN_POINT('',(-15.66409154311,-1.474170968091,
    177.47921040491));
#7271 = CARTESIAN_POINT('',(-15.42769790146,-2.01976096826,
    177.66395267818));
#7272 = CARTESIAN_POINT('',(-15.36889452841,-2.143794150881,
    177.70640023945));
#7273 = CARTESIAN_POINT('',(-15.30617904831,-2.265329640538,
    177.74848421287));
#7274 = CARTESIAN_POINT('',(-15.23970771432,-2.384204349976,
    177.79017892033));
#7275 = CARTESIAN_POINT('',(-15.16964410417,-2.500272836222,
    177.83146067736));
#7276 = CARTESIAN_POINT('',(-15.09615685737,-2.613406182756,
    177.87230736957));
#7277 = CARTESIAN_POINT('',(-14.86604084133,-2.943513500529,
    177.99342549431));
#7278 = CARTESIAN_POINT('',(-14.69967749948,-3.151350999615,
    178.0723287911));
#7279 = CARTESIAN_POINT('',(-14.52168841022,-3.346115596345,
    178.14924726293));
#7280 = CARTESIAN_POINT('',(-14.33345874272,-3.527183283317,
    178.22404699459));
#7281 = CARTESIAN_POINT('',(-14.13634488266,-3.694143279303,
    178.29660836729));
#7282 = CARTESIAN_POINT('',(-13.93163634429,-3.846755799171,
    178.36681844583));
#7283 = CARTESIAN_POINT('',(-13.72053252386,-3.984918142755,
    178.43456819789));
#7284 = PCURVE('',#6256,#7285);
#7285 = DEFINITIONAL_REPRESENTATION('',(#7286),#7319);
#7286 = B_SPLINE_CURVE_WITH_KNOTS('',7,(#7287,#7288,#7289,#7290,#7291,
    #7292,#7293,#7294,#7295,#7296,#7297,#7298,#7299,#7300,#7301,#7302,
    #7303,#7304,#7305,#7306,#7307,#7308,#7309,#7310,#7311,#7312,#7313,
    #7314,#7315,#7316,#7317,#7318),.UNSPECIFIED.,.F.,.F.,(8,6,6,6,6,8),(
    0.,0.20039970598,0.366613316313,0.699322416784,0.799592842306,1.),
  .UNSPECIFIED.);
#7287 = CARTESIAN_POINT('',(-2.150312265898,-23.17792444657));
#7288 = CARTESIAN_POINT('',(-2.203279094324,-23.24566353783));
#7289 = CARTESIAN_POINT('',(-2.256783670332,-23.31586213018));
#7290 = CARTESIAN_POINT('',(-2.310846433831,-23.3884112426));
#7291 = CARTESIAN_POINT('',(-2.365477958762,-23.4631979913));
#7292 = CARTESIAN_POINT('',(-2.420680905566,-23.54010281061));
#7293 = CARTESIAN_POINT('',(-2.476447685003,-23.61899184811));
#7294 = CARTESIAN_POINT('',(-2.579454741106,-23.76664847904));
#7295 = CARTESIAN_POINT('',(-2.626528583283,-23.8348496536));
#7296 = CARTESIAN_POINT('',(-2.673955295463,-23.90420773407));
#7297 = CARTESIAN_POINT('',(-2.721711320097,-23.97461551512));
#7298 = CARTESIAN_POINT('',(-2.769768419907,-24.0459567489));
#7299 = CARTESIAN_POINT('',(-2.818090038391,-24.11810038965));
#7300 = CARTESIAN_POINT('',(-2.963777855687,-24.33659639698));
#7301 = CARTESIAN_POINT('',(-3.062026338962,-24.48525511014));
#7302 = CARTESIAN_POINT('',(-3.16061007097,-24.63510627247));
#7303 = CARTESIAN_POINT('',(-3.259126493233,-24.78484722655));
#7304 = CARTESIAN_POINT('',(-3.357216437975,-24.93328702041));
#7305 = CARTESIAN_POINT('',(-3.454518795061,-25.07921040491));
#7306 = CARTESIAN_POINT('',(-3.579369408075,-25.26395267818));
#7307 = CARTESIAN_POINT('',(-3.608175234282,-25.30640023945));
#7308 = CARTESIAN_POINT('',(-3.636865925505,-25.34848421287));
#7309 = CARTESIAN_POINT('',(-3.665435123406,-25.39017892033));
#7310 = CARTESIAN_POINT('',(-3.693877623626,-25.43146067736));
#7311 = CARTESIAN_POINT('',(-3.722189127984,-25.47230736957));
#7312 = CARTESIAN_POINT('',(-3.806682165058,-25.59342549431));
#7313 = CARTESIAN_POINT('',(-3.862458797339,-25.6723287911));
#7314 = CARTESIAN_POINT('',(-3.917671406167,-25.74924726293));
#7315 = CARTESIAN_POINT('',(-3.972312393481,-25.82404699459));
#7316 = CARTESIAN_POINT('',(-4.026384417926,-25.89660836729));
#7317 = CARTESIAN_POINT('',(-4.079898055526,-25.96681844583));
#7318 = CARTESIAN_POINT('',(-4.132873753613,-26.03456819789));
#7319 = ( GEOMETRIC_REPRESENTATION_CONTEXT(2) 
PARAMETRIC_REPRESENTATION_CONTEXT() REPRESENTATION_CONTEXT('2D SPACE',''
  ) );
#7320 = PCURVE('',#6698,#7321);
#7321 = DEFINITIONAL_REPRESENTATION('',(#7322),#7355);
#7322 = B_SPLINE_CURVE_WITH_KNOTS('',7,(#7323,#7324,#7325,#7326,#7327,
    #7328,#7329,#7330,#7331,#7332,#7333,#7334,#7335,#7336,#7337,#7338,
    #7339,#7340,#7341,#7342,#7343,#7344,#7345,#7346,#7347,#7348,#7349,
    #7350,#7351,#7352,#7353,#7354),.UNSPECIFIED.,.F.,.F.,(8,6,6,6,6,8),(
    0.,0.20039970598,0.366613316313,0.699322416784,0.799592842306,1.),
  .UNSPECIFIED.);
#7323 = CARTESIAN_POINT('',(17.4625,176.55552987717));
#7324 = CARTESIAN_POINT('',(17.298335757487,176.62458244853));
#7325 = CARTESIAN_POINT('',(17.141344610278,176.69614223446));
#7326 = CARTESIAN_POINT('',(16.992112797924,176.77009814205));
#7327 = CARTESIAN_POINT('',(16.851272066152,176.84633509944));
#7328 = CARTESIAN_POINT('',(16.719485955232,176.92473122275));
#7329 = CARTESIAN_POINT('',(16.597432290809,177.00515006375));
#7330 = CARTESIAN_POINT('',(16.39317785744,177.15567006718));
#7331 = CARTESIAN_POINT('',(16.307726507655,177.22519382019));
#7332 = CARTESIAN_POINT('',(16.229823755917,177.29589692792));
#7333 = CARTESIAN_POINT('',(16.159844052814,177.36767010556));
#7334 = CARTESIAN_POINT('',(16.098136976951,177.44039485025));
#7335 = CARTESIAN_POINT('',(16.045014877903,177.51393757411));
#7336 = CARTESIAN_POINT('',(15.912089814589,177.73667090996));
#7337 = CARTESIAN_POINT('',(15.858644703751,177.88821262659));
#7338 = CARTESIAN_POINT('',(15.843062978815,178.04096995272));
#7339 = CARTESIAN_POINT('',(15.865778382072,178.19361496012));
#7340 = CARTESIAN_POINT('',(15.926221391606,178.34493359402));
#7341 = CARTESIAN_POINT('',(16.022792081819,178.49368703191));
#7342 = CARTESIAN_POINT('',(16.191208519314,178.682012233));
#7343 = CARTESIAN_POINT('',(16.23321622191,178.72528303179));
#7344 = CARTESIAN_POINT('',(16.278156431994,178.76818319235));
#7345 = CARTESIAN_POINT('',(16.325951753352,178.81068653846));
#7346 = CARTESIAN_POINT('',(16.376521322376,178.85276892621));
#7347 = CARTESIAN_POINT('',(16.429781819798,178.89440781227));
#7348 = CARTESIAN_POINT('',(16.597307319112,179.01787494326));
#7349 = CARTESIAN_POINT('',(16.719373538056,179.09830852089));
#7350 = CARTESIAN_POINT('',(16.851175992343,179.176718782));
#7351 = CARTESIAN_POINT('',(16.992036492423,179.25296921378));
#7352 = CARTESIAN_POINT('',(17.141291134526,179.3269378772));
#7353 = CARTESIAN_POINT('',(17.298307824918,179.39850964658));
#7354 = CARTESIAN_POINT('',(17.4625,179.4675733749));
#7355 = ( GEOMETRIC_REPRESENTATION_CONTEXT(2) 
PARAMETRIC_REPRESENTATION_CONTEXT() REPRESENTATION_CONTEXT('2D SPACE',''
  ) );
#7356 = ORIENTED_EDGE('',*,*,#7006,.F.);
#7357 = ADVANCED_FACE('',(#7358),#5910,.F.);
#7358 = FACE_BOUND('',#7359,.F.);
#7359 = EDGE_LOOP('',(#7360,#7520,#7521,#7522,#7523,#7601,#7602));
#7360 = ORIENTED_EDGE('',*,*,#7361,.F.);
#7361 = EDGE_CURVE('',#7194,#7362,#7364,.T.);
#7362 = VERTEX_POINT('',#7363);
#7363 = CARTESIAN_POINT('',(-11.5588337161,-8.397981623531,
    307.18125974898));
#7364 = SURFACE_CURVE('',#7365,(#7506,#7513),.PCURVE_S1.);
#7365 = B_SPLINE_CURVE_WITH_KNOTS('',9,(#7366,#7367,#7368,#7369,#7370,
    #7371,#7372,#7373,#7374,#7375,#7376,#7377,#7378,#7379,#7380,#7381,
    #7382,#7383,#7384,#7385,#7386,#7387,#7388,#7389,#7390,#7391,#7392,
    #7393,#7394,#7395,#7396,#7397,#7398,#7399,#7400,#7401,#7402,#7403,
    #7404,#7405,#7406,#7407,#7408,#7409,#7410,#7411,#7412,#7413,#7414,
    #7415,#7416,#7417,#7418,#7419,#7420,#7421,#7422,#7423,#7424,#7425,
    #7426,#7427,#7428,#7429,#7430,#7431,#7432,#7433,#7434,#7435,#7436,
    #7437,#7438,#7439,#7440,#7441,#7442,#7443,#7444,#7445,#7446,#7447,
    #7448,#7449,#7450,#7451,#7452,#7453,#7454,#7455,#7456,#7457,#7458,
    #7459,#7460,#7461,#7462,#7463,#7464,#7465,#7466,#7467,#7468,#7469,
    #7470,#7471,#7472,#7473,#7474,#7475,#7476,#7477,#7478,#7479,#7480,
    #7481,#7482,#7483,#7484,#7485,#7486,#7487,#7488,#7489,#7490,#7491,
    #7492,#7493,#7494,#7495,#7496,#7497,#7498,#7499,#7500,#7501,#7502,
    #7503,#7504,#7505),.UNSPECIFIED.,.F.,.F.,(10,9,9,8,9,8,9,8,9,9,9,9,9
    ,8,9,8,10),(0.,19.419442070708,38.838884141415,58.258326212123,
    77.67776828283,97.097210353538,116.51665242424,135.93609449495,
    155.35553656566,174.77497863636,194.19442070707,213.61386277778,
    233.03330484849,252.45274691919,271.8721889899,291.29163106061,
    310.71107313132),.UNSPECIFIED.);
#7366 = CARTESIAN_POINT('',(14.2875,-7.105427357601E-15,2.38125));
#7367 = CARTESIAN_POINT('',(14.287492745546,5.984740557249,
    4.497891435541));
#7368 = CARTESIAN_POINT('',(11.467216728804,11.96975611645,
    6.614661379644));
#7369 = CARTESIAN_POINT('',(5.827018818916,16.433649409797,8.73107319404
    ));
#7370 = CARTESIAN_POINT('',(-1.680007726215,17.868567450421,
    10.848163590977));
#7371 = CARTESIAN_POINT('',(-9.143720176983,15.443500946699,
    12.964335013561));
#7372 = CARTESIAN_POINT('',(-14.37364406092,9.870025221809,
    15.081411366698));
#7373 = CARTESIAN_POINT('',(-16.31279682964,2.943496912123,
    17.197844859683));
#7374 = CARTESIAN_POINT('',(-15.0765733014,-3.556229679309,
    19.31459389621));
#7375 = CARTESIAN_POINT('',(-11.55883030719,-8.397981792125,
    21.431250000179));
#7376 = CARTESIAN_POINT('',(-8.041082692643,-13.23973466816,
    23.547889751688));
#7377 = CARTESIAN_POINT('',(-2.24152506445,-16.42399566823,
    25.664668307439));
#7378 = CARTESIAN_POINT('',(4.945294544044,-16.7201406278,
    27.781056227507));
#7379 = CARTESIAN_POINT('',(11.862044045945,-13.46848520274,
    29.898193690596));
#7380 = CARTESIAN_POINT('',(16.474875006379,-7.119518762654,
    32.014293686895));
#7381 = CARTESIAN_POINT('',(17.429990810303,0.463606508091,
    34.131456510722));
#7382 = CARTESIAN_POINT('',(14.927462337416,7.207074794347,
    36.247805280753));
#7383 = CARTESIAN_POINT('',(10.106912776374,11.73884299395,
    38.364621596836));
#7384 = CARTESIAN_POINT('',(4.415075868638,13.588217075582,
    40.481234854513));
#7385 = CARTESIAN_POINT('',(-1.276705751379,15.437613592559,
    42.597992285096));
#7386 = CARTESIAN_POINT('',(-7.840481290765,14.604801469135,
    44.714361970677));
#7387 = CARTESIAN_POINT('',(-13.82845031872,10.620116845131,
    46.831605799965));
#7388 = CARTESIAN_POINT('',(-17.51343177095,3.923937165784,
    48.947536338995));
#7389 = CARTESIAN_POINT('',(-17.51301216303,-3.923949746794,
    51.06484115485));
#7390 = CARTESIAN_POINT('',(-13.82873468108,-10.62009299139,
    53.18113584771));
#7391 = CARTESIAN_POINT('',(-7.840352274247,-14.60482427324,
    55.297936156314));
#7392 = CARTESIAN_POINT('',(-1.276738660645,-15.43760342458,
    57.414582480329));
#7393 = CARTESIAN_POINT('',(10.106899928327,-11.73883501669,
    61.647911145051));
#7394 = CARTESIAN_POINT('',(14.927486083285,-7.207106750884,
    63.764567274323));
#7395 = CARTESIAN_POINT('',(17.429977572426,-0.463493420552,
    65.88133378909));
#7396 = CARTESIAN_POINT('',(16.474859479302,7.119300548765,
    67.997700248015));
#7397 = CARTESIAN_POINT('',(11.862087039025,13.468753733767,
    70.114892283082));
#7398 = CARTESIAN_POINT('',(4.945240096612,16.719929817908,
    72.230961908942));
#7399 = CARTESIAN_POINT('',(-2.241491409322,16.424099626772,
    74.348068025357));
#7400 = CARTESIAN_POINT('',(-8.041095637371,13.239710151947,
    76.464547739297));
#7401 = CARTESIAN_POINT('',(-11.55882891972,8.397976674485,
    78.581234854703));
#7402 = CARTESIAN_POINT('',(-15.07656677721,3.556265628286,
    80.697992284551));
#7403 = CARTESIAN_POINT('',(-16.3128335693,-2.943608968769,
    82.81436197149));
#7404 = CARTESIAN_POINT('',(-14.37355748388,-9.869841198815,
    84.931605799114));
#7405 = CARTESIAN_POINT('',(-9.143834057903,-15.44370013909,
    87.047536339663));
#7406 = CARTESIAN_POINT('',(-1.679920404918,-17.86843149461,
    89.164841154459));
#7407 = CARTESIAN_POINT('',(5.826994616028,-16.43369744667,
    91.281135847877));
#7408 = CARTESIAN_POINT('',(11.467211199778,-11.96975702077,
    93.397936156259));
#7409 = CARTESIAN_POINT('',(14.287499389407,-5.984732433428,
    95.514582480348));
#7410 = CARTESIAN_POINT('',(14.287499374652,5.984733522057,
    99.74791114501));
#7411 = CARTESIAN_POINT('',(11.467212722031,11.969764445138,
    101.86456727452));
#7412 = CARTESIAN_POINT('',(5.826967719447,16.433666405307,
    103.98133378861));
#7413 = CARTESIAN_POINT('',(-1.679845619474,17.868507320686,
    106.09770024878));
#7414 = CARTESIAN_POINT('',(-9.143959520896,15.443588971817,
    108.21489228213));
#7415 = CARTESIAN_POINT('',(-14.37343497437,9.869945277261,
    110.33096190985));
#7416 = CARTESIAN_POINT('',(-16.31290591237,2.943540890815,
    112.44806802465));
#7417 = CARTESIAN_POINT('',(-15.07654781935,-3.556240966515,
    114.56454773975));
#7418 = CARTESIAN_POINT('',(-11.55882501113,-8.397982054056,
    116.68123485441));
#7419 = CARTESIAN_POINT('',(-8.041124954739,-13.23972057196,
    118.79799231822));
#7420 = CARTESIAN_POINT('',(-2.24140429098,-16.42405181708,
    120.9143618346));
#7421 = CARTESIAN_POINT('',(4.945103213067,-16.72001427837,
    123.03160613314));
#7422 = CARTESIAN_POINT('',(11.862231609127,-13.46866857057,
    125.14753574792));
#7423 = CARTESIAN_POINT('',(16.47476415347,-7.119348507963,
    127.26484196638));
#7424 = CARTESIAN_POINT('',(17.43001551638,0.463509698544,
    129.38113496122));
#7425 = CARTESIAN_POINT('',(14.927478455125,7.207107343021,
    131.49793693351));
#7426 = CARTESIAN_POINT('',(10.106898965268,11.738835545134,
    133.61458193638));
#7427 = CARTESIAN_POINT('',(-1.276739842335,15.43760337432,
    137.84791228379));
#7428 = CARTESIAN_POINT('',(-7.840358099449,14.604830026792,
    139.96456112697));
#7429 = CARTESIAN_POINT('',(-13.82871547184,10.620052559051,
    142.08134986364));
#7430 = CARTESIAN_POINT('',(-17.51305752226,3.924053884929,
    144.19767096621));
#7431 = CARTESIAN_POINT('',(-17.51336988576,-3.924104168246,
    146.31493301331));
#7432 = CARTESIAN_POINT('',(-13.82850586724,-10.61995350814,
    148.43091710212));
#7433 = CARTESIAN_POINT('',(-7.840443810219,-14.60490421419,
    150.5481074651));
#7434 = CARTESIAN_POINT('',(-1.276719903536,-15.43757888896,
    152.66452007406));
#7435 = CARTESIAN_POINT('',(4.415080307241,-13.58821997625,
    154.78124999904));
#7436 = CARTESIAN_POINT('',(10.10690462494,-11.73882674244,
    156.89789084157));
#7437 = CARTESIAN_POINT('',(14.927479176,-7.207112295734,159.01466383379
    ));
#7438 = CARTESIAN_POINT('',(17.429977751023,-0.463549325388,
    161.13106716553));
#7439 = CARTESIAN_POINT('',(16.474865590592,7.1194769442,163.24817431113
    ));
#7440 = CARTESIAN_POINT('',(11.862078634066,13.468493908093,
    165.36432027317));
#7441 = CARTESIAN_POINT('',(4.94525004074,16.720158825405,
    167.48142747718));
#7442 = CARTESIAN_POINT('',(-2.241498233057,16.423977519319,
    169.59783073775));
#7443 = CARTESIAN_POINT('',(-8.041093682104,13.239741213015,
    171.71460377492));
#7444 = CARTESIAN_POINT('',(-11.55882981259,8.397979967924,
    173.83124460145));
#7445 = CARTESIAN_POINT('',(-15.07656774395,3.556224175483,
    175.94790070071));
#7446 = CARTESIAN_POINT('',(-16.31281736822,-2.943480537034,
    178.06464976556));
#7447 = CARTESIAN_POINT('',(-14.37361712913,-9.870059182392,
    180.18108320616));
#7448 = CARTESIAN_POINT('',(-9.143721368321,-15.44346580135,
    182.2981596016));
#7449 = CARTESIAN_POINT('',(-1.680042062829,-17.86859175804,
    184.41433103456));
#7450 = CARTESIAN_POINT('',(5.827071974058,-16.43363969738,
    186.53142136784));
#7451 = CARTESIAN_POINT('',(11.467181723883,-11.96975650282,
    188.64783325609));
#7452 = CARTESIAN_POINT('',(14.287506120098,-5.984739561985,
    190.76460315335));
#7453 = CARTESIAN_POINT('',(14.287498528992,1.183991449555E-06,
    192.88124460632));
#7454 = CARTESIAN_POINT('',(14.287495650917,5.984738376687,
    194.99790072218));
#7455 = CARTESIAN_POINT('',(11.467212000882,11.969759269249,
    197.11464968928));
#7456 = CARTESIAN_POINT('',(5.827025364356,16.433645747344,
    199.23108331165));
#7457 = CARTESIAN_POINT('',(-1.680015561757,17.868570898594,
    201.34815955564));
#7458 = CARTESIAN_POINT('',(-9.143712028114,15.443498316608,
    203.46433096579));
#7459 = CARTESIAN_POINT('',(-14.37365139106,9.870026835546,
    205.58142149952));
#7460 = CARTESIAN_POINT('',(-16.31279119552,2.943496124953,
    207.6978331528));
#7461 = CARTESIAN_POINT('',(-15.07657692638,-3.556229376951,
    209.81460319648));
#7462 = CARTESIAN_POINT('',(-11.55882841825,-8.397981885575,
    211.93124459827));
#7463 = CARTESIAN_POINT('',(-8.041086146608,-13.2397344975,
    214.04789962901));
#7464 = CARTESIAN_POINT('',(-2.241520130733,-16.42399591139,
    216.16465419997));
#7465 = CARTESIAN_POINT('',(4.94528891766,-16.72014035159,
    218.28107231098));
#7466 = CARTESIAN_POINT('',(11.862049196783,-13.46848545433,
    220.39817897435));
#7467 = CARTESIAN_POINT('',(16.474871253486,-7.119518580354,
    222.51430440067));
#7468 = CARTESIAN_POINT('',(17.42999292715,0.463606405806,
    224.63145047349));
#7469 = CARTESIAN_POINT('',(14.927461472308,7.207074835938,
    226.74780774523));
#7470 = CARTESIAN_POINT('',(10.106912986866,11.738842983918,
    228.86462099821));
#7471 = CARTESIAN_POINT('',(4.415075868563,13.588217075524,
    230.98123485423));
#7472 = CARTESIAN_POINT('',(-1.276705751212,15.437613592668,
    233.09799228579));
#7473 = CARTESIAN_POINT('',(-7.840481291027,14.604801469075,
    235.21436196971));
#7474 = CARTESIAN_POINT('',(-13.82845031841,10.620116845072,
    237.3316058009));
#7475 = CARTESIAN_POINT('',(-17.51343177122,3.923937165919,
    239.4475363383));
#7476 = CARTESIAN_POINT('',(-17.51301216287,-3.923949746911,
    241.56484115521));
#7477 = CARTESIAN_POINT('',(-13.82873468114,-10.62009299133,
    243.68113584759));
#7478 = CARTESIAN_POINT('',(-7.840352274234,-14.60482427325,
    245.79793615631));
#7479 = CARTESIAN_POINT('',(-1.276738660646,-15.43760342457,
    247.91458248034));
#7480 = CARTESIAN_POINT('',(10.106899928329,-11.7388350167,
    252.14791114502));
#7481 = CARTESIAN_POINT('',(14.927486083259,-7.207106750831,
    254.26456727448));
#7482 = CARTESIAN_POINT('',(17.429977572523,-0.463493420698,
    256.38133378861));
#7483 = CARTESIAN_POINT('',(16.474859479097,7.11930054906,
    258.49770024896));
#7484 = CARTESIAN_POINT('',(11.862087039311,13.468753733304,
    260.61489228163));
#7485 = CARTESIAN_POINT('',(4.945240096347,16.719929818479,
    262.73096191065));
#7486 = CARTESIAN_POINT('',(-2.241491409152,16.424099626233,
    264.84806802378));
#7487 = CARTESIAN_POINT('',(-8.041095637457,13.239710152318,
    266.96454774035));
#7488 = CARTESIAN_POINT('',(-11.55882891967,8.397976674342,
    269.08123485428));
#7489 = CARTESIAN_POINT('',(-15.07656679629,3.556265629533,
    271.19799234001));
#7490 = CARTESIAN_POINT('',(-16.31283349117,-2.94360897307,
    273.31436174633));
#7491 = CARTESIAN_POINT('',(-14.37355767509,-9.869841188878,
    275.43160634822));
#7492 = CARTESIAN_POINT('',(-9.143833718551,-15.44370015627,
    277.54753536705));
#7493 = CARTESIAN_POINT('',(-1.679920871099,-17.86843147133,
    279.66484248899));
#7494 = CARTESIAN_POINT('',(5.826995125464,-16.43369747195,
    281.78113439045));
#7495 = CARTESIAN_POINT('',(11.467210753064,-11.96975699866,
    283.89793743387));
#7496 = CARTESIAN_POINT('',(14.287499702069,-5.984732448892,
    286.0145815862));
#7497 = CARTESIAN_POINT('',(14.287498720091,5.98473355443,
    290.24791301692));
#7498 = CARTESIAN_POINT('',(11.467216255571,11.969764270364,
    292.36455716926));
#7499 = CARTESIAN_POINT('',(5.826958479704,16.433666862352,
    294.48136021257));
#7500 = CARTESIAN_POINT('',(-1.679828788166,17.868506488086,
    296.59765211431));
#7501 = CARTESIAN_POINT('',(-9.143982932791,15.443590129931,
    298.71495923587));
#7502 = CARTESIAN_POINT('',(-14.37340921925,9.869944003309,
    300.83088825496));
#7503 = CARTESIAN_POINT('',(-16.31292858248,2.943542012074,
    302.94813285689));
#7504 = CARTESIAN_POINT('',(-15.0765319173,-3.556241752978,
    305.06450226293));
#7505 = CARTESIAN_POINT('',(-11.5588337161,-8.397981623531,
    307.18125974898));
#7506 = PCURVE('',#5910,#7507);
#7507 = DEFINITIONAL_REPRESENTATION('',(#7508),#7512);
#7508 = LINE('',#7509,#7510);
#7509 = CARTESIAN_POINT('',(0.,0.));
#7510 = VECTOR('',#7511,1.);
#7511 = DIRECTION('',(0.,1.));
#7512 = ( GEOMETRIC_REPRESENTATION_CONTEXT(2) 
PARAMETRIC_REPRESENTATION_CONTEXT() REPRESENTATION_CONTEXT('2D SPACE',''
  ) );
#7513 = PCURVE('',#6698,#7514);
#7514 = DEFINITIONAL_REPRESENTATION('',(#7515),#7519);
#7515 = LINE('',#7516,#7517);
#7516 = CARTESIAN_POINT('',(17.4625,0.));
#7517 = VECTOR('',#7518,1.);
#7518 = DIRECTION('',(0.,1.));
#7519 = ( GEOMETRIC_REPRESENTATION_CONTEXT(2) 
PARAMETRIC_REPRESENTATION_CONTEXT() REPRESENTATION_CONTEXT('2D SPACE',''
  ) );
#7520 = ORIENTED_EDGE('',*,*,#7193,.F.);
#7521 = ORIENTED_EDGE('',*,*,#6272,.T.);
#7522 = ORIENTED_EDGE('',*,*,#7139,.T.);
#7523 = ORIENTED_EDGE('',*,*,#7524,.F.);
#7524 = EDGE_CURVE('',#5758,#7116,#7525,.T.);
#7525 = SURFACE_CURVE('',#7526,(#7549,#7575),.PCURVE_S1.);
#7526 = B_SPLINE_CURVE_WITH_KNOTS('',6,(#7527,#7528,#7529,#7530,#7531,
    #7532,#7533,#7534,#7535,#7536,#7537,#7538,#7539,#7540,#7541,#7542,
    #7543,#7544,#7545,#7546,#7547,#7548),.UNSPECIFIED.,.F.,.F.,(7,5,5,5,
    7),(0.,0.500226527796,0.74776138438,0.871528813546,1.),
  .UNSPECIFIED.);
#7527 = CARTESIAN_POINT('',(-14.11159693464,2.235042629189,203.2));
#7528 = CARTESIAN_POINT('',(-14.0775421613,2.45005760196,203.2));
#7529 = CARTESIAN_POINT('',(-14.03955606274,2.664449965562,203.2));
#7530 = CARTESIAN_POINT('',(-13.99765288401,2.878129788801,203.2));
#7531 = CARTESIAN_POINT('',(-13.95184958488,3.091007698473,203.2));
#7532 = CARTESIAN_POINT('',(-13.90216583982,3.302994879362,203.2));
#7533 = CARTESIAN_POINT('',(-13.82212911721,3.618419534301,203.2));
#7534 = CARTESIAN_POINT('',(-13.79468946381,3.722596277481,203.2));
#7535 = CARTESIAN_POINT('',(-13.76630778922,3.82652261656,203.2));
#7536 = CARTESIAN_POINT('',(-13.73698696497,3.930187908806,203.2));
#7537 = CARTESIAN_POINT('',(-13.70673002271,4.033581555978,203.2));
#7538 = CARTESIAN_POINT('',(-13.65994521984,4.188248728863,203.2));
#7539 = CARTESIAN_POINT('',(-13.64411705383,4.239733903977,203.2));
#7540 = CARTESIAN_POINT('',(-13.62805605508,4.291147210665,203.2));
#7541 = CARTESIAN_POINT('',(-13.61176263242,4.342487333045,203.2));
#7542 = CARTESIAN_POINT('',(-13.59523720456,4.393752958352,203.2));
#7543 = CARTESIAN_POINT('',(-13.56108634902,4.498078054713,203.2));
#7544 = CARTESIAN_POINT('',(-13.54344296457,4.551131710276,203.2));
#7545 = CARTESIAN_POINT('',(-13.52555063817,4.604101968936,203.2));
#7546 = CARTESIAN_POINT('',(-13.50740959662,4.656988099962,203.2));
#7547 = CARTESIAN_POINT('',(-13.48902067715,4.709787721836,203.2));
#7548 = CARTESIAN_POINT('',(-13.47038416807,4.7625,203.2));
#7549 = PCURVE('',#5910,#7550);
#7550 = DEFINITIONAL_REPRESENTATION('',(#7551),#7574);
#7551 = B_SPLINE_CURVE_WITH_KNOTS('',6,(#7552,#7553,#7554,#7555,#7556,
    #7557,#7558,#7559,#7560,#7561,#7562,#7563,#7564,#7565,#7566,#7567,
    #7568,#7569,#7570,#7571,#7572,#7573),.UNSPECIFIED.,.F.,.F.,(7,5,5,5,
    7),(0.,0.500226527796,0.74776138438,0.871528813546,1.),
  .UNSPECIFIED.);
#7552 = CARTESIAN_POINT('',(4.7625,209.56814846223));
#7553 = CARTESIAN_POINT('',(4.685506225326,209.48966147411));
#7554 = CARTESIAN_POINT('',(4.608512461615,209.41117449859));
#7555 = CARTESIAN_POINT('',(4.531518708027,209.33268753558));
#7556 = CARTESIAN_POINT('',(4.454524963735,209.25420058489));
#7557 = CARTESIAN_POINT('',(4.377531227923,209.1757136462));
#7558 = CARTESIAN_POINT('',(4.262437498307,209.05838781479));
#7559 = CARTESIAN_POINT('',(4.224337497732,209.01954891234));
#7560 = CARTESIAN_POINT('',(4.186237497813,208.98071001151));
#7561 = CARTESIAN_POINT('',(4.148137498309,208.94187111212));
#7562 = CARTESIAN_POINT('',(4.11003749899,208.90303221396));
#7563 = CARTESIAN_POINT('',(4.052887499822,208.84477386812));
#7564 = CARTESIAN_POINT('',(4.03383749997,208.82535441964));
#7565 = CARTESIAN_POINT('',(4.014787500049,208.80593497136));
#7566 = CARTESIAN_POINT('',(3.995737500025,208.78651552324));
#7567 = CARTESIAN_POINT('',(3.976687499868,208.76709607527));
#7568 = CARTESIAN_POINT('',(3.93786350764,208.72751914717));
#7569 = CARTESIAN_POINT('',(3.918089598381,208.70736175148));
#7570 = CARTESIAN_POINT('',(3.898315314018,208.68720397372));
#7571 = CARTESIAN_POINT('',(3.87854173175,208.66704691196));
#7572 = CARTESIAN_POINT('',(3.858767487291,208.64688917548));
#7573 = CARTESIAN_POINT('',(3.838993494228,208.62673169557));
#7574 = ( GEOMETRIC_REPRESENTATION_CONTEXT(2) 
PARAMETRIC_REPRESENTATION_CONTEXT() REPRESENTATION_CONTEXT('2D SPACE',''
  ) );
#7575 = PCURVE('',#6218,#7576);
#7576 = DEFINITIONAL_REPRESENTATION('',(#7577),#7600);
#7577 = B_SPLINE_CURVE_WITH_KNOTS('',6,(#7578,#7579,#7580,#7581,#7582,
    #7583,#7584,#7585,#7586,#7587,#7588,#7589,#7590,#7591,#7592,#7593,
    #7594,#7595,#7596,#7597,#7598,#7599),.UNSPECIFIED.,.F.,.F.,(7,5,5,5,
    7),(0.,0.500226527796,0.74776138438,0.871528813546,1.),
  .UNSPECIFIED.);
#7578 = CARTESIAN_POINT('',(-2.99909693464,2.235042629189));
#7579 = CARTESIAN_POINT('',(-2.965042161304,2.45005760196));
#7580 = CARTESIAN_POINT('',(-2.92705606274,2.664449965562));
#7581 = CARTESIAN_POINT('',(-2.88515288401,2.878129788801));
#7582 = CARTESIAN_POINT('',(-2.839349584882,3.091007698473));
#7583 = CARTESIAN_POINT('',(-2.789665839824,3.302994879362));
#7584 = CARTESIAN_POINT('',(-2.709629117211,3.618419534301));
#7585 = CARTESIAN_POINT('',(-2.682189463816,3.722596277481));
#7586 = CARTESIAN_POINT('',(-2.653807789229,3.82652261656));
#7587 = CARTESIAN_POINT('',(-2.624486964978,3.930187908806));
#7588 = CARTESIAN_POINT('',(-2.594230022714,4.033581555978));
#7589 = CARTESIAN_POINT('',(-2.547445219843,4.188248728863));
#7590 = CARTESIAN_POINT('',(-2.531617053833,4.239733903977));
#7591 = CARTESIAN_POINT('',(-2.515556055087,4.291147210665));
#7592 = CARTESIAN_POINT('',(-2.499262632424,4.342487333045));
#7593 = CARTESIAN_POINT('',(-2.482737204569,4.393752958352));
#7594 = CARTESIAN_POINT('',(-2.448586349022,4.498078054713));
#7595 = CARTESIAN_POINT('',(-2.430942964573,4.551131710276));
#7596 = CARTESIAN_POINT('',(-2.413050638172,4.604101968936));
#7597 = CARTESIAN_POINT('',(-2.394909596621,4.656988099962));
#7598 = CARTESIAN_POINT('',(-2.376520677151,4.709787721836));
#7599 = CARTESIAN_POINT('',(-2.357884168077,4.7625));
#7600 = ( GEOMETRIC_REPRESENTATION_CONTEXT(2) 
PARAMETRIC_REPRESENTATION_CONTEXT() REPRESENTATION_CONTEXT('2D SPACE',''
  ) );
#7601 = ORIENTED_EDGE('',*,*,#5757,.T.);
#7602 = ORIENTED_EDGE('',*,*,#7603,.F.);
#7603 = EDGE_CURVE('',#7362,#5732,#7604,.T.);
#7604 = SURFACE_CURVE('',#7605,(#7608,#7615),.PCURVE_S1.);
#7605 = B_SPLINE_CURVE_WITH_KNOTS('',1,(#7606,#7607),.UNSPECIFIED.,.F.,
  .F.,(2,2),(0.,4.7625),.PIECEWISE_BEZIER_KNOTS.);
#7606 = CARTESIAN_POINT('',(-11.5588337161,-8.397981623531,
    307.18125974898));
#7607 = CARTESIAN_POINT('',(-11.55882941405,-8.397978497914,
    302.41875974898));
#7608 = PCURVE('',#5910,#7609);
#7609 = DEFINITIONAL_REPRESENTATION('',(#7610),#7614);
#7610 = LINE('',#7611,#7612);
#7611 = CARTESIAN_POINT('',(0.,310.71107313132));
#7612 = VECTOR('',#7613,1.);
#7613 = DIRECTION('',(1.,0.));
#7614 = ( GEOMETRIC_REPRESENTATION_CONTEXT(2) 
PARAMETRIC_REPRESENTATION_CONTEXT() REPRESENTATION_CONTEXT('2D SPACE',''
  ) );
#7615 = PCURVE('',#5746,#7616);
#7616 = DEFINITIONAL_REPRESENTATION('',(#7617),#7620);
#7617 = B_SPLINE_CURVE_WITH_KNOTS('',1,(#7618,#7619),.UNSPECIFIED.,.F.,
  .F.,(2,2),(0.,4.7625),.PIECEWISE_BEZIER_KNOTS.);
#7618 = CARTESIAN_POINT('',(8.73124734118,-2.381259748984));
#7619 = CARTESIAN_POINT('',(8.731252658809,2.381240251013));
#7620 = ( GEOMETRIC_REPRESENTATION_CONTEXT(2) 
PARAMETRIC_REPRESENTATION_CONTEXT() REPRESENTATION_CONTEXT('2D SPACE',''
  ) );
#7621 = ADVANCED_FACE('',(#7622),#6218,.T.);
#7622 = FACE_BOUND('',#7623,.T.);
#7623 = EDGE_LOOP('',(#7624,#7625,#7626,#7627));
#7624 = ORIENTED_EDGE('',*,*,#7167,.T.);
#7625 = ORIENTED_EDGE('',*,*,#7115,.T.);
#7626 = ORIENTED_EDGE('',*,*,#7524,.F.);
#7627 = ORIENTED_EDGE('',*,*,#6198,.F.);
#7628 = ADVANCED_FACE('',(#7629),#5746,.F.);
#7629 = FACE_BOUND('',#7630,.F.);
#7630 = EDGE_LOOP('',(#7631,#7632,#7653,#7672));
#7631 = ORIENTED_EDGE('',*,*,#5731,.T.);
#7632 = ORIENTED_EDGE('',*,*,#7633,.T.);
#7633 = EDGE_CURVE('',#5291,#7634,#7636,.T.);
#7634 = VERTEX_POINT('',#7635);
#7635 = CARTESIAN_POINT('',(-25.68629046448,-18.6621850545,
    307.18124025101));
#7636 = SURFACE_CURVE('',#7637,(#7640,#7646),.PCURVE_S1.);
#7637 = B_SPLINE_CURVE_WITH_KNOTS('',1,(#7638,#7639),.UNSPECIFIED.,.F.,
  .F.,(2,2),(0.,4.7625),.PIECEWISE_BEZIER_KNOTS.);
#7638 = CARTESIAN_POINT('',(-25.68628616242,-18.66218192888,
    302.41874025101));
#7639 = CARTESIAN_POINT('',(-25.68629046448,-18.6621850545,
    307.18124025101));
#7640 = PCURVE('',#5746,#7641);
#7641 = DEFINITIONAL_REPRESENTATION('',(#7642),#7645);
#7642 = B_SPLINE_CURVE_WITH_KNOTS('',1,(#7643,#7644),.UNSPECIFIED.,.F.,
  .F.,(2,2),(0.,4.7625),.PIECEWISE_BEZIER_KNOTS.);
#7643 = CARTESIAN_POINT('',(-8.73124734118,2.381259748984));
#7644 = CARTESIAN_POINT('',(-8.731252658809,-2.381240251013));
#7645 = ( GEOMETRIC_REPRESENTATION_CONTEXT(2) 
PARAMETRIC_REPRESENTATION_CONTEXT() REPRESENTATION_CONTEXT('2D SPACE',''
  ) );
#7646 = PCURVE('',#5443,#7647);
#7647 = DEFINITIONAL_REPRESENTATION('',(#7648),#7652);
#7648 = LINE('',#7649,#7650);
#7649 = CARTESIAN_POINT('',(0.,310.71107313132));
#7650 = VECTOR('',#7651,1.);
#7651 = DIRECTION('',(1.,0.));
#7652 = ( GEOMETRIC_REPRESENTATION_CONTEXT(2) 
PARAMETRIC_REPRESENTATION_CONTEXT() REPRESENTATION_CONTEXT('2D SPACE',''
  ) );
#7653 = ORIENTED_EDGE('',*,*,#7654,.T.);
#7654 = EDGE_CURVE('',#7634,#7362,#7655,.T.);
#7655 = SURFACE_CURVE('',#7656,(#7659,#7665),.PCURVE_S1.);
#7656 = B_SPLINE_CURVE_WITH_KNOTS('',1,(#7657,#7658),.UNSPECIFIED.,.F.,
  .F.,(2,2),(0.,17.4625),.PIECEWISE_BEZIER_KNOTS.);
#7657 = CARTESIAN_POINT('',(-25.68629046448,-18.6621850545,
    307.18124025101));
#7658 = CARTESIAN_POINT('',(-11.5588337161,-8.397981623531,
    307.18125974898));
#7659 = PCURVE('',#5746,#7660);
#7660 = DEFINITIONAL_REPRESENTATION('',(#7661),#7664);
#7661 = B_SPLINE_CURVE_WITH_KNOTS('',1,(#7662,#7663),.UNSPECIFIED.,.F.,
  .F.,(2,2),(0.,17.4625),.PIECEWISE_BEZIER_KNOTS.);
#7662 = CARTESIAN_POINT('',(-8.731252658809,-2.381240251013));
#7663 = CARTESIAN_POINT('',(8.73124734118,-2.381259748984));
#7664 = ( GEOMETRIC_REPRESENTATION_CONTEXT(2) 
PARAMETRIC_REPRESENTATION_CONTEXT() REPRESENTATION_CONTEXT('2D SPACE',''
  ) );
#7665 = PCURVE('',#6698,#7666);
#7666 = DEFINITIONAL_REPRESENTATION('',(#7667),#7671);
#7667 = LINE('',#7668,#7669);
#7668 = CARTESIAN_POINT('',(0.,310.71107313132));
#7669 = VECTOR('',#7670,1.);
#7670 = DIRECTION('',(1.,0.));
#7671 = ( GEOMETRIC_REPRESENTATION_CONTEXT(2) 
PARAMETRIC_REPRESENTATION_CONTEXT() REPRESENTATION_CONTEXT('2D SPACE',''
  ) );
#7672 = ORIENTED_EDGE('',*,*,#7603,.T.);
#7673 = ADVANCED_FACE('',(#7674),#5443,.F.);
#7674 = FACE_BOUND('',#7675,.F.);
#7675 = EDGE_LOOP('',(#7676,#7677,#7698,#7856));
#7676 = ORIENTED_EDGE('',*,*,#5290,.F.);
#7677 = ORIENTED_EDGE('',*,*,#7678,.T.);
#7678 = EDGE_CURVE('',#5265,#7679,#7681,.T.);
#7679 = VERTEX_POINT('',#7680);
#7680 = CARTESIAN_POINT('',(31.75,-1.7763568394E-14,2.38125));
#7681 = SURFACE_CURVE('',#7682,(#7685,#7692),.PCURVE_S1.);
#7682 = B_SPLINE_CURVE_WITH_KNOTS('',1,(#7683,#7684),.UNSPECIFIED.,.F.,
  .F.,(2,2),(0.,4.7625),.PIECEWISE_BEZIER_KNOTS.);
#7683 = CARTESIAN_POINT('',(31.75,-1.06581410364E-14,-2.38125));
#7684 = CARTESIAN_POINT('',(31.75,-1.7763568394E-14,2.38125));
#7685 = PCURVE('',#5443,#7686);
#7686 = DEFINITIONAL_REPRESENTATION('',(#7687),#7691);
#7687 = LINE('',#7688,#7689);
#7688 = CARTESIAN_POINT('',(0.,0.));
#7689 = VECTOR('',#7690,1.);
#7690 = DIRECTION('',(1.,0.));
#7691 = ( GEOMETRIC_REPRESENTATION_CONTEXT(2) 
PARAMETRIC_REPRESENTATION_CONTEXT() REPRESENTATION_CONTEXT('2D SPACE',''
  ) );
#7692 = PCURVE('',#5279,#7693);
#7693 = DEFINITIONAL_REPRESENTATION('',(#7694),#7697);
#7694 = B_SPLINE_CURVE_WITH_KNOTS('',1,(#7695,#7696),.UNSPECIFIED.,.F.,
  .F.,(2,2),(0.,4.7625),.PIECEWISE_BEZIER_KNOTS.);
#7695 = CARTESIAN_POINT('',(-8.73125,2.38125));
#7696 = CARTESIAN_POINT('',(-8.73125,-2.38125));
#7697 = ( GEOMETRIC_REPRESENTATION_CONTEXT(2) 
PARAMETRIC_REPRESENTATION_CONTEXT() REPRESENTATION_CONTEXT('2D SPACE',''
  ) );
#7698 = ORIENTED_EDGE('',*,*,#7699,.T.);
#7699 = EDGE_CURVE('',#7679,#7634,#7700,.T.);
#7700 = SURFACE_CURVE('',#7701,(#7842,#7849),.PCURVE_S1.);
#7701 = B_SPLINE_CURVE_WITH_KNOTS('',9,(#7702,#7703,#7704,#7705,#7706,
    #7707,#7708,#7709,#7710,#7711,#7712,#7713,#7714,#7715,#7716,#7717,
    #7718,#7719,#7720,#7721,#7722,#7723,#7724,#7725,#7726,#7727,#7728,
    #7729,#7730,#7731,#7732,#7733,#7734,#7735,#7736,#7737,#7738,#7739,
    #7740,#7741,#7742,#7743,#7744,#7745,#7746,#7747,#7748,#7749,#7750,
    #7751,#7752,#7753,#7754,#7755,#7756,#7757,#7758,#7759,#7760,#7761,
    #7762,#7763,#7764,#7765,#7766,#7767,#7768,#7769,#7770,#7771,#7772,
    #7773,#7774,#7775,#7776,#7777,#7778,#7779,#7780,#7781,#7782,#7783,
    #7784,#7785,#7786,#7787,#7788,#7789,#7790,#7791,#7792,#7793,#7794,
    #7795,#7796,#7797,#7798,#7799,#7800,#7801,#7802,#7803,#7804,#7805,
    #7806,#7807,#7808,#7809,#7810,#7811,#7812,#7813,#7814,#7815,#7816,
    #7817,#7818,#7819,#7820,#7821,#7822,#7823,#7824,#7825,#7826,#7827,
    #7828,#7829,#7830,#7831,#7832,#7833,#7834,#7835,#7836,#7837,#7838,
    #7839,#7840,#7841),.UNSPECIFIED.,.F.,.F.,(10,9,9,8,9,8,9,8,9,9,9,9,9
    ,8,9,8,10),(0.,19.419442070708,38.838884141415,58.258326212123,
    77.67776828283,97.097210353538,116.51665242424,135.93609449495,
    155.35553656566,174.77497863636,194.19442070707,213.61386277778,
    233.03330484849,252.45274691919,271.8721889899,291.29163106061,
    310.71107313132),.UNSPECIFIED.);
#7702 = CARTESIAN_POINT('',(31.75,-1.7763568394E-14,2.38125));
#7703 = CARTESIAN_POINT('',(31.749992900301,13.299401539229,
    4.497941897793));
#7704 = CARTESIAN_POINT('',(25.482688279142,26.599517701009,
    6.614505287022));
#7705 = CARTESIAN_POINT('',(12.948948098264,36.51912890114,
    8.731426805945));
#7706 = CARTESIAN_POINT('',(-3.733329385895,39.708002370486,
    10.847669742404));
#7707 = CARTESIAN_POINT('',(-20.31943946237,34.318878711745,
    12.96483165303));
#7708 = CARTESIAN_POINT('',(-31.94135702548,21.933365223675,
    15.081088633375));
#7709 = CARTESIAN_POINT('',(-36.25070547409,6.541131788773,
    17.197988473605));
#7710 = CARTESIAN_POINT('',(-33.50348567876,-7.902738426143,
    19.314572770473));
#7711 = CARTESIAN_POINT('',(-25.68628957142,-18.66218176034,
    21.431249999817));
#7712 = CARTESIAN_POINT('',(-17.86909152893,-29.42161999774,
    23.547943581628));
#7713 = CARTESIAN_POINT('',(-4.981124519916,-36.49780795651,
    25.66449835931));
#7714 = CARTESIAN_POINT('',(10.989488436194,-37.15580217426,
    27.781443772309));
#7715 = CARTESIAN_POINT('',(26.360101362737,-29.93004292973,
    29.897639642997));
#7716 = CARTESIAN_POINT('',(36.610907768441,-15.8211027752,
    32.01487297952));
#7717 = CARTESIAN_POINT('',(38.733203648117,1.030208158814,
    34.131043489454));
#7718 = CARTESIAN_POINT('',(33.172222513023,16.015730332655,
    36.248028052486));
#7719 = CARTESIAN_POINT('',(22.459772736516,26.086313535313,
    38.364545069871));
#7720 = CARTESIAN_POINT('',(9.811291457047,30.196039436521,
    40.481265145472));
#7721 = CARTESIAN_POINT('',(-2.837220775973,34.305817703974,
    42.597841048277));
#7722 = CARTESIAN_POINT('',(-17.42298022204,32.455060690176,
    44.714804695861));
#7723 = CARTESIAN_POINT('',(-30.73043539821,23.600429934916,
    46.830894200294));
#7724 = CARTESIAN_POINT('',(-38.91811345455,8.719584636647,
    48.948296994013));
#7725 = CARTESIAN_POINT('',(-38.91827706898,-8.719629871831,
    51.064325512069));
#7726 = CARTESIAN_POINT('',(-30.73031166664,-23.60032953317,
    53.181364152176));
#7727 = CARTESIAN_POINT('',(-17.42304932519,-32.45513859401,
    55.29789717704));
#7728 = CARTESIAN_POINT('',(-2.837199996681,-34.30578685944,
    57.414584186341));
#7729 = CARTESIAN_POINT('',(22.459777791718,-26.08630079835,
    61.647922188278));
#7730 = CARTESIAN_POINT('',(33.172199086417,-16.01575262581,
    63.764599392386));
#7731 = CARTESIAN_POINT('',(38.733238329661,-1.030220988699,
    65.881166210762));
#7732 = CARTESIAN_POINT('',(36.610901925609,15.821192851098,
    67.998133085611));
#7733 = CARTESIAN_POINT('',(26.360046527788,29.929892206161,
    70.114274383216));
#7734 = CARTESIAN_POINT('',(10.989580654479,37.155934208199,
    72.231538091365));
#7735 = CARTESIAN_POINT('',(-4.981186684075,36.497737672274,
    74.347765307802));
#7736 = CARTESIAN_POINT('',(-17.8690740937,29.421640822192,
    76.464618927445));
#7737 = CARTESIAN_POINT('',(-25.68628427548,18.662182022194,
    78.581265145262));
#7738 = CARTESIAN_POINT('',(-33.50352091058,7.902723369285,
    80.697841048792));
#7739 = CARTESIAN_POINT('',(-36.25059393769,-6.541073566611,
    82.814804695181));
#7740 = CARTESIAN_POINT('',(-31.94156945927,-21.93344690985,
    84.930894200919));
#7741 = CARTESIAN_POINT('',(-20.31917623476,-34.31882556597,
    87.048296993578));
#7742 = CARTESIAN_POINT('',(-3.733548196699,-39.70799482468,
    89.164325512308));
#7743 = CARTESIAN_POINT('',(12.949058641759,-36.51916605686,
    91.281364152067));
#7744 = CARTESIAN_POINT('',(25.482652711787,-26.59949397481,
    93.397897177088));
#7745 = CARTESIAN_POINT('',(31.749999123893,-13.29940868985,
    95.514584186318));
#7746 = CARTESIAN_POINT('',(31.749999387836,13.299407756303,
    99.747922188323));
#7747 = CARTESIAN_POINT('',(25.482659156612,26.599496361815,
    101.86459939215));
#7748 = CARTESIAN_POINT('',(12.949027275672,36.519142917367,
    103.98116621134));
#7749 = CARTESIAN_POINT('',(-3.733457682416,39.708054305741,
    106.09813308461));
#7750 = CARTESIAN_POINT('',(-20.31931666475,34.318739351995,
    108.21427438447));
#7751 = CARTESIAN_POINT('',(-31.94142616476,21.933527404659,
    110.33153809016));
#7752 = CARTESIAN_POINT('',(-36.25068258057,6.54103114245,
    112.44776530868));
#7753 = CARTESIAN_POINT('',(-33.50349079283,-7.902712340682,
    114.56461892692));
#7754 = CARTESIAN_POINT('',(-25.68628818394,-18.66217664253,
    116.68126514555));
#7755 = CARTESIAN_POINT('',(-17.86909388,-29.4216660644,118.79784101517)
  );
#7756 = CARTESIAN_POINT('',(-4.981118983476,-36.49766645127,
    120.91480483188));
#7757 = CARTESIAN_POINT('',(10.989459915782,-37.15604567929,
    123.03089386718));
#7758 = CARTESIAN_POINT('',(26.360171745037,-29.92978517738,
    125.148297585));
#7759 = CARTESIAN_POINT('',(36.610817622507,-15.82126071023,
    127.2643247006));
#7760 = CARTESIAN_POINT('',(38.733269769816,1.030243838974,
    129.38136503862));
#7761 = CARTESIAN_POINT('',(33.172195052344,16.015747085168,
    131.49789639985));
#7762 = CARTESIAN_POINT('',(22.459778438623,26.086300363032,
    133.61458473027));
#7763 = CARTESIAN_POINT('',(-2.837198693533,34.305786603862,
    137.84792104954));
#7764 = CARTESIAN_POINT('',(-17.4230514054,32.455146638571,
    139.9646055397));
#7765 = CARTESIAN_POINT('',(-30.73029464135,23.600289472569,
    142.08115013628));
#7766 = CARTESIAN_POINT('',(-38.91831424999,8.719739945871,
    144.1981623673));
#7767 = CARTESIAN_POINT('',(-38.9180629187,-8.719752637362,
    146.31423365311));
#7768 = CARTESIAN_POINT('',(-30.73048080422,-23.60026019635,
    148.43158289805));
#7769 = CARTESIAN_POINT('',(-17.42295570811,-32.45516565928,
    150.54772586816));
#7770 = CARTESIAN_POINT('',(-2.837230065488,-34.3057803529,
    152.66464659259));
#7771 = CARTESIAN_POINT('',(9.811289571123,-30.19604439218,
    154.78125000096));
#7772 = CARTESIAN_POINT('',(22.459770085525,-26.08629654032,
    156.89794249183));
#7773 = CARTESIAN_POINT('',(33.172227512267,-16.01577376821,
    159.0145028326));
#7774 = CARTESIAN_POINT('',(38.733202657335,-1.030149918524,
    161.13143283475));
#7775 = CARTESIAN_POINT('',(36.6108884109,15.821054604784,
    163.24765902233));
#7776 = CARTESIAN_POINT('',(26.360146287676,29.930052309797,
    165.36484639278));
#7777 = CARTESIAN_POINT('',(10.989442137415,37.155818058601,
    167.4810725237));
#7778 = CARTESIAN_POINT('',(-4.981093099002,36.49779079093,
    169.59800259498));
#7779 = CARTESIAN_POINT('',(-17.86910077649,29.421627726663,
    171.71456289194));
#7780 = CARTESIAN_POINT('',(-25.68628768368,18.662181853627,
    173.83125539853));
#7781 = CARTESIAN_POINT('',(-33.50347952958,7.902735424535,
    175.94793263239));
#7782 = CARTESIAN_POINT('',(-36.2507265086,-6.541112718049,
    178.06451690182));
#7783 = CARTESIAN_POINT('',(-31.94133171676,-21.93339677723,
    180.18141679289));
#7784 = CARTESIAN_POINT('',(-20.31944322891,-34.31884208597,
    182.29767373197));
#7785 = CARTESIAN_POINT('',(-3.733366678211,-39.70802636065,
    184.41483563306));
#7786 = CARTESIAN_POINT('',(12.94899852702,-36.51912018479,
    186.53107863063));
#7787 = CARTESIAN_POINT('',(25.482651287738,-26.59951997319,
    188.64800007833));
#7788 = CARTESIAN_POINT('',(31.750005283059,-13.29940291929,
    190.7645635129));
#7789 = CARTESIAN_POINT('',(31.749998528988,-1.184090779883E-06,
    192.88125539372));
#7790 = CARTESIAN_POINT('',(31.749995651989,13.299403911986,
    194.99793261165));
#7791 = CARTESIAN_POINT('',(25.482684186783,26.599513754973,
    197.11451697557));
#7792 = CARTESIAN_POINT('',(12.948953078322,36.519134513685,
    199.23141669113));
#7793 = CARTESIAN_POINT('',(-3.733334432259,39.707995453349,
    201.34767377574));
#7794 = CARTESIAN_POINT('',(-20.31943514991,34.31888610791,
    203.46483570059));
#7795 = CARTESIAN_POINT('',(-31.94136016838,21.933358410635,
    205.58107850215));
#7796 = CARTESIAN_POINT('',(-36.25070350167,6.541137122655,
    207.69800017919));
#7797 = CARTESIAN_POINT('',(-33.50348674845,-7.902741902171,
    209.81456347058));
#7798 = CARTESIAN_POINT('',(-25.68628907653,-18.66217993504,
    211.93125540177));
#7799 = CARTESIAN_POINT('',(-17.86909243362,-29.4216233353,
    214.04793370403));
#7800 = CARTESIAN_POINT('',(-4.981123228242,-36.49780318913,
    216.16451246752));
#7801 = CARTESIAN_POINT('',(10.989486964246,-37.15580761089,
    218.2814276875));
#7802 = CARTESIAN_POINT('',(26.36010270902,-29.93003795262,
    220.39765436076));
#7803 = CARTESIAN_POINT('',(36.610906788533,-15.82110640159,
    222.51486226459));
#7804 = CARTESIAN_POINT('',(38.733204200311,1.030210204396,
    224.63104952722));
#7805 = CARTESIAN_POINT('',(33.172222287554,16.015729496607,
    226.74802558788));
#7806 = CARTESIAN_POINT('',(22.459772791296,26.08631373877,
    228.86454566847));
#7807 = CARTESIAN_POINT('',(9.811291457084,30.196039436426,
    230.98126514576));
#7808 = CARTESIAN_POINT('',(-2.837220776026,34.305817704207,
    233.09784104762));
#7809 = CARTESIAN_POINT('',(-17.42298022209,32.455060689818,
    235.21480469667));
#7810 = CARTESIAN_POINT('',(-30.73043539799,23.600429935317,
    237.33089419959));
#7811 = CARTESIAN_POINT('',(-38.91811345486,8.71958463632,
    239.44829699447));
#7812 = CARTESIAN_POINT('',(-38.91827706874,-8.719629871644,
    241.56432551182));
#7813 = CARTESIAN_POINT('',(-30.73031166675,-23.60032953323,
    243.68136415226));
#7814 = CARTESIAN_POINT('',(-17.42304932516,-32.45513859399,
    245.79789717703));
#7815 = CARTESIAN_POINT('',(-2.837199996686,-34.30578685944,
    247.91458418633));
#7816 = CARTESIAN_POINT('',(22.459777791728,-26.08630079835,
    252.1479221883));
#7817 = CARTESIAN_POINT('',(33.172199086359,-16.01575262584,
    254.26459939223));
#7818 = CARTESIAN_POINT('',(38.733238329824,-1.030220988568,
    256.38116621117));
#7819 = CARTESIAN_POINT('',(36.610901925287,15.821192850802,
    258.49813308479));
#7820 = CARTESIAN_POINT('',(26.36004652828,29.929892206561,
    260.61427438446));
#7821 = CARTESIAN_POINT('',(10.989580653897,37.155934207863,
    262.73153808983));
#7822 = CARTESIAN_POINT('',(-4.981186683535,36.497737672433,
    264.84776530928));
#7823 = CARTESIAN_POINT('',(-17.86907409406,29.421640822171,
    266.96461892639));
#7824 = CARTESIAN_POINT('',(-25.68628427533,18.662182022197,
    269.08126514572));
#7825 = CARTESIAN_POINT('',(-33.50352091592,7.902723350977,
    271.19784099339));
#7826 = CARTESIAN_POINT('',(-36.25059391671,-6.541073491348,
    273.31480492007));
#7827 = CARTESIAN_POINT('',(-31.94156950988,-21.93344709431,
    275.43089365222));
#7828 = CARTESIAN_POINT('',(-20.31917614546,-34.31882523835,
    277.54829796579));
#7829 = CARTESIAN_POINT('',(-3.733548319033,-39.70799527496,
    279.66432417798));
#7830 = CARTESIAN_POINT('',(12.949058775286,-36.51916556466,
    281.78136560943));
#7831 = CARTESIAN_POINT('',(25.482652594746,-26.59949440647,
    283.89789589946));
#7832 = CARTESIAN_POINT('',(31.749999205805,-13.29940838772,
    286.01458508047));
#7833 = CARTESIAN_POINT('',(31.749999216353,13.299407123774,
    290.2479203164));
#7834 = CARTESIAN_POINT('',(25.482660082351,26.599499776433,
    292.36460949743));
#7835 = CARTESIAN_POINT('',(12.949024854952,36.519133988571,
    294.48113978732));
#7836 = CARTESIAN_POINT('',(-3.733453272741,39.70807057063,
    296.59818121921));
#7837 = CARTESIAN_POINT('',(-20.3193227985,34.318716728002,
    298.71420743054));
#7838 = CARTESIAN_POINT('',(-31.94141941716,21.933552292961,
    300.83161174522));
#7839 = CARTESIAN_POINT('',(-36.25068851985,6.541009235388,
    302.94770047636));
#7840 = CARTESIAN_POINT('',(-33.50348662675,-7.902696973898,
    305.06466440374));
#7841 = CARTESIAN_POINT('',(-25.68629046448,-18.6621850545,
    307.18124025101));
#7842 = PCURVE('',#5443,#7843);
#7843 = DEFINITIONAL_REPRESENTATION('',(#7844),#7848);
#7844 = LINE('',#7845,#7846);
#7845 = CARTESIAN_POINT('',(4.7625,0.));
#7846 = VECTOR('',#7847,1.);
#7847 = DIRECTION('',(0.,1.));
#7848 = ( GEOMETRIC_REPRESENTATION_CONTEXT(2) 
PARAMETRIC_REPRESENTATION_CONTEXT() REPRESENTATION_CONTEXT('2D SPACE',''
  ) );
#7849 = PCURVE('',#6698,#7850);
#7850 = DEFINITIONAL_REPRESENTATION('',(#7851),#7855);
#7851 = LINE('',#7852,#7853);
#7852 = CARTESIAN_POINT('',(0.,0.));
#7853 = VECTOR('',#7854,1.);
#7854 = DIRECTION('',(0.,1.));
#7855 = ( GEOMETRIC_REPRESENTATION_CONTEXT(2) 
PARAMETRIC_REPRESENTATION_CONTEXT() REPRESENTATION_CONTEXT('2D SPACE',''
  ) );
#7856 = ORIENTED_EDGE('',*,*,#7633,.F.);
#7857 = ADVANCED_FACE('',(#7858),#5279,.T.);
#7858 = FACE_BOUND('',#7859,.T.);
#7859 = EDGE_LOOP('',(#7860,#7861,#7862,#7881));
#7860 = ORIENTED_EDGE('',*,*,#5264,.T.);
#7861 = ORIENTED_EDGE('',*,*,#7678,.T.);
#7862 = ORIENTED_EDGE('',*,*,#7863,.T.);
#7863 = EDGE_CURVE('',#7679,#6544,#7864,.T.);
#7864 = SURFACE_CURVE('',#7865,(#7868,#7874),.PCURVE_S1.);
#7865 = B_SPLINE_CURVE_WITH_KNOTS('',1,(#7866,#7867),.UNSPECIFIED.,.F.,
  .F.,(2,2),(0.,17.4625),.PIECEWISE_BEZIER_KNOTS.);
#7866 = CARTESIAN_POINT('',(31.75,-1.7763568394E-14,2.38125));
#7867 = CARTESIAN_POINT('',(14.2875,-7.105427357601E-15,2.38125));
#7868 = PCURVE('',#5279,#7869);
#7869 = DEFINITIONAL_REPRESENTATION('',(#7870),#7873);
#7870 = B_SPLINE_CURVE_WITH_KNOTS('',1,(#7871,#7872),.UNSPECIFIED.,.F.,
  .F.,(2,2),(0.,17.4625),.PIECEWISE_BEZIER_KNOTS.);
#7871 = CARTESIAN_POINT('',(-8.73125,-2.38125));
#7872 = CARTESIAN_POINT('',(8.73125,-2.38125));
#7873 = ( GEOMETRIC_REPRESENTATION_CONTEXT(2) 
PARAMETRIC_REPRESENTATION_CONTEXT() REPRESENTATION_CONTEXT('2D SPACE',''
  ) );
#7874 = PCURVE('',#6698,#7875);
#7875 = DEFINITIONAL_REPRESENTATION('',(#7876),#7880);
#7876 = LINE('',#7877,#7878);
#7877 = CARTESIAN_POINT('',(0.,0.));
#7878 = VECTOR('',#7879,1.);
#7879 = DIRECTION('',(1.,0.));
#7880 = ( GEOMETRIC_REPRESENTATION_CONTEXT(2) 
PARAMETRIC_REPRESENTATION_CONTEXT() REPRESENTATION_CONTEXT('2D SPACE',''
  ) );
#7881 = ORIENTED_EDGE('',*,*,#6986,.T.);
#7882 = ADVANCED_FACE('',(#7883),#6698,.F.);
#7883 = FACE_BOUND('',#7884,.F.);
#7884 = EDGE_LOOP('',(#7885,#7886,#7887,#7888,#7889,#7890));
#7885 = ORIENTED_EDGE('',*,*,#7699,.F.);
#7886 = ORIENTED_EDGE('',*,*,#7863,.T.);
#7887 = ORIENTED_EDGE('',*,*,#6543,.T.);
#7888 = ORIENTED_EDGE('',*,*,#7249,.T.);
#7889 = ORIENTED_EDGE('',*,*,#7361,.T.);
#7890 = ORIENTED_EDGE('',*,*,#7654,.F.);
#7891 = ADVANCED_FACE('',(#7892),#7080,.F.);
#7892 = FACE_BOUND('',#7893,.F.);
#7893 = EDGE_LOOP('',(#7894));
#7894 = ORIENTED_EDGE('',*,*,#7063,.T.);
#7895 = ( GEOMETRIC_REPRESENTATION_CONTEXT(3) 
GLOBAL_UNCERTAINTY_ASSIGNED_CONTEXT((#7899)) 
GLOBAL_UNIT_ASSIGNED_CONTEXT((#7896,#7897,#7898)) REPRESENTATION_CONTEXT
('Context #1','3D Context with UNIT and UNCERTAINTY') );
#7896 = ( LENGTH_UNIT() NAMED_UNIT(*) SI_UNIT(.MILLI.,.METRE.) );
#7897 = ( NAMED_UNIT(*) PLANE_ANGLE_UNIT() SI_UNIT($,.RADIAN.) );
#7898 = ( NAMED_UNIT(*) SI_UNIT($,.STERADIAN.) SOLID_ANGLE_UNIT() );
#7899 = UNCERTAINTY_MEASURE_WITH_UNIT(LENGTH_MEASURE(1.E-05),#7896,
  'distance_accuracy_value','confusion accuracy');
#7900 = CONTEXT_DEPENDENT_SHAPE_REPRESENTATION(#7901,#7903);
#7901 = ( REPRESENTATION_RELATIONSHIP('','',#4533,#10) 
REPRESENTATION_RELATIONSHIP_WITH_TRANSFORMATION(#7902) 
SHAPE_REPRESENTATION_RELATIONSHIP() );
#7902 = ITEM_DEFINED_TRANSFORMATION('','',#11,#27);
#7903 = PRODUCT_DEFINITION_SHAPE('Placement','Placement of an item',
  #7904);
#7904 = NEXT_ASSEMBLY_USAGE_OCCURRENCE('4','','',#5,#4528,$);
#7905 = PRODUCT_RELATED_PRODUCT_CATEGORY('part',$,(#4530));
ENDSEC;
END-ISO-10303-21;
